Country Code,Year,GDP,YoY Growth %
ABW,1960,,
ABW,1961,,
ABW,1962,,
ABW,1963,,
ABW,1964,,
ABW,1965,,
ABW,1966,,
ABW,1967,,
ABW,1968,,
ABW,1969,,
ABW,1970,,
ABW,1971,,
ABW,1972,,
ABW,1973,,
ABW,1974,,
ABW,1975,,
ABW,1976,,
ABW,1977,,
ABW,1978,,
ABW,1979,,
ABW,1980,,
ABW,1981,,
ABW,1982,,
ABW,1983,,
ABW,1984,,
ABW,1985,,
ABW,1986,405586592.178771,
ABW,1987,487709497.206704,20.24793388429753
ABW,1988,596648044.692737,22.33676975945005
ABW,1989,695530726.256983,16.573033707865225
ABW,1990,764804469.273743,9.959839357429745
ABW,1991,872067039.106145,14.024835646457245
ABW,1992,958659217.877095,9.929532351057047
ABW,1993,1083240223.46369,12.995337995338296
ABW,1994,1245810055.86592,15.007735946363642
ABW,1995,1320670391.06145,6.008968609865417
ABW,1996,1379888268.15642,4.4839255499152575
ABW,1997,1531843575.41899,11.012145748987901
ABW,1998,1665363128.49162,8.716265499635622
ABW,1999,1722905027.93296,3.455216370345471
ABW,2000,1873452513.96648,8.738002594033745
ABW,2001,1896456983.24022,1.227918460822619
ABW,2002,1961843575.41899,3.4478289123675454
ABW,2003,2044111731.84358,4.193410598855718
ABW,2004,2254830726.25698,10.308584953101029
ABW,2005,2360017318.43575,4.664944066705168
ABW,2006,2469782681.56425,4.651040578009558
ABW,2007,2677641340.78212,8.416070805315634
ABW,2008,2843024581.00559,6.176452301679891
ABW,2009,2553793296.08939,-10.173365606775652
ABW,2010,2453597206.70391,-3.923422053731196
ABW,2011,2637859217.87709,7.509872063341327
ABW,2012,2615208379.88827,-0.8586825951632515
ABW,2013,2727849720.67039,4.307165029309545
ABW,2014,2790849720.67039,2.3095113899646025
ABW,2015,2962907262.56983,6.165059358986547
ABW,2016,2983635195.53073,0.6995808887694244
ABW,2017,3092429050.27933,3.646352439854761
ABW,2018,3276184357.5419,5.942102608497102
ABW,2019,3395798882.68156,3.651031568608243
ABW,2020,2558906303.88098,-24.644939459421433
ABW,2021,3103184101.51354,21.269938520495167
ABW,2022,3544707788.05664,14.228085479290531
AFE,1960,18478095142.1781,
AFE,1961,19366314294.0882,4.80687616919262
AFE,1962,20506467177.8699,5.887299289208303
AFE,1963,22242734491.041,8.46692557089912
AFE,1964,24294329779.9037,9.223664876677141
AFE,1965,26619560806.5041,9.571085301245198
AFE,1966,28732792825.1557,7.938643443490867
AFE,1967,31592963095.0751,9.954376128084942
AFE,1968,34216506003.7724,8.304200213199596
AFE,1969,38498685902.3199,12.51495374213658
AFE,1970,41938907715.5921,8.93594607878525
AFE,1971,45920167032.339,9.492997156115091
AFE,1972,49440744172.3381,7.666734176989709
AFE,1973,64933825429.4262,31.336666784551404
AFE,1974,79888146173.0089,23.03009355245196
AFE,1975,84955085378.7871,6.342541977135174
AFE,1976,85050300129.2175,0.11207657552914085
AFE,1977,94566922081.6133,11.189404314784458
AFE,1978,105623414443.521,11.691712195481752
AFE,1979,125656371097.882,18.966397516975775
AFE,1980,166475050971.984,32.484369489156784
AFE,1981,173673510912.351,4.32404729617919
AFE,1982,164114068718.601,-5.504260346630774
AFE,1983,175108664048.273,6.6993618618547135
AFE,1984,162752141155.352,-7.056488586718157
AFE,1985,135795509169.566,-16.562996833359655
AFE,1986,153368683414.31,12.940909719481674
AFE,1987,186594742538.673,21.664174448577732
AFE,1988,205635932770.809,10.204569524883356
AFE,1989,218577418670.295,6.293397134006695
AFE,1990,254673510115.591,16.514099061506336
AFE,1991,275622021261.09,8.22563412111097
AFE,1992,240210577721.912,-12.847828115168502
AFE,1993,238353057845.691,-0.7732881265417824
AFE,1994,241158029890.41,1.1768139540860867
AFE,1995,270813961389.262,12.297302110291985
AFE,1996,268992901985.369,-0.6724392621972108
AFE,1997,284065411886.655,5.603311384813359
AFE,1998,267286689939.3,-5.906640247370176
AFE,1999,263674195227.713,-1.3515430612752732
AFE,2000,285403765401.254,8.241068169289377
AFE,2001,260218617002.669,-8.824392475402975
AFE,2002,267142068310.105,2.6606287387058725
AFE,2003,354907412306.554,32.85343433613341
AFE,2004,441359590323.394,24.35907930324268
AFE,2005,514927086452.789,16.66838055461546
AFE,2006,578633287253.354,12.371887685967732
AFE,2007,664099392606.403,14.770340254487934
AFE,2008,711800460143.432,7.182820533808321
AFE,2009,723512528253.909,1.6454145180121227
AFE,2010,867040920627.224,19.8377203943793
AFE,2011,971667511047.106,12.067087945998466
AFE,2012,979996860991.406,0.8572222339022106
AFE,2013,986342932619.106,0.6475604035384386
AFE,2014,1006992481353.94,2.093546580194161
AFE,2015,932513471557.123,-7.396183305825388
AFE,2016,890051427265.996,-4.553504650203433
AFE,2017,1028394291260.59,15.543243879687596
AFE,2018,1012521425296.35,-1.5434611120588082
AFE,2019,1006191000190.48,-0.6252139409313906
AFE,2020,928880235176.594,-7.683507902500663
AFE,2021,1086530704900.5,16.97209863593818
AFE,2022,1185137703650.99,9.075399186212607
AFG,1960,537777811.111111,
AFG,1961,548888895.555556,2.066110615737049
AFG,1962,546666677.777778,-0.40485748496128515
AFG,1963,751111191.111111,37.39838582523598
AFG,1964,800000044.444444,6.50887031266465
AFG,1965,1006666637.77778,25.833322731482443
AFG,1966,1399999966.66667,39.072848361914005
AFG,1967,1673333417.77778,19.523818401360636
AFG,1968,1373333366.66667,-17.928289002290764
AFG,1969,1408888922.22222,2.5889967009139037
AFG,1970,1748886595.55556,24.13232640065526
AFG,1971,1831108971.11111,4.701412645308234
AFG,1972,1595555475.55556,-12.863980203898894
AFG,1973,1733333264.44444,8.63509862237204
AFG,1974,2155555497.77778,24.358975968113604
AFG,1975,2366666615.55556,9.793815004782758
AFG,1976,2555555566.66667,7.9812234587493425
AFG,1977,2953333417.77778,15.56522019319464
AFG,1978,3300000108.88889,11.738149476260528
AFG,1979,3697940409.61098,12.05879659367881
AFG,1980,3641723321.99546,-1.520226974707628
AFG,1981,3478787909.09091,-4.4741293749704925
AFG,1982,,
AFG,1983,,
AFG,1984,,
AFG,1985,,
AFG,1986,,
AFG,1987,,
AFG,1988,,
AFG,1989,,
AFG,1990,,
AFG,1991,,
AFG,1992,,
AFG,1993,,
AFG,1994,,
AFG,1995,,
AFG,1996,,
AFG,1997,,
AFG,1998,,
AFG,1999,,
AFG,2000,,
AFG,2001,,
AFG,2002,3825701405.51958,
AFG,2003,4520946849.32079,18.17301901288313
AFG,2004,5224896718.67782,15.570850373142274
AFG,2005,6203256497.09044,18.72495919230719
AFG,2006,6971758332.88917,12.388683849510107
AFG,2007,9747886104.53251,39.8196213794015
AFG,2008,10109296957.6569,3.7075818208046396
AFG,2009,12416152648.0573,22.819150531067955
AFG,2010,15856668496.388,27.709999593706858
AFG,2011,17805098367.2952,12.287763166336196
AFG,2012,19907329905.9776,11.806907748085372
AFG,2013,20146416876.3886,1.2009996897635489
AFG,2014,20497128600.3363,1.740814389474532
AFG,2015,19134221744.5294,-6.6492574759205
AFG,2016,18116572399.1298,-5.318477850767844
AFG,2017,18753456506.5708,3.515477946985124
AFG,2018,18053222734.8881,-3.7338917838285135
AFG,2019,18799444414.5998,4.133454124341007
AFG,2020,19955929060.841,6.1516958732198646
AFG,2021,14266499429.8746,-28.509971215174446
AFG,2022,,
AFW,1960,10411646287.3058,
AFW,1961,11135924727.9409,6.956425724125537
AFW,1962,11951712282.0428,7.325727984269026
AFW,1963,12685805889.8937,6.142162650232619
AFW,1964,13848998668.6184,9.169246233314766
AFW,1965,14874755833.5382,7.406724409932597
AFW,1966,15845575303.2224,6.52662457487394
AFW,1967,14428492961.8549,-8.94307915143553
AFW,1968,14880501861.1181,3.132751982193782
AFW,1969,16882284662.3657,13.452387694518176
AFW,1970,23504960311.9234,39.2285510048358
AFW,1971,20843326170.6302,-11.323712552465059
AFW,1972,25269456358.5288,21.235239287937404
AFW,1973,31841146881.8575,26.006457875816768
AFW,1974,44215328355.8688,38.86223545880465
AFW,1975,51445309626.4799,16.35175297675122
AFW,1976,62129985410.0664,20.768998886706846
AFW,1977,65316034540.7121,5.128037789832618
AFW,1978,71200526845.3747,9.009261425683679
AFW,1979,88629333635.7157,24.4784800935405
AFW,1980,112032331232.328,26.40547619685747
AFW,1981,211005911802.917,88.34376601995515
AFW,1982,187165406370.026,-11.298501179037302
AFW,1983,138116898441.305,-26.20596876313356
AFW,1984,114263904328.182,-17.27014896968577
AFW,1985,116508527443.662,1.964420110337839
AFW,1986,107507001440.375,-7.726066238061168
AFW,1987,110281682790.499,2.580930835153916
AFW,1988,108944735237.174,-1.2123024599332455
AFW,1989,101770140749.657,-6.585535750670113
AFW,1990,121803568895.987,19.684976358252236
AFW,1991,127939039832.689,5.0371848643789185
AFW,1992,122575953686.486,-4.191907453124966
AFW,1993,127980941949.696,4.409501293405738
AFW,1994,133143476720.137,4.0338308905947695
AFW,1995,205687093879.591,54.4852958225946
AFW,1996,261262106172.312,27.01920244215934
AFW,1997,274376968923.496,5.019810543261194
AFW,1998,294949797405.741,7.498015800291635
AFW,1999,137292485423.693,-53.4522530168652
AFW,2000,140132777859.081,2.068789436379337
AFW,2001,147524718751.249,5.274954942805321
AFW,2002,176588559103.843,19.70099695739833
AFW,2003,204455023741.489,15.780447373863637
AFW,2004,253453654650.339,23.965481508932427
AFW,2005,310070743908.926,22.338241418019855
AFW,2006,396077046021.055,27.737638523352825
AFW,2007,465627259599.126,17.55976880679264
AFW,2008,567853448132.047,21.954511129982144
AFW,2009,508492534468.294,-10.453562245509051
AFW,2010,598607469639.526,17.721978015952743
AFW,2011,682176065823.115,13.96050006424292
AFW,2012,737739503299.735,8.145028865763138
AFW,2013,834097010134.991,13.061183033343271
AFW,2014,894505003403.491,7.242322240038179
AFW,2015,769263195356.949,-14.001241756056249
AFW,2016,692114931613.254,-10.028851530833617
AFW,2017,685630289666.515,-0.9369313752014996
AFW,2018,768158194632.397,12.036793912069266
AFW,2019,823405580187.913,7.192188528556254
AFW,2020,786962436538.391,-4.4259043813141385
AFW,2021,844927536437.833,7.3656755657122375
AFW,2022,875393693658.084,3.605771608378938
AGO,1960,,
AGO,1961,,
AGO,1962,,
AGO,1963,,
AGO,1964,,
AGO,1965,,
AGO,1966,,
AGO,1967,,
AGO,1968,,
AGO,1969,,
AGO,1970,,
AGO,1971,,
AGO,1972,,
AGO,1973,,
AGO,1974,,
AGO,1975,,
AGO,1976,,
AGO,1977,,
AGO,1978,,
AGO,1979,,
AGO,1980,5934073603.67893,
AGO,1981,5553824463.8796,-6.407893888670147
AGO,1982,5553824463.8796,0.0
AGO,1983,5787823808.69565,4.213301056558616
AGO,1984,6135166254.1806,6.001261561609761
AGO,1985,7558613008.02675,23.201437334745243
AGO,1986,7076793822.74247,-6.374439130203113
AGO,1987,8089279284.61538,14.307121095136587
AGO,1988,8775116269.23077,8.47834473856961
AGO,1989,10207922517.0569,16.32805998081357
AGO,1990,11236275842.8094,10.074070644973808
AGO,1991,10401188707.2808,-7.432063320722149
AGO,1992,8307826847.39834,-20.126179024298562
AGO,1993,6084688935.80032,-26.759560020129847
AGO,1994,4438321017.39068,-27.057552748883328
AGO,1995,5538749259.94714,24.793795632281878
AGO,1996,6535434716.00224,17.994774799836534
AGO,1997,7675412600.66513,17.443030711814988
AGO,1998,6506381416.53236,-15.230857869861802
AGO,1999,6152922942.24539,-5.432489300256071
AGO,2000,9129594815.57661,48.37817572675374
AGO,2001,8936079251.42093,-2.1196511791028216
AGO,2002,15285592486.2532,71.0547999428567
AGO,2003,17812704627.0282,16.53264106738228
AGO,2004,23552057820.4599,32.22056006432097
AGO,2005,36970901023.7893,56.975247367439465
AGO,2006,52381025102.321,41.68176498759362
AGO,2007,65266415706.9741,24.59934791173484
AGO,2008,88538664884.265,35.65731153642029
AGO,2009,70307196474.1272,-20.5915330143835
AGO,2010,83799473759.7201,19.19046408081142
AGO,2011,111789747670.59,33.40149126846188
AGO,2012,128052915202.989,14.547995564245797
AGO,2013,132339108708.408,3.34720494150762
AGO,2014,135966802156.542,2.7412104279220584
AGO,2015,90496420626.179,-33.442267383777846
AGO,2016,52761617225.9253,-41.697564543605495
AGO,2017,73690155046.555,39.66621745314149
AGO,2018,79450688232.0011,7.817235805524891
AGO,2019,70897962712.6213,-10.76482244484187
AGO,2020,48501561230.001,-31.58962631042328
AGO,2021,66505129989.243,37.11956543804151
AGO,2022,106782770714.619,60.56320878087269
ALB,1960,,
ALB,1961,,
ALB,1962,,
ALB,1963,,
ALB,1964,,
ALB,1965,,
ALB,1966,,
ALB,1967,,
ALB,1968,,
ALB,1969,,
ALB,1970,,
ALB,1971,,
ALB,1972,,
ALB,1973,,
ALB,1974,,
ALB,1975,,
ALB,1976,,
ALB,1977,,
ALB,1978,,
ALB,1979,,
ALB,1980,,
ALB,1981,,
ALB,1982,,
ALB,1983,,
ALB,1984,1857337995.338,
ALB,1985,1897050116.55012,2.1381203266071847
ALB,1986,2097326250.0,10.557239985525113
ALB,1987,2080796250.0,-0.7881463363174857
ALB,1988,2051236250.0,-1.4206100188809967
ALB,1989,2253090000.0,9.840590034424368
ALB,1990,2028553750.0,-9.965702657239618
ALB,1991,1099559027.77778,-45.79591357745487
ALB,1992,652174990.837304,-40.687587081581576
ALB,1993,1185315468.46295,81.74807147099679
ALB,1994,1880950864.41311,58.68778518955975
ALB,1995,2392764853.42107,27.210385911258506
ALB,1996,3199640815.4163,33.72149005120975
ALB,1997,2258513974.0968,-29.413515316626302
ALB,1998,2545964540.88383,12.727420334070949
ALB,1999,3212121650.97755,26.16521555569127
ALB,2000,3480355258.04122,8.350667758241293
ALB,2001,3922100793.5403,12.692541500711595
ALB,2002,4348068242.19512,10.860696118681812
ALB,2003,5611496257.14231,29.05722598110256
ALB,2004,7184685781.51876,28.035116701255824
ALB,2005,8052077248.14638,12.072782206548549
ALB,2006,8896075004.63516,10.481739437895632
ALB,2007,10677324852.8822,20.022873540510243
ALB,2008,12881352893.6855,20.642137156746255
ALB,2009,12044205549.6571,-6.498908545846705
ALB,2010,11926926615.8015,-0.9737373990511111
ALB,2011,12890760315.146,8.081157287138453
ALB,2012,12319834195.331,-4.428956134916195
ALB,2013,12776224496.9718,3.704516590115836
ALB,2014,13228147516.1168,3.5372188337181587
ALB,2015,11386853113.0189,-13.919518215642213
ALB,2016,11861199830.8396,4.16574020155196
ALB,2017,13019726211.7369,9.767362471080588
ALB,2018,15156424015.1977,16.411234527609576
ALB,2019,15401826127.2539,1.6191293659383543
ALB,2020,15162734205.2462,-1.552360869628444
ALB,2021,17930565118.8176,18.254167593426196
ALB,2022,18916378860.5488,5.497951320544936
AND,1960,,
AND,1961,,
AND,1962,,
AND,1963,,
AND,1964,,
AND,1965,,
AND,1966,,
AND,1967,,
AND,1968,,
AND,1969,,
AND,1970,78617711.0965325,
AND,1971,89406608.1458151,13.72323983845729
AND,1972,113414397.365635,26.852365521645872
AND,1973,150841639.297444,33.000432750304064
AND,1974,186557081.998137,23.677442692243545
AND,1975,220112572.205331,17.986714761934962
AND,1976,227283850.831271,3.258005008114795
AND,1977,253997897.226968,11.753605149680757
AND,1978,308020261.164149,21.26882329616595
AND,1979,411548748.354729,33.61093416364842
AND,1980,446377776.798001,8.462916867688186
AND,1981,388983266.199886,-12.85783333790106
AND,1982,375914743.581006,-3.3596619069378053
AND,1983,327850042.515872,-12.78606436322881
AND,1984,330073080.637098,0.6780655278147085
AND,1985,346742714.675152,5.050285835451573
AND,1986,481996012.869071,39.006817582492495
AND,1987,611299924.540506,26.82675960362333
AND,1988,721425939.15155,18.015054507625237
AND,1989,795489582.04491,10.26628498837514
AND,1990,1028989692.06787,29.35300666323215
AND,1991,1106891361.53948,7.570694835150182
AND,1992,1209992020.29543,9.314433406775912
AND,1993,1007090269.86956,-16.76885029178372
AND,1994,1017544068.8408,1.038020054805422
AND,1995,1178745282.8678,15.842185018152822
AND,1996,1224024139.21295,3.841275719465864
AND,1997,1180645571.8643,-3.5439307084697225
AND,1998,1211953994.05714,2.651805329130452
AND,1999,1239840639.57248,2.3009656845130344
AND,2000,1429047881.84275,15.260609809943993
AND,2001,1546912331.8807,8.247760731849274
AND,2002,1755989353.9328,13.515764128527508
AND,2003,2361636235.17833,34.490350404977875
AND,2004,2895047587.11888,22.58651624644772
AND,2005,3159826891.50873,9.145939623512579
AND,2006,3456264324.63015,9.38144535442824
AND,2007,3952395030.09698,14.354535963331472
AND,2008,4085780202.87838,3.374793555949962
AND,2009,3674190066.44504,-10.073721933044254
AND,2010,3449925693.58181,-6.103777126593157
AND,2011,3629133062.55168,5.194528372111451
AND,2012,3188653258.61001,-12.13732856716927
AND,2013,3193513470.43941,0.15242208654315803
AND,2014,3271686452.47686,2.447867615435295
AND,2015,2789882569.1005,-14.726468760831468
AND,2016,2896611878.6258,3.8255842990449374
AND,2017,3000160414.63795,3.5748156933359976
AND,2018,3218418631.67579,7.274884901918766
AND,2019,3155150255.91195,-1.9658218213488454
AND,2020,2891002460.29153,-8.37195614140639
AND,2021,3325143693.28714,15.016979022281095
AND,2022,3352031094.22914,0.8086086924989244
ARB,1960,,
ARB,1961,,
ARB,1962,,
ARB,1963,,
ARB,1964,,
ARB,1965,,
ARB,1966,,
ARB,1967,,
ARB,1968,35102917960.3088,
ARB,1969,38249920379.1188,8.965073565588888
ARB,1970,43245967541.0343,13.061588396515766
ARB,1971,49980195754.6625,15.571921722501326
ARB,1972,59593479016.5992,19.234184894203633
ARB,1973,75614829099.2822,26.884401359115827
ARB,1974,143722246048.169,90.07150814222146
ARB,1975,158820613451.28,10.505240363451263
ARB,1976,197693822439.77,24.476173554394933
ARB,1977,228193318228.003,15.427642306590062
ARB,1978,252397273549.797,10.606776530419815
ARB,1979,341727182381.657,35.39258074205605
ARB,1980,464922706719.985,36.05084134066263
ARB,1981,480094377493.219,3.2632673246419053
ARB,1982,449527418217.136,-6.366864664336703
ARB,1983,423119939334.202,-5.8744979311091345
ARB,1984,430640108344.537,1.7773137853461352
ARB,1985,424154835582.947,-1.5059611578031151
ARB,1986,411512791338.673,-2.980525785330057
ARB,1987,445512045932.976,8.26201646945206
ARB,1988,429625737199.947,-3.5658539152988444
ARB,1989,460896461734.439,7.27859665445012
ARB,1990,651231622555.595,41.296728576498374
ARB,1991,480685955944.023,-26.188173409379033
ARB,1992,485480997990.055,0.9975415313757008
ARB,1993,499344733364.61,2.855670032803004
ARB,1994,531889376829.679,6.517470054361363
ARB,1995,564846181458.454,6.196176510464202
ARB,1996,615168379200.27,8.909009106139699
ARB,1997,662599381239.788,7.710247087338762
ARB,1998,649474839551.0,-1.9807657629004494
ARB,1999,717783506460.08,10.517523197096224
ARB,2000,820573600760.516,14.320487079366018
ARB,2001,803225963243.441,-2.114086719460262
ARB,2002,808316115359.456,0.6337135935522875
ARB,2003,894211049434.972,10.626403760033742
ARB,2004,1063199673336.65,18.898069310198906
ARB,2005,1304960956754.7,22.739029128867962
ARB,2006,1546220845671.46,18.4879009343504
ARB,2007,1798723747331.16,16.330325798320764
ARB,2008,2264025451574.68,25.86843615835437
ARB,2009,1987928421954.15,-12.194961387403957
ARB,2010,2346088525053.08,18.01675045959934
ARB,2011,2567292128049.55,9.428612801022297
ARB,2012,2802930798518.45,9.178490748846801
ARB,2013,2860928547664.76,2.069182342174325
ARB,2014,2907245176944.27,1.6189369467936032
ARB,2015,2555806089294.93,-12.08838836285312
ARB,2016,2539393624579.97,-0.6421639256477318
ARB,2017,2639754813075.27,3.9521713972917594
ARB,2018,2845898419150.44,7.809195196996965
ARB,2019,2871654771803.32,0.9050341529958317
ARB,2020,2535508549307.3,-11.70566273483249
ARB,2021,2930480380718.33,15.577617812368905
ARB,2022,3543339785306.04,20.913274445382356
ARE,1960,,
ARE,1961,,
ARE,1962,,
ARE,1963,,
ARE,1964,,
ARE,1965,,
ARE,1966,,
ARE,1967,,
ARE,1968,,
ARE,1969,,
ARE,1970,,
ARE,1971,,
ARE,1972,,
ARE,1973,,
ARE,1974,,
ARE,1975,14720728248.5355,
ARE,1976,19213158778.7928,30.517719330252802
ARE,1977,24871775164.6043,29.45177547825919
ARE,1978,23775764224.6832,-4.40664541500384
ARE,1979,31225659620.9951,31.333989208126756
ARE,1980,43599160050.3322,39.62606580460375
ARE,1981,49333424135.1131,13.152235222332465
ARE,1982,46622718605.2847,-5.49466325792507
ARE,1983,42803323345.1376,-8.192133308404214
ARE,1984,41807954235.903,-2.3254481929092408
ARE,1985,40603650231.5445,-2.8805619082989953
ARE,1986,33943612094.7971,-16.402560111635722
ARE,1987,36384908744.2114,7.192212315519919
ARE,1988,36275674203.2144,-0.3002193622771654
ARE,1989,41464995913.9199,14.305238495734617
ARE,1990,50701443748.2975,22.27528938758898
ARE,1991,51552165622.4462,1.6779046339824744
ARE,1992,54239171887.769,5.212208319242473
ARE,1993,55625170253.337,2.555345735063752
ARE,1994,59305093979.842,6.615572967678673
ARE,1995,65743666575.8649,10.856694027348457
ARE,1996,73571233996.1863,11.90619238020254
ARE,1997,78839008444.5655,7.160100710900519
ARE,1998,75674336283.1858,-4.014094321854511
ARE,1999,84445473110.9598,11.590635952129059
ARE,2000,104337372362.151,23.555909533544337
ARE,2001,103311640571.818,-0.9830914533411228
ARE,2002,109816201497.617,6.29605811097087
ARE,2003,124346358066.712,13.231341433176702
ARE,2004,147824370319.946,18.881141851085026
ARE,2005,180617467964.602,22.18382366431173
ARE,2006,222116541865.214,22.97622393241894
ARE,2007,257916133424.098,16.117481056682447
ARE,2008,315474615738.598,22.31674364466962
ARE,2009,253547358747.447,-19.629870012256045
ARE,2010,300189052694.029,18.395653647112443
ARE,2011,360832739558.385,20.20183158583326
ARE,2012,384610125384.033,6.589586592045005
ARE,2013,400218529747.597,4.058240626915111
ARE,2014,414105366758.911,3.4698136090979936
ARE,2015,370275469560.166,-10.584237905871529
ARE,2016,369255326235.771,-0.27550929193521645
ARE,2017,390516804016.501,5.757933947079863
ARE,2018,427049432149.345,9.354943950452977
ARE,2019,417989721734.494,-2.1214664469294098
ARE,2020,349473015336.939,-16.39195961882446
ARE,2021,415178792769.884,18.80138796112647
ARE,2022,507063968273.313,22.13147133320874
ARG,1960,,
ARG,1961,,
ARG,1962,,
ARG,1963,,
ARG,1964,,
ARG,1965,,
ARG,1966,,
ARG,1967,,
ARG,1968,,
ARG,1969,,
ARG,1970,,
ARG,1971,,
ARG,1972,,
ARG,1973,,
ARG,1974,,
ARG,1975,,
ARG,1976,,
ARG,1977,,
ARG,1978,,
ARG,1979,,
ARG,1980,,
ARG,1981,,
ARG,1982,,
ARG,1983,109490000000.0,
ARG,1984,112988571428.571,3.1953342118650196
ARG,1985,88416666666.6667,-21.74724793067956
ARG,1986,106213829787.234,20.128742454930016
ARG,1987,109029439252.336,2.650887808811886
ARG,1988,126928000000.0,16.416264148841364
ARG,1989,76629657863.6557,-39.627459769589294
ARG,1990,141352654305.163,84.46207153458327
ARG,1991,189719984268.485,34.21748972530991
ARG,1992,228778917308.17,20.587674614399187
ARG,1993,236741715015.015,3.48056446832421
ARG,1994,257440000000.0,8.742981769677648
ARG,1995,258031750000.0,0.22985938471100642
ARG,1996,272149750000.0,5.471419699319946
ARG,1997,292859000000.0,7.6095054285370445
ARG,1998,298948250000.0,2.0792429121181177
ARG,1999,283523000000.0,-5.159839537445022
ARG,2000,284203750000.0,0.24010397745508616
ARG,2001,268696750000.0,-5.456296758927359
ARG,2002,97724004251.8602,-63.630373552393095
ARG,2003,127586973492.177,30.55847892126089
ARG,2004,164657930452.787,29.055440336848328
ARG,2005,198737095012.282,20.696946977155584
ARG,2006,232557260817.308,17.017540586942715
ARG,2007,287530508430.568,23.638585791757237
ARG,2008,361558037110.419,25.74597356082893
ARG,2009,332976484577.619,-7.905107783310383
ARG,2010,423627422092.49,27.22442626237158
ARG,2011,530158122010.442,25.147262514722968
ARG,2012,545982375701.128,2.9848177428043465
ARG,2013,552025140252.246,1.1067691596011953
ARG,2014,526319673731.638,-4.656575334388203
ARG,2015,594749285413.212,13.0015302670341
ARG,2016,557532320662.955,-6.257588813141657
ARG,2017,643628393281.364,15.442346466305889
ARG,2018,524819892360.176,-18.459176469122994
ARG,2019,447754683615.225,-14.684124947775867
ARG,2020,385740508436.965,-13.850033834945075
ARG,2021,487902572164.348,26.484660411048733
ARG,2022,631133384439.944,29.356437216598486
ARM,1960,,
ARM,1961,,
ARM,1962,,
ARM,1963,,
ARM,1964,,
ARM,1965,,
ARM,1966,,
ARM,1967,,
ARM,1968,,
ARM,1969,,
ARM,1970,,
ARM,1971,,
ARM,1972,,
ARM,1973,,
ARM,1974,,
ARM,1975,,
ARM,1976,,
ARM,1977,,
ARM,1978,,
ARM,1979,,
ARM,1980,,
ARM,1981,,
ARM,1982,,
ARM,1983,,
ARM,1984,,
ARM,1985,,
ARM,1986,,
ARM,1987,,
ARM,1988,,
ARM,1989,,
ARM,1990,2256863448.77086,
ARM,1991,2069870129.87013,-8.285539783214224
ARM,1992,1272835453.42634,-38.50650651660925
ARM,1993,1201312829.27524,-5.61915713131409
ARM,1994,1315158636.67553,9.476782785128002
ARM,1995,1468317435.20148,11.645652034275212
ARM,1996,1596968946.23708,8.761832281719585
ARM,1997,1639492444.76152,2.662763018945191
ARM,1998,1893726437.26462,15.506871856312877
ARM,1999,1845482173.02732,-2.547583604894177
ARM,2000,1911563668.85006,3.5807171041018604
ARM,2001,2118467913.37873,10.823821769595444
ARM,2002,2376335048.39976,12.172340840874906
ARM,2003,2807061008.69084,18.12564101939809
ARM,2004,3576615240.41616,27.414945002717484
ARM,2005,4900469511.10191,37.014165116953194
ARM,2006,6384452066.5146,30.28245665136289
ARM,2007,9206301269.79164,44.1987687256229
ARM,2008,11662040713.8753,26.674550094744397
ARM,2009,8647937081.2562,-25.84542196832643
ARM,2010,9260285755.62424,7.080864125332997
ARM,2011,10142111824.5835,9.522665846717327
ARM,2012,10619320682.9474,4.7052218178781136
ARM,2013,11121464437.0415,4.728586404782442
ARM,2014,11609513246.7958,4.3883502259719265
ARM,2015,10553337518.414,-9.097502246042078
ARM,2016,10546136235.5219,-0.06823701866385257
ARM,2017,11527458709.0158,9.305042639109583
ARM,2018,12457940694.7395,8.071874375884391
ARM,2019,13619290539.2116,9.322165459998466
ARM,2020,12641698583.2152,-7.177994721397507
ARM,2021,13878908628.9378,9.786739001713606
ARM,2022,19513474648.2429,40.598048232387086
ASM,1960,,
ASM,1961,,
ASM,1962,,
ASM,1963,,
ASM,1964,,
ASM,1965,,
ASM,1966,,
ASM,1967,,
ASM,1968,,
ASM,1969,,
ASM,1970,,
ASM,1971,,
ASM,1972,,
ASM,1973,,
ASM,1974,,
ASM,1975,,
ASM,1976,,
ASM,1977,,
ASM,1978,,
ASM,1979,,
ASM,1980,,
ASM,1981,,
ASM,1982,,
ASM,1983,,
ASM,1984,,
ASM,1985,,
ASM,1986,,
ASM,1987,,
ASM,1988,,
ASM,1989,,
ASM,1990,,
ASM,1991,,
ASM,1992,,
ASM,1993,,
ASM,1994,,
ASM,1995,,
ASM,1996,,
ASM,1997,,
ASM,1998,,
ASM,1999,,
ASM,2000,,
ASM,2001,,
ASM,2002,512000000.0,
ASM,2003,524000000.0,2.34375
ASM,2004,509000000.0,-2.8625954198473247
ASM,2005,500000000.0,-1.7681728880157177
ASM,2006,493000000.0,-1.4000000000000012
ASM,2007,518000000.0,5.070993914807298
ASM,2008,560000000.0,8.108108108108114
ASM,2009,675000000.0,20.535714285714278
ASM,2010,573000000.0,-15.111111111111109
ASM,2011,570000000.0,-0.5235602094240788
ASM,2012,640000000.0,12.280701754385959
ASM,2013,638000000.0,-0.31250000000000444
ASM,2014,643000000.0,0.7836990595611271
ASM,2015,673000000.0,4.665629860031095
ASM,2016,671000000.0,-0.2971768202080227
ASM,2017,612000000.0,-8.792846497764529
ASM,2018,639000000.0,4.4117647058823595
ASM,2019,647000000.0,1.2519561815336422
ASM,2020,721000000.0,11.43740340030912
ASM,2021,750000000.0,4.022191400832176
ASM,2022,871000000.0,16.133333333333333
ATG,1960,,
ATG,1961,,
ATG,1962,,
ATG,1963,,
ATG,1964,,
ATG,1965,,
ATG,1966,,
ATG,1967,,
ATG,1968,,
ATG,1969,,
ATG,1970,,
ATG,1971,,
ATG,1972,,
ATG,1973,,
ATG,1974,,
ATG,1975,,
ATG,1976,,
ATG,1977,77496753.7037037,
ATG,1978,87879341.4814815,13.39744864342829
ATG,1979,109079978.888889,24.124711280267185
ATG,1980,131431026.666667,20.49051347960491
ATG,1981,147841734.444444,12.486174835564157
ATG,1982,164369278.888889,11.179214385269365
ATG,1983,182144092.962963,10.813951484260919
ATG,1984,208372846.296296,14.4000021667825
ATG,1985,240923924.814815,15.621554870077926
ATG,1986,290440140.740741,20.552635427961906
ATG,1987,337174861.851852,16.09099933360394
ATG,1988,398637727.777778,18.22878063576745
ATG,1989,438794788.518519,10.07357255536201
ATG,1990,459470370.37037,4.71190232720331
ATG,1991,481707407.407407,4.839710778110051
ATG,1992,499281481.481481,3.648288110963316
ATG,1993,535174074.074074,7.188849161016653
ATG,1994,589429629.62963,10.137926738963522
ATG,1995,577281481.481481,-2.0610005906527507
ATG,1996,633729629.62963,9.778271079003908
ATG,1997,680618518.518518,7.398879063977359
ATG,1998,727859259.259259,6.940854451560985
ATG,1999,766200000.0,5.267603627074879
ATG,2000,826370370.37037,7.853089320069184
ATG,2001,800481481.481481,-3.132843313015443
ATG,2002,814381481.481481,1.7364549113959127
ATG,2003,856396296.296296,5.159107343450864
ATG,2004,919729629.62963,7.3953301301319385
ATG,2005,1022962962.96296,11.224313103286843
ATG,2006,1157662962.96296,13.167632150615539
ATG,2007,1312759259.25926,13.39736186250111
ATG,2008,1370070370.37037,4.365698486365921
ATG,2009,1228329629.62963,-10.345508070685682
ATG,2010,1148700000.0,-6.482757373005832
ATG,2011,1281337037.03704,11.54670819509358
ATG,2012,1327107407.40741,3.572078933752598
ATG,2013,1325425925.92593,-0.12670274252818414
ATG,2014,1378829629.62963,4.029173012169096
ATG,2015,1437755555.55556,4.273619065015177
ATG,2016,1489692592.59259,3.6123690731948654
ATG,2017,1531151851.85185,2.7830748078773837
ATG,2018,1661529629.62963,8.515012904833362
ATG,2019,1725351851.85185,3.841172681130378
ATG,2020,1410796296.2963,-18.231385976021773
ATG,2021,1601366666.66667,13.508000472546321
ATG,2022,1867733333.33333,16.633708707145512
AUS,1960,18606562977.0501,
AUS,1961,19682883149.2613,5.7846264973212325
AUS,1962,19922563187.6101,1.2177079776942934
AUS,1963,21539843446.375,8.11783224645859
AUS,1964,23801123808.1798,10.498128119800022
AUS,1965,25976164156.1863,9.138393487365493
AUS,1966,27307844369.2551,5.126546802914533
AUS,1967,30442724870.836,11.479780165696063
AUS,1968,32714085234.2536,7.461094146646374
AUS,1969,36683365869.3385,12.13324660207471
AUS,1970,41333606613.3771,12.676701370867027
AUS,1971,45216647234.6636,9.394391003929004
AUS,1972,52040887850.4673,15.092318942595462
AUS,1973,63830877642.5368,22.655243365460052
AUS,1974,88963890935.888,39.37438152440913
AUS,1975,97303017888.8434,9.373608623935992
AUS,1976,105059356494.425,7.971323782004647
AUS,1977,110349850883.23,5.03571939267089
AUS,1978,118491633469.73,7.378154588641417
AUS,1979,134898330114.734,13.846291222911766
AUS,1980,149985515320.334,11.184115617122936
AUS,1981,176893068617.207,17.940101242046435
AUS,1982,194038397881.496,9.692482242699473
AUS,1983,177265418961.893,-8.644154508968205
AUS,1984,193518998163.396,9.1690637106141
AUS,1985,180637129503.847,-6.656642904213639
AUS,1986,182475517627.308,1.0177243895042487
AUS,1987,189487162519.852,3.8425126744206395
AUS,1988,236154038684.292,24.627988273111036
AUS,1989,299871835376.042,26.981455429154288
AUS,1990,311420509067.628,3.8512031905576727
AUS,1991,325966686052.581,4.670911697018054
AUS,1992,325518458076.533,-0.13750729606021306
AUS,1993,312128302417.088,-4.113485833819242
AUS,1994,322802490487.721,3.4198078123557574
AUS,1995,368166023166.023,14.0530305728938
AUS,1996,401341880620.728,9.011113293239582
AUS,1997,435642611296.586,8.546511672992452
AUS,1998,399674421759.479,-8.256352478940542
AUS,1999,389652212056.649,-2.507593470382574
AUS,2000,416167815092.908,6.804940974492424
AUS,2001,379629301675.108,-8.779754726982658
AUS,2002,395788696012.059,4.256624624508176
AUS,2003,467739079790.332,18.17898906745956
AUS,2004,614659980082.515,31.410867006888022
AUS,2005,695692898676.56,13.183373120073117
AUS,2006,748417562769.636,7.578726790711232
AUS,2007,855007458585.224,14.242035611929715
AUS,2008,1056112427190.38,23.520843775786847
AUS,2009,928762122698.05,-12.058404125697608
AUS,2010,1148890200292.42,23.701233309870418
AUS,2011,1398701323029.63,21.74368992560187
AUS,2012,1547649835732.89,10.649057826057739
AUS,2013,1577301840200.01,1.9159375578700288
AUS,2014,1468597690006.22,-6.891778569154894
AUS,2015,1351768945139.11,-7.9551224724189185
AUS,2016,1207580901578.72,-10.666619031224434
AUS,2017,1326882104817.0,9.879354922085358
AUS,2018,1429733668185.91,7.751371655064632
AUS,2019,1394671325960.57,-2.4523687876657485
AUS,2020,1330381544909.3,-4.60967253392055
AUS,2021,1559033756285.13,17.18696506658308
AUS,2022,1692956646855.7,8.590121287026008
AUT,1960,6592693841.18495,
AUT,1961,7311749633.36229,10.906858554318966
AUT,1962,7756110210.11966,6.077349458600545
AUT,1963,8374175257.73075,7.968750196518348
AUT,1964,9169983885.71185,9.503128409528273
AUT,1965,9994070615.85997,8.986784932437741
AUT,1966,10887682273.1014,8.941418282789847
AUT,1967,11579431668.9165,6.3535046161670605
AUT,1968,12440625312.8685,7.437270399580687
AUT,1969,13582798556.2404,9.180995445546003
AUT,1970,15373005557.0257,13.179956938718028
AUT,1971,17858486066.7474,16.167824180521386
AUT,1972,22059612476.9332,23.52453838742985
AUT,1973,29515467706.796,33.79866821168809
AUT,1974,35189299911.6608,19.223250199617816
AUT,1975,40059206763.056,13.839169473733826
AUT,1976,42959976221.5234,7.2412054378035995
AUT,1977,51545758887.6863,19.985538683471926
AUT,1978,62052259073.2493,20.382860612171292
AUT,1979,73937296963.4586,19.15327188359035
AUT,1980,82058912997.2346,10.984464360104852
AUT,1981,71034228443.062,-13.435084808574228
AUT,1982,71275287569.5733,0.3393562959644658
AUT,1983,72121016546.6524,1.1865669096789988
AUT,1984,67985344886.8716,-5.734350204431182
AUT,1985,69386774408.0872,2.0613700254777045
AUT,1986,99036164939.1618,42.73060793501722
AUT,1987,124168442533.74,25.376868752962146
AUT,1988,133339397080.129,7.385898026301652
AUT,1989,133105805512.22,-0.1751857088183928
AUT,1990,166463386179.354,25.060950977131924
AUT,1991,173794177961.108,4.403846365263475
AUT,1992,195078126721.763,12.246640831327472
AUT,1993,190379720809.18,-2.4084739747805117
AUT,1994,203535242741.838,6.91014876833651
AUT,1995,241038283062.645,18.425821403507726
AUT,1996,237250948791.266,-1.5712584006394859
AUT,1997,212790348404.555,-10.310011619060589
AUT,1998,218259904401.956,2.570396654928331
AUT,1999,217259147049.954,-0.4585163522105029
AUT,2000,197289625479.906,-9.191567692869773
AUT,2001,197508773215.323,0.11107919886002016
AUT,2002,214394866675.24,8.549540957103652
AUT,2003,262273631180.054,22.3320479857102
AUT,2004,301457562038.541,14.940095457627912
AUT,2005,316092273276.015,4.854650564580276
AUT,2006,336280064332.411,6.38667653820435
AUT,2007,389185571506.052,15.732573168935815
AUT,2008,432051935642.945,11.014376501937306
AUT,2009,401758735822.211,-7.011471844386974
AUT,2010,392275107258.667,-2.3605282767866886
AUT,2011,431685217367.511,10.04654880709952
AUT,2012,409401816050.531,-5.16195607828962
AUT,2013,430190979705.962,5.077936355041723
AUT,2014,442584815286.034,2.8810077767189135
AUT,2015,381971148530.543,-13.695378752729582
AUT,2016,395837353031.499,3.630170643594366
AUT,2017,417261151844.977,5.412273159519931
AUT,2018,454991174096.102,9.042304102429988
AUT,2019,444596155845.254,-2.284663712763002
AUT,2020,435049316955.737,-2.1473057659184724
AUT,2021,479295362747.047,10.170351743320104
AUT,2022,470941926750.741,-1.7428576709836774
AZE,1960,,
AZE,1961,,
AZE,1962,,
AZE,1963,,
AZE,1964,,
AZE,1965,,
AZE,1966,,
AZE,1967,,
AZE,1968,,
AZE,1969,,
AZE,1970,,
AZE,1971,,
AZE,1972,,
AZE,1973,,
AZE,1974,,
AZE,1975,,
AZE,1976,,
AZE,1977,,
AZE,1978,,
AZE,1979,,
AZE,1980,,
AZE,1981,,
AZE,1982,,
AZE,1983,,
AZE,1984,,
AZE,1985,,
AZE,1986,,
AZE,1987,,
AZE,1988,,
AZE,1989,,
AZE,1990,8884848484.84848,
AZE,1991,5344000000.0,-39.85266030013639
AZE,1992,444658671.586716,-91.67929132509887
AZE,1993,1570392598.14954,253.168103648078
AZE,1994,1193141110.35043,-24.02274999536048
AZE,1995,2417331192.9526,102.60228836156861
AZE,1996,3176507376.31836,31.40555111269132
AZE,1997,3962362387.47922,24.739593461032115
AZE,1998,4446368570.6901,12.21509129857239
AZE,1999,4581248566.50158,3.0334866232321067
AZE,2000,5272615722.96892,15.091238696862375
AZE,2001,5707616203.72011,8.250183658486844
AZE,2002,6236087738.28284,9.259058698065271
AZE,2003,7276413079.11451,16.68233970547266
AZE,2004,8680405740.94125,19.295120364408945
AZE,2005,13245421880.834,52.589893561792735
AZE,2006,20981929497.6188,58.408918087988226
AZE,2007,33049419431.2244,57.51372834883996
AZE,2008,48851293785.4483,47.812865176368646
AZE,2009,44292427184.9492,-9.332130732343236
AZE,2010,52909294791.9262,19.454494040247706
AZE,2011,65952796427.9473,24.6525713247864
AZE,2012,69679944504.1972,5.651235850661407
AZE,2013,74160560123.6902,6.430280120592102
AZE,2014,75239785452.1022,1.4552550932894759
AZE,2015,53076235354.746,-29.457221288151548
AZE,2016,37866996882.9157,-28.655458267106184
AZE,2017,40866627351.9817,7.921490257970065
AZE,2018,47112470051.7701,15.283479710702231
AZE,2019,48174235294.1176,2.253681968236365
AZE,2020,42693000000.0,-11.37793939157119
AZE,2021,54825411764.7059,28.417800961998218
AZE,2022,78721058823.5294,43.58498420655079
BDI,1960,195999990.0,
BDI,1961,202999992.0,3.571429774052537
BDI,1962,213500006.0,5.172420893494412
BDI,1963,232749998.0,9.016389442162364
BDI,1964,260750008.0,12.03007958779876
BDI,1965,158994962.962963,-39.023985394100926
BDI,1966,165444571.428571,4.056486032900541
BDI,1967,178297142.857143,7.768505982150642
BDI,1968,183200000.0,2.7498237292480354
BDI,1969,190205714.285714,3.8240798502805706
BDI,1970,242732571.428571,27.61581445652823
BDI,1971,252842285.714286,4.164959908847665
BDI,1972,246804571.428571,-2.3879369183276933
BDI,1973,304339839.552146,23.31207553836847
BDI,1974,345263492.063492,13.446695829099319
BDI,1975,420986666.666667,21.931995807205105
BDI,1976,448412753.623188,6.51471629105933
BDI,1977,547535555.555556,22.10525930216145
BDI,1978,610225555.555556,11.449484762024586
BDI,1979,782496666.666667,28.230727071774876
BDI,1980,919726666.666667,17.537454898636405
BDI,1981,969046666.666667,5.362462760675268
BDI,1982,1013222222.22222,4.558661318913404
BDI,1983,1082926304.46477,6.879446651858245
BDI,1984,987143931.166987,-8.844772991743245
BDI,1985,1149979285.77347,16.49560408217081
BDI,1986,1201725497.06578,4.49975159835212
BDI,1987,1131466494.01101,-5.8465101411528275
BDI,1988,1082403219.48787,-4.336255185888216
BDI,1989,1113924130.41149,2.9121227982427778
BDI,1990,1132101252.51817,1.631809708616827
BDI,1991,1167398478.3459,3.1178506117908844
BDI,1992,1083037670.60484,-7.2263934985243194
BDI,1993,938632612.026359,-13.333336641728788
BDI,1994,925030590.153683,-1.4491316089381812
BDI,1995,1000428393.88528,8.150844364949128
BDI,1996,869033856.317093,-13.133827305510692
BDI,1997,972896267.915425,11.951480468033072
BDI,1998,893770740.207416,-8.132987073488017
BDI,1999,808077223.365746,-9.587863306174382
BDI,2000,870486065.883137,7.723128521980871
BDI,2001,876794723.068586,0.7247281068248457
BDI,2002,825394519.423728,-5.862284784854632
BDI,2003,784654423.620476,-4.935833088847719
BDI,2004,915257323.3961,16.644639454526853
BDI,2005,1117113079.73645,22.054536050184858
BDI,2006,1273375078.44844,13.988019793739737
BDI,2007,1356199387.42308,6.504313644614301
BDI,2008,1611835857.04588,18.849475379024906
BDI,2009,1781455139.85931,10.523359563690459
BDI,2010,2032135192.01248,14.071645507333264
BDI,2011,2235820809.32006,10.023231628889029
BDI,2012,2333341334.45753,4.361732600884394
BDI,2013,2451606632.29246,5.068495384213678
BDI,2014,2705783329.80483,10.367760233814227
BDI,2015,3104003546.26497,14.717372676283858
BDI,2016,2644487776.50077,-14.803970514696497
BDI,2017,2723586962.84034,2.9910966895916324
BDI,2018,2667182199.51333,-2.070973466115711
BDI,2019,2576518879.82353,-3.3992173352965116
BDI,2020,2649680261.43998,2.8395437809274116
BDI,2021,2775798697.47186,4.759760559311421
BDI,2022,3338722827.66241,20.279717354981443
BEL,1960,11658722590.99,
BEL,1961,12400145221.595,6.35938135433447
BEL,1962,13264015675.3193,6.96661561849985
BEL,1963,14260017387.0492,7.50905107555917
BEL,1964,15960106680.6732,11.922070271583296
BEL,1965,17371457607.9374,8.842991813916058
BEL,1966,18651883472.4808,7.370860255033196
BEL,1967,19992040788.4593,7.185104485323346
BEL,1968,21376353113.475,6.924317230359045
BEL,1969,23710735894.7022,10.920397734989141
BEL,1970,26706196046.7931,12.63334957376918
BEL,1971,29821661869.912,11.665704159664504
BEL,1972,37209418018.5134,24.773120226593193
BEL,1973,47743801490.3747,28.311067554509894
BEL,1974,56033077879.0389,17.36199491851387
BEL,1975,65678189097.2908,17.213245431695245
BEL,1976,71113882967.6071,8.276254179700771
BEL,1977,82839905458.6382,16.489076396478563
BEL,1978,101246526194.441,22.219509587674736
BEL,1979,116315456796.918,14.883405059782074
BEL,1980,126829314388.191,9.039088940371665
BEL,1981,104730018470.23,-17.424438525561136
BEL,1982,92095926187.5331,-12.063487114048588
BEL,1983,87184239053.2544,-5.3332295331686375
BEL,1984,83349530159.1734,-4.398396930136251
BEL,1985,86268264148.3796,3.5018001704775648
BEL,1986,120018787249.413,39.12275671037406
BEL,1987,149394404105.889,24.47584876476885
BEL,1988,162299103675.261,8.63800732470894
BEL,1989,164221056511.057,1.184204220647822
BEL,1990,205331747947.851,25.03375164562165
BEL,1991,210510999409.333,2.522382200144424
BEL,1992,234781652446.675,11.529398988861539
BEL,1993,224721795708.955,-4.28477124719312
BEL,1994,244884129491.198,8.972130949129632
BEL,1995,288025588396.278,17.617090578599814
BEL,1996,279201433224.756,-3.063670565054577
BEL,1997,252708051420.839,-9.488984887333984
BEL,1998,258528339631.029,2.303166906422538
BEL,1999,258245733221.468,-0.10931351277169155
BEL,2000,236792460312.471,-8.307309724493662
BEL,2001,236746141604.37,-0.019560888062020165
BEL,2002,258383599375.177,9.139518652416179
BEL,2003,318082528506.588,23.104767204952203
BEL,2004,369214712443.206,16.075131248700124
BEL,2005,385714762230.039,4.46895782609722
BEL,2006,408259840868.823,5.845013166838076
BEL,2007,470922156309.453,15.348635640301422
BEL,2008,517328087920.078,9.854268054470271
BEL,2009,483254171097.812,-6.58651977689061
BEL,2010,481420882905.001,-0.37936313899709084
BEL,2011,523330354138.133,8.705370440152272
BEL,2012,496152879924.727,-5.193177502223101
BEL,2013,521791015247.06,5.167386174644939
BEL,2014,535390200131.018,2.606251255115799
BEL,2015,462335574841.484,-13.64511813470931
BEL,2016,476062757356.927,2.9690950172176267
BEL,2017,502764720556.354,5.608916636889383
BEL,2018,543299066998.902,8.062289334401406
BEL,2019,535865804349.803,-1.3681714364353947
BEL,2020,526264230147.394,-1.7917870714029172
BEL,2021,600748812601.541,14.153457177449758
BEL,2022,583435595579.963,-2.88193944930214
BEN,1960,226195578.434497,
BEN,1961,235668220.508202,4.187810451143781
BEN,1962,236434954.038578,0.3253444731422084
BEN,1963,253927697.25805,7.398543625075749
BEN,1964,269819005.87814,6.258202154269399
BEN,1965,289908680.426395,7.445611358203674
BEN,1966,302925235.151997,4.489880988198558
BEN,1967,306221953.104911,1.0882942621996516
BEN,1968,326323105.26476,6.564242686076249
BEN,1969,330748244.539574,1.356060666076253
BEN,1970,333627713.494438,0.8705923621370681
BEN,1971,335073027.54117,0.4332116272937059
BEN,1972,410331856.991218,22.460426015878298
BEN,1973,504376074.185709,22.919063092998847
BEN,1974,554654860.702577,9.968511412449676
BEN,1975,676870140.341529,22.0344737417685
BEN,1976,698408261.922237,3.182016800126619
BEN,1977,750049778.84069,7.394173255671332
BEN,1978,928843469.431727,23.837576602900732
BEN,1979,1186231019.82044,27.710540996340804
BEN,1980,1405251846.54048,18.463589558903372
BEN,1981,1291120188.43104,-8.121793854277081
BEN,1982,1267778670.35902,-1.8078501351903142
BEN,1983,1095348199.43911,-13.60099163610945
BEN,1984,1051134008.78979,-4.03654204863445
BEN,1985,1045712789.14884,-0.5157496185659305
BEN,1986,1336102025.27763,27.76950221342831
BEN,1987,1562412227.90058,16.93809292564501
BEN,1988,1620246083.79478,3.7015747100182184
BEN,1989,1502294416.17129,-7.2798613002807215
BEN,1990,1959965330.14765,30.46479498624304
BEN,1991,1986437796.53053,1.350659931361431
BEN,1992,1695315305.70308,-14.655505011831648
BEN,1993,2274558082.76135,34.167259335752135
BEN,1994,1598075943.86774,-29.74125585187739
BEN,1995,2169627137.9207,35.76495824532997
BEN,1996,2361116449.39308,8.825908752961919
BEN,1997,2268301646.46707,-3.930971001022332
BEN,1998,2455092686.34712,8.234841259802494
BEN,1999,3677393998.74486,49.78636119096491
BEN,2000,3519991440.47913,-4.280274518298932
BEN,2001,3666222635.13875,4.154305404780079
BEN,2002,4194342686.2178,14.405018560992634
BEN,2003,5349258094.48239,27.53507509196922
BEN,2004,6190270380.49856,15.722036049889798
BEN,2005,6567654954.38903,6.0964150302603715
BEN,2006,7034111314.88812,7.102327447750056
BEN,2007,8169048382.83875,16.134761267545873
BEN,2008,9787734526.23965,19.814867871285724
BEN,2009,9738626517.00319,-0.5017300898875976
BEN,2010,9535345015.78355,-2.087373418260974
BEN,2011,10693321363.6574,12.144042464715099
BEN,2012,11141358115.8991,4.189874567544649
BEN,2013,12517845123.9315,12.354750594257503
BEN,2014,13284527846.9081,6.124718075564495
BEN,2015,11388160997.1089,-14.275003761165427
BEN,2016,11821065852.1271,3.801358754307227
BEN,2017,12701655845.9612,7.449328214981943
BEN,2018,14262408079.7014,12.287785566450204
BEN,2019,14390708756.988,0.8995723342764217
BEN,2020,15686741893.5187,9.006041039509993
BEN,2021,17687623534.6665,12.755240410849789
BEN,2022,17396792699.5489,-1.6442617887450606
BFA,1960,330442815.821186,
BFA,1961,350247234.260712,5.993296719225061
BFA,1962,379567099.249422,8.371191010429314
BFA,1963,394040667.106335,3.8131776662239325
BFA,1964,410321644.964911,4.131801414847991
BFA,1965,422916789.7483,3.0695784485037736
BFA,1966,433889766.239436,2.594594671369399
BFA,1967,450753923.548048,3.8867377432695305
BFA,1968,460442689.376378,2.149457902011398
BFA,1969,478298645.39382,3.8779975074913375
BFA,1970,458404268.761971,-4.159404761740115
BFA,1971,482411179.121178,5.2370608205816405
BFA,1972,578595521.990135,19.93824916001712
BFA,1973,674773569.877548,16.62267408441036
BFA,1974,751133430.449301,11.316368035222556
BFA,1975,939972703.463021,25.140576275610993
BFA,1976,976547188.054778,3.8910156068373336
BFA,1977,1131224878.18865,15.839243820053417
BFA,1978,1475583644.93614,30.441229978860385
BFA,1979,1748480620.52397,18.49417188407778
BFA,1980,1928719888.20688,10.308336596198453
BFA,1981,1775842333.57042,-7.926374149570748
BFA,1982,1754450096.23721,-1.2046248098050327
BFA,1983,1600278605.25465,-8.787453761905983
BFA,1984,1459880132.14107,-8.773376876536998
BFA,1985,1552493196.28424,6.343881398491469
BFA,1986,2036303357.68113,31.16343199151199
BFA,1987,2369834949.73234,16.379268383224787
BFA,1988,2616040478.99309,10.389142471232349
BFA,1989,2615587733.97303,-0.01730649902765835
BFA,1990,3101300778.56414,18.56993891974408
BFA,1991,3135045584.08387,1.08808554632851
BFA,1992,3356692505.18266,7.0699744279335786
BFA,1993,3199536465.23328,-4.681871804067084
BFA,1994,1895290637.09504,-40.76358692299345
BFA,1995,2379517975.28056,25.548975376552676
BFA,1996,2586550595.41013,8.700611732305141
BFA,1997,2447669101.95178,-5.369370841026555
BFA,1998,2804902367.14687,14.594834935418
BFA,1999,3389566712.66037,20.844374205730976
BFA,2000,2968370087.59759,-12.426267448567053
BFA,2001,3190371080.94768,7.4788852736945355
BFA,2002,3622350062.96053,13.540085809846714
BFA,2003,4740768142.67494,30.875483050369024
BFA,2004,5451688537.60959,14.995890402974199
BFA,2005,6146353173.34929,12.742192275795183
BFA,2006,6547419820.38113,6.525278253955102
BFA,2007,7625722836.76847,16.46912899995727
BFA,2008,9451435490.11467,23.9415028899723
BFA,2009,9450696873.34326,-0.007814863384325577
BFA,2010,10109619740.6994,6.972214601599447
BFA,2011,12080295977.5632,19.493079734050077
BFA,2012,12561015156.5683,3.979365902109877
BFA,2013,13444300485.8412,7.031958151973239
BFA,2014,13943016076.7436,3.7094945283886016
BFA,2015,11832159315.6298,-15.139168953800642
BFA,2016,12833363045.3367,8.461716099312078
BFA,2017,14106955615.3442,9.924074971683194
BFA,2018,15890066221.2882,12.639939151750813
BFA,2019,16032813501.6639,0.89834289163917
BFA,2020,17725010530.7894,10.554585624973933
BFA,2021,19642668879.7694,10.81894053404886
BFA,2022,18820064797.8379,-4.187842736476243
BGD,1960,4274894083.33333,
BGD,1961,4817580375.0,12.694730701807533
BGD,1962,5081413541.66667,5.47646631981038
BGD,1963,5319458562.5,4.684622081659051
BGD,1964,5386054833.33333,1.251937016725857
BGD,1965,5906636791.66667,9.665366849062718
BGD,1966,6439687854.16667,9.024612165963042
BGD,1967,7253575687.5,12.63862242650038
BGD,1968,7483685770.83333,3.1723675776882843
BGD,1969,8471006437.5,13.19297331422733
BGD,1970,8992722166.66667,6.15883995621942
BGD,1971,8751843187.5,-2.6785991460909986
BGD,1972,6288245866.66667,-28.149468266890498
BGD,1973,8086725729.3407,28.600660674029665
BGD,1974,12512460519.7088,54.7283899379746
BGD,1975,19448348073.4565,55.431843663544434
BGD,1976,10117113333.3333,-47.979574948366235
BGD,1977,9651149301.8746,-4.605701410139074
BGD,1978,13281767142.8571,37.61850249562819
BGD,1979,15565480321.9448,17.194347367517835
BGD,1980,18138049095.6072,16.52739729486854
BGD,1981,20249694002.448,11.642072946821024
BGD,1982,18525399201.5968,-8.515164726157087
BGD,1983,17609048821.5488,-4.946454163152469
BGD,1984,18920840000.0,7.449528885659706
BGD,1985,22278423076.9231,17.74542291422103
BGD,1986,21774033333.3333,-2.2640280321826967
BGD,1987,24298032258.0645,11.59178405806549
BGD,1988,26579005558.3652,9.387481570832335
BGD,1989,28781715188.8919,8.28740422846046
BGD,1990,31598340778.2164,9.786163092919352
BGD,1991,30957483949.5798,-2.0281344300153936
BGD,1992,31708874594.1645,2.4271696169122947
BGD,1993,33166519417.9894,4.59696171018682
BGD,1994,33768660882.793,1.8155099641748995
BGD,1995,37939748768.6567,12.351949342442236
BGD,1996,46438484107.5795,22.400610480436
BGD,1997,48244309133.4895,3.8886390471459586
BGD,1998,49984559471.3656,3.60716189978163
BGD,1999,51270569883.5275,2.5728153369013906
BGD,2000,53369787318.6245,4.094390680395876
BGD,2001,53991289844.3291,1.1645212711719477
BGD,2002,54724081490.5102,1.3572404887786993
BGD,2003,60158929188.2556,9.931363943838623
BGD,2004,65108544250.0425,8.227565098936607
BGD,2005,69442943089.4309,6.65718899003882
BGD,2006,71819083683.7403,3.4217164316456605
BGD,2007,79611888213.148,10.850604226202321
BGD,2008,91631278239.3237,15.097481413825697
BGD,2009,102477779556.785,11.837116676613713
BGD,2010,115279077465.226,12.491779158180849
BGD,2011,128637983882.833,11.58831828927216
BGD,2012,133355820262.925,3.667529789948465
BGD,2013,149990529836.78,12.473928427764092
BGD,2014,172885432686.945,15.264232265249866
BGD,2015,195078573252.202,12.83690604832135
BGD,2016,265236390328.627,35.96387645593624
BGD,2017,293754781336.0,10.752065722218118
BGD,2018,321379127909.353,9.403879810131844
BGD,2019,351238399005.451,9.290980186031227
BGD,2020,373902197869.16,6.452540191471856
BGD,2021,416264800549.026,11.329861905409299
BGD,2022,460201265527.977,10.554931601471385
BGR,1960,,
BGR,1961,,
BGR,1962,,
BGR,1963,,
BGR,1964,,
BGR,1965,,
BGR,1966,,
BGR,1967,,
BGR,1968,,
BGR,1969,,
BGR,1970,,
BGR,1971,,
BGR,1972,,
BGR,1973,,
BGR,1974,,
BGR,1975,,
BGR,1976,,
BGR,1977,,
BGR,1978,,
BGR,1979,,
BGR,1980,19839230769.2308,
BGR,1981,19870000000.0,0.15509286185086957
BGR,1982,19342000000.0,-2.657272269753397
BGR,1983,16563666666.6667,-14.364250508392617
BGR,1984,17594944444.4444,6.226144238057385
BGR,1985,17155421052.6316,-2.4980095458703278
BGR,1986,20249294117.6471,18.034375580312023
BGR,1987,28101000000.0,38.77520785038231
BGR,1988,22555941176.4706,-19.732603193941145
BGR,1989,21988444444.4444,-2.5159523496992797
BGR,1990,20632090909.0909,-6.168483353974574
BGR,1991,10943548387.0968,-46.95860717502529
BGR,1992,10350515463.9175,-5.419018605323
BGR,1993,10832064941.654,4.652420253031941
BGR,1994,9697416974.16974,-10.474899971482298
BGR,1995,18991484420.36,95.84064984465603
BGR,1996,12294964837.6235,-35.2606433205265
BGR,1997,11316127378.9613,-7.961287173972931
BGR,1998,15031055046.7575,32.82861303508224
BGR,1999,13627325461.1743,-9.338862649471924
BGR,2000,13245990274.4581,-2.7983127562533405
BGR,2001,14183446025.7389,7.077279477461729
BGR,2002,16403043849.8297,15.649214020787806
BGR,2003,21144957990.4681,28.90874513322497
BGR,2004,26157743368.8716,23.706764424233917
BGR,2005,29868657858.0082,14.186676720564083
BGR,2006,34380536495.6739,15.105729420835011
BGR,2007,44432811756.4731,29.23827341107397
BGR,2008,54480684188.4442,22.613631761684072
BGR,2009,52023801230.12,-4.509640425634231
BGR,2010,50760929302.5147,-2.4274887604217255
BGR,2011,57737040780.0157,13.743072818714918
BGR,2012,54288135058.7926,-5.97347157843402
BGR,2013,55852123989.9504,2.8809037729220943
BGR,2014,57157782909.9307,2.337706834954445
BGR,2015,50811995688.6771,-11.102227725055924
BGR,2016,53964253211.84,6.20376641468019
BGR,2017,59309748166.1179,9.905622029631033
BGR,2018,66370132238.3914,11.904255692501685
BGR,2019,68881010245.5498,3.7831444996067054
BGR,2020,70368758395.141,2.1598814307275838
BGR,2021,84041493015.6618,19.43012059946323
BGR,2022,90346169914.9349,7.501862083885369
BHR,1960,,
BHR,1961,,
BHR,1962,,
BHR,1963,,
BHR,1964,,
BHR,1965,,
BHR,1966,,
BHR,1967,,
BHR,1968,,
BHR,1969,,
BHR,1970,,
BHR,1971,,
BHR,1972,,
BHR,1973,,
BHR,1974,,
BHR,1975,,
BHR,1976,,
BHR,1977,,
BHR,1978,,
BHR,1979,,
BHR,1980,3072698328.46909,
BHR,1981,3467819148.93617,12.859082741908523
BHR,1982,3645744680.85106,5.130761561469321
BHR,1983,3735106382.97872,2.4511234315728325
BHR,1984,3905585106.38298,4.564226716035447
BHR,1985,3651861702.12766,-6.496424923391242
BHR,1986,3052393617.02128,-16.415410385259545
BHR,1987,3392021010.6383,11.126592315064855
BHR,1988,3702393617.02128,9.15007912420256
BHR,1989,3863563829.78723,4.35313555060679
BHR,1990,4229787234.04255,9.47890135609557
BHR,1991,4616223404.25532,9.13606639839044
BHR,1992,4751063829.78723,2.9210116955693977
BHR,1993,5200265957.44681,9.454769368562598
BHR,1994,5567553457.44681,7.062859919193976
BHR,1995,5849467819.14894,5.063523212786758
BHR,1996,6101861436.17021,4.3148133270351385
BHR,1997,6349202393.61702,4.053532844594576
BHR,1998,6183776595.74468,-2.605457939703504
BHR,1999,6621010372.34043,7.070659326480655
BHR,2000,9062898936.17021,36.880905277401155
BHR,2001,8976196808.51064,-0.9566710196175832
BHR,2002,9593510638.29787,6.87723144842296
BHR,2003,11074813829.7872,15.440679093802
BHR,2004,13150159574.4681,18.73932850319322
BHR,2005,15968723404.2553,21.43368537716932
BHR,2006,18504760638.2979,15.881277230757252
BHR,2007,21730000000.0,17.429241181466914
BHR,2008,25710904255.3191,18.319853913111373
BHR,2009,22938218085.1064,-10.78408655984584
BHR,2010,25713271276.5957,12.09794580029353
BHR,2011,28776595744.6809,11.91339847479247
BHR,2012,30749308510.6383,6.855268022180971
BHR,2013,32539468085.1064,5.821788069961831
BHR,2014,33387712765.9574,2.606817906895209
BHR,2015,31050638297.8723,-6.999804043085023
BHR,2016,32234973404.2553,3.814205347476407
BHR,2017,35473776595.7447,10.047482127166418
BHR,2018,37802005319.1489,6.563238952357531
BHR,2019,38653318085.1064,2.252030702525354
BHR,2020,34621807712.766,-10.42992056584604
BHR,2021,39288670212.766,13.479546009607123
BHR,2022,44383297872.3404,12.96716746070732
BHS,1960,169803921.568627,
BHS,1961,190098039.215686,11.951501154734533
BHS,1962,212254901.960784,11.655492521918509
BHS,1963,237745098.039216,12.009237875289003
BHS,1964,266666666.666667,12.164948453608249
BHS,1965,300392156.862745,12.647058823529234
BHS,1966,340000000.0,13.185378590078379
BHS,1967,390196078.431373,14.763552479815578
BHS,1968,444901960.784314,14.0201005025125
BHS,1969,528137254.901961,18.708682238871745
BHS,1970,538423153.692615,1.9475806137863483
BHS,1971,573400000.0,6.496163113994391
BHS,1972,590900000.0,3.0519707010812747
BHS,1973,670900000.0,13.538669825689631
BHS,1974,632400000.0,-5.738560143091364
BHS,1975,596200000.0,-5.724225173940544
BHS,1976,642100000.0,7.6987588057698675
BHS,1977,713000000.0,11.041893786014633
BHS,1978,832400000.0,16.746143057503502
BHS,1979,1139800100.0,36.92937289764537
BHS,1980,1335300000.0,17.152121674669086
BHS,1981,1426500000.0,6.829925859357444
BHS,1982,1578300000.0,10.641430073606738
BHS,1983,1732800000.0,9.789013495533162
BHS,1984,2041100000.0,17.79201292705448
BHS,1985,2320699900.0,13.698491009749647
BHS,1986,2472500000.0,6.541134422421435
BHS,1987,2713999900.0,9.767437815975732
BHS,1988,2817900000.0,3.828301541204926
BHS,1989,3062000000.0,8.66247915114091
BHS,1990,3166000000.0,3.396472893533642
BHS,1991,3111160000.0,-1.7321541377132044
BHS,1992,3109000000.0,-0.06942748042531033
BHS,1993,3092000000.0,-0.5467996140238074
BHS,1994,3259000000.0,5.401034928848647
BHS,1995,3429000000.0,5.216324025774788
BHS,1996,3609000000.0,5.249343832021003
BHS,1997,6332360000.0,75.460238293156
BHS,1998,6833220000.0,7.909531359556321
BHS,1999,7683870000.0,12.448743052323795
BHS,2000,8076470000.0,5.109404505802417
BHS,2001,8317830000.0,2.9884343036004513
BHS,2002,8881160000.0,6.772559670010092
BHS,2003,8870090000.0,-0.1246458795923
BHS,2004,9055290000.0,2.0879156806751675
BHS,2005,9836200000.0,8.623798906495539
BHS,2006,10167250000.0,3.365629003070292
BHS,2007,10618340000.0,4.436696255132899
BHS,2008,10526000000.0,-0.8696274558923522
BHS,2009,9981960000.0,-5.168535056051682
BHS,2010,10095760000.0,1.1400566622186359
BHS,2011,10070450000.0,-0.25069930346997005
BHS,2012,10720400000.0,6.454031349145262
BHS,2013,10395500000.0,-3.030670497369503
BHS,2014,10974800000.0,5.572603530373721
BHS,2015,11672900000.0,6.36093596238656
BHS,2016,11750800000.0,0.667357726014961
BHS,2017,12253500000.0,4.278006603805706
BHS,2018,12653600000.0,3.265189537683111
BHS,2019,13058700000.0,3.201460453941962
BHS,2020,9754600000.0,-25.301906009020804
BHS,2021,11527600000.0,18.17604002214339
BHS,2022,12897400000.0,11.882785662236728
BIH,1960,,
BIH,1961,,
BIH,1962,,
BIH,1963,,
BIH,1964,,
BIH,1965,,
BIH,1966,,
BIH,1967,,
BIH,1968,,
BIH,1969,,
BIH,1970,,
BIH,1971,,
BIH,1972,,
BIH,1973,,
BIH,1974,,
BIH,1975,,
BIH,1976,,
BIH,1977,,
BIH,1978,,
BIH,1979,,
BIH,1980,,
BIH,1981,,
BIH,1982,,
BIH,1983,,
BIH,1984,,
BIH,1985,,
BIH,1986,,
BIH,1987,,
BIH,1988,,
BIH,1989,,
BIH,1990,,
BIH,1991,,
BIH,1992,,
BIH,1993,,
BIH,1994,1255802469.1358,
BIH,1995,1866572953.73665,48.63587224996948
BIH,1996,2786045321.63743,49.25992129373296
BIH,1997,3671909673.04401,31.796480284316942
BIH,1998,4116774300.60671,12.115347793779119
BIH,1999,4686256363.04707,13.833210685279296
BIH,2000,5567772768.81188,18.8106739681573
BIH,2001,5800615466.26648,4.1819719863367855
BIH,2002,6728220886.64546,15.991499967089284
BIH,2003,8498894359.38629,26.317112689557476
BIH,2004,10156541538.399,19.504268542672065
BIH,2005,11222796336.5426,10.498207427325479
BIH,2006,12864841905.9543,14.63134071198482
BIH,2007,15778734264.3787,22.650044048156936
BIH,2008,19112796623.1175,21.130100189757407
BIH,2009,17613949091.2294,-7.842115214448519
BIH,2010,17176315803.7298,-2.4845835833459673
BIH,2011,18644233537.1093,8.54617340617796
BIH,2012,17226735995.6905,-7.602873771117635
BIH,2013,18179108530.5261,5.528456087524947
BIH,2014,18558733564.4692,2.0882489001352145
BIH,2015,16404348871.4437,-11.608468247801573
BIH,2016,17116926327.6247,4.343832612713072
BIH,2017,18326373366.1105,7.065795665276053
BIH,2018,20484053868.9246,11.773636058316516
BIH,2019,20482608755.379,-0.0070548220330035605
BIH,2020,20226036564.4129,-1.2526343398456152
BIH,2021,23649568276.8447,16.926359751842845
BIH,2022,24473906673.7086,3.485638245967504
BLR,1960,,
BLR,1961,,
BLR,1962,,
BLR,1963,,
BLR,1964,,
BLR,1965,,
BLR,1966,,
BLR,1967,,
BLR,1968,,
BLR,1969,,
BLR,1970,,
BLR,1971,,
BLR,1972,,
BLR,1973,,
BLR,1974,,
BLR,1975,,
BLR,1976,,
BLR,1977,,
BLR,1978,,
BLR,1979,,
BLR,1980,,
BLR,1981,,
BLR,1982,,
BLR,1983,,
BLR,1984,,
BLR,1985,,
BLR,1986,,
BLR,1987,,
BLR,1988,,
BLR,1989,,
BLR,1990,,
BLR,1991,,
BLR,1992,9200000000.0,
BLR,1993,16416666666.6667,78.4420289855076
BLR,1994,14952100840.3361,-8.92121315531329
BLR,1995,13970425776.7549,-6.565465776775303
BLR,1996,14756846153.8462,5.62917973766992
BLR,1997,14130585516.1787,-4.2438650585529984
BLR,1998,15221352698.8944,7.719193103971778
BLR,1999,12138243080.6258,-20.255161806299526
BLR,2000,12736780455.1539,4.931005010794709
BLR,2001,12354820143.8849,-2.9988764634350074
BLR,2002,14594900944.7658,18.13122955083766
BLR,2003,17825444724.4878,22.13474275671996
BLR,2004,23141566292.9462,29.823219844581782
BLR,2005,30210091836.8294,30.544715316170112
BLR,2006,36961894281.3444,22.349493278546785
BLR,2007,45275711995.825,22.492942735017763
BLR,2008,60752106347.126,34.182553225729784
BLR,2009,50873167326.0414,-16.261064208437848
BLR,2010,57231904542.8755,12.499196631657616
BLR,2011,61762382327.9319,7.916000386921196
BLR,2012,65685890438.8922,6.352585446150938
BLR,2013,75527558966.4473,14.982926259804351
BLR,2014,78812805039.0743,4.349731564986037
BLR,2015,56454889146.6088,-28.368379835460434
BLR,2016,47723545321.259,-15.466054326446733
BLR,2017,54725302249.8088,14.67149366505842
BLR,2018,60031173807.7196,9.695463231414747
BLR,2019,64410122847.3508,7.294458465291753
BLR,2020,61371755326.2351,-4.717220503237507
BLR,2021,69673747131.87,13.527382036742841
BLR,2022,72793457588.4367,4.477598213086065
BLZ,1960,28072478.0724781,
BLZ,1961,29964999.965,6.741556223272305
BLZ,1962,31857591.8575919,6.316008325721678
BLZ,1963,33750113.7501138,5.94056795310125
BLZ,1964,36194586.1945862,7.242856905820538
BLZ,1965,40110040.1100401,10.81778886600324
BLZ,1966,44450044.4500445,10.820244328097871
BLZ,1967,47431255.747674,6.706880351896971
BLZ,1968,44999910.00018,-5.126041276301729
BLZ,1969,47399905.2001896,5.333333333333323
BLZ,1970,53339893.3202134,12.531645569620341
BLZ,1971,59074687.1961851,10.75141609591197
BLZ,1972,65998069.3847631,11.719710280624396
BLZ,1973,78214767.8301496,18.51069062969737
BLZ,1974,103160450.445869,31.89382684084825
BLZ,1975,118194026.251574,14.573003259222395
BLZ,1976,97094227.2292471,-17.851832018495028
BLZ,1977,117650000.0,21.17095254511796
BLZ,1978,136300000.0,15.852103697407571
BLZ,1979,151800000.0,11.371973587674255
BLZ,1980,197938222.43,30.394085922266136
BLZ,1981,196089854.655,-0.9338104345428699
BLZ,1982,182206326.985,-7.080186628944485
BLZ,1983,192103185.955,5.431676898253235
BLZ,1984,214381949.02,11.597289734808868
BLZ,1985,212643742.665,-0.8107988396158561
BLZ,1986,231638320.535,8.932582558953616
BLZ,1987,281082558.585,21.3454483419677
BLZ,1988,320093360.27,13.878769953349156
BLZ,1989,369133890.705,15.320695934971628
BLZ,1990,545686365.523175,47.828844563955286
BLZ,1991,594975697.04556,9.03253858562676
BLZ,1992,693625168.24559,16.580420291095677
BLZ,1993,750018765.327715,8.130269728355355
BLZ,1994,769649509.481095,2.6173670661163273
BLZ,1995,816491620.228815,6.086161320274397
BLZ,1996,848205276.869645,3.884137430821699
BLZ,1997,870861115.17749,2.671032464152767
BLZ,1998,926550756.039735,6.394778672704304
BLZ,1999,996906468.694785,7.593292887241776
BLZ,2000,1134756760.62071,13.827805943160087
BLZ,2001,1168127973.94349,2.9408252482695962
BLZ,2002,1240059540.09348,6.157849803661142
BLZ,2003,1303381860.75674,5.106393573528445
BLZ,2004,1394273990.60003,6.973561055277999
BLZ,2005,1468145956.19917,5.298238803647859
BLZ,2006,1584207353.22049,7.90530372891447
BLZ,2007,1699214298.91439,7.259589185727844
BLZ,2008,1731921564.0667,1.9248463936071047
BLZ,2009,1681473348.43468,-2.912846440549144
BLZ,2010,1739070295.44027,3.425385663067937
BLZ,2011,1818831938.17757,4.586453057500317
BLZ,2012,1899503249.8643,4.435336217350616
BLZ,2013,2021757434.18064,6.4361134588779345
BLZ,2014,2125125606.25723,5.112788029315807
BLZ,2015,2194709309.24204,3.2743336572637283
BLZ,2016,2240593542.9757,2.090674766833067
BLZ,2017,2266664817.08822,1.1635878445804826
BLZ,2018,2292787335.62452,1.152464993472524
BLZ,2019,2386792476.10637,4.100037496772235
BLZ,2020,2047727810.06777,-14.205871244898683
BLZ,2021,2424575179.3783,18.403196335847905
BLZ,2022,2830507575.6841,16.742413258964707
BMU,1960,84466652.5888912,
BMU,1961,89249985.1250025,5.662983425414447
BMU,1962,94149984.3083359,5.490196078431286
BMU,1963,96366650.6055582,2.354399008674113
BMU,1964,107566648.738892,11.622276029055856
BMU,1965,114339050.285848,6.296004966553692
BMU,1966,134173375.335433,17.346938775509436
BMU,1967,155102980.09435,15.598925425102461
BMU,1968,150000000.0,-3.2900593471807182
BMU,1969,164900000.0,9.933333333333326
BMU,1970,186300000.0,12.97756215888417
BMU,1971,211100000.0,13.311862587224898
BMU,1972,235400000.0,11.511132164850778
BMU,1973,269500000.0,14.485981308411212
BMU,1974,312600000.0,15.992578849721717
BMU,1975,345000000.0,10.364683301343568
BMU,1976,386300000.0,11.971014492753618
BMU,1977,447000000.0,15.713176287859177
BMU,1978,475800000.0,6.442953020134223
BMU,1979,517200000.0,8.701134930643128
BMU,1980,613299968.0,18.58081361175561
BMU,1981,739100032.0,20.511995852574373
BMU,1982,785500032.0,6.277905289009644
BMU,1983,889400000.0,13.227239181067274
BMU,1984,985699968.0,10.82752057566898
BMU,1985,1039500032.0,5.458056786707743
BMU,1986,1173500032.0,12.890812493981718
BMU,1987,1296499968.0,10.481459961306584
BMU,1988,1415100032.0,9.147710522735618
BMU,1989,1501500032.0,6.105575439630839
BMU,1990,1592400000.0,6.05394379372215
BMU,1991,1634900000.0,2.6689274051745704
BMU,1992,1679900000.0,2.7524619242767168
BMU,1993,1820359900.0,8.3612060241681
BMU,1994,1867160100.0,2.5709311658645095
BMU,1995,2030750000.0,8.76142865306515
BMU,1996,2695390000.0,32.72879478025361
BMU,1997,2932827000.0,8.809003520826298
BMU,1998,3130748000.0,6.748471696421232
BMU,1999,3324433000.0,6.18654072445306
BMU,2000,3480219000.0,4.686092335144076
BMU,2001,3680483000.0,5.754350516447393
BMU,2002,3937228000.0,6.975850723940313
BMU,2003,4186525000.0,6.331789776969998
BMU,2004,4484703000.0,7.122326989567718
BMU,2005,4868136000.0,8.549796943075162
BMU,2006,6144000000.0,26.208470757595936
BMU,2007,6767000000.0,10.139973958333325
BMU,2008,6980000000.0,3.147628195655394
BMU,2009,6656000000.0,-4.641833810888252
BMU,2010,6634526000.0,-0.3226262019230819
BMU,2011,6312691000.0,-4.850911730544127
BMU,2012,6378188000.0,1.0375448441876767
BMU,2013,6465756000.0,1.3729291140367694
BMU,2014,6413988000.0,-0.800648833639872
BMU,2015,6654541000.0,3.750443561790262
BMU,2016,6899911000.0,3.6872565666061785
BMU,2017,7142316000.0,3.5131612567176562
BMU,2018,7225977000.0,1.1713427409260513
BMU,2019,7423465000.0,2.733028350353184
BMU,2020,6887147000.0,-7.224631624180889
BMU,2021,7127200000.0,3.485521653596191
BMU,2022,7546000000.0,5.876080368167025
BOL,1960,373250000.0,
BOL,1961,406000000.0,8.774279973208298
BOL,1962,443916666.666667,9.339080459770187
BOL,1963,478000000.0,7.677867467617716
BOL,1964,538583333.333333,12.674337517433676
BOL,1965,598333333.333333,11.093919232554539
BOL,1966,662500000.0,10.724233983286968
BOL,1967,748250000.0,12.943396226415093
BOL,1968,849333333.333333,13.509299476556368
BOL,1969,920333333.333333,8.359497645211933
BOL,1970,1006833333.33333,9.398768562114856
BOL,1971,1084666666.66667,7.730508194008312
BOL,1972,1286153846.15385,18.57595385560966
BOL,1973,1263600000.0,-1.753588516746707
BOL,1974,2101300000.0,66.29471351693574
BOL,1975,2405900000.0,14.495788321515256
BOL,1976,2733350000.0,13.610291367055982
BOL,1977,3229050000.0,18.135255272833707
BOL,1978,3760100000.0,16.44601353339217
BOL,1979,4510500000.0,19.956916039467032
BOL,1980,4450368036.69452,-1.3331551558691923
BOL,1981,5778487836.53844,29.842920605514035
BOL,1982,5600385567.80759,-3.0821604850438056
BOL,1983,5414008064.03461,-3.3279405768832038
BOL,1984,6169304491.53731,13.950781354024077
BOL,1985,5377276656.9045,-12.838203005205317
BOL,1986,3959383519.78036,-26.36823856372621
BOL,1987,4347956337.83337,9.81397270842217
BOL,1988,4597611710.02127,5.7419015461481315
BOL,1989,4715973437.39371,2.574417650678318
BOL,1990,4867582597.52327,3.214800976770271
BOL,1991,5343262457.10226,9.77240447488299
BOL,1992,5643868748.68126,5.625894179677338
BOL,1993,5734699488.84934,1.6093701716451747
BOL,1994,5981222858.82727,4.298801889397574
BOL,1995,6715161732.22658,12.27071605125265
BOL,1996,7396949126.35685,10.15295567429626
BOL,1997,7925736821.45034,7.148726942156625
BOL,1998,8497494652.12546,7.21393913973658
BOL,1999,8285064434.56826,-2.4999158723102544
BOL,2000,8397855484.76908,1.3613780688320976
BOL,2001,8141516928.39489,-3.0524287639755565
BOL,2002,7905485146.44351,-2.8991130771733653
BOL,2003,8082399639.54305,2.237870160051214
BOL,2004,8773451751.5121,8.550085900084504
BOL,2005,9549122905.32852,8.841117222565597
BOL,2006,11451844902.2214,19.925620559676105
BOL,2007,13120108008.3477,14.56763622255044
BOL,2008,16674276285.8956,27.08947422754866
BOL,2009,17339992193.7322,3.992472575254835
BOL,2010,19649723722.1034,13.32025702529489
BOL,2011,23963164696.592,21.951662198876278
BOL,2012,27084497481.9103,13.025544934648025
BOL,2013,30659338885.6729,13.19884707534349
BOL,2014,32996188017.3661,7.621981479793782
BOL,2015,33000198248.9146,0.012153620734589587
BOL,2016,33941126193.9219,2.851279673867557
BOL,2017,37508642170.767,10.510894530906745
BOL,2018,40287647930.5355,7.408974569424331
BOL,2019,40895322850.9407,1.5083405252472426
BOL,2020,36629843806.0781,-10.430236876744637
BOL,2021,40406111695.179,10.309265606189367
BOL,2022,44008282877.9606,8.9149166590345
BRA,1960,,
BRA,1961,,
BRA,1962,,
BRA,1963,,
BRA,1964,,
BRA,1965,,
BRA,1966,,
BRA,1967,,
BRA,1968,,
BRA,1969,,
BRA,1970,,
BRA,1971,,
BRA,1972,,
BRA,1973,,
BRA,1974,,
BRA,1975,,
BRA,1976,,
BRA,1977,,
BRA,1978,,
BRA,1979,,
BRA,1980,,
BRA,1981,,
BRA,1982,,
BRA,1983,,
BRA,1984,,
BRA,1985,,
BRA,1986,,
BRA,1987,,
BRA,1988,,
BRA,1989,425595310393.455,
BRA,1990,461951781818.18,8.542498128354392
BRA,1991,407337837837.838,-11.82243388376788
BRA,1992,390590371724.558,-4.111443759356137
BRA,1993,438302216833.007,12.215315215730694
BRA,1994,546229749726.263,24.623998863865282
BRA,1995,769333050986.905,40.844223767095755
BRA,1996,850426432991.742,10.54073809786409
BRA,1997,883206179730.462,3.8545070410621163
BRA,1998,863710759256.435,-2.2073464748601057
BRA,1999,599642024319.531,-30.573746142081138
BRA,2000,655448231983.527,9.306587163787338
BRA,2001,559983634798.981,-14.56478063807567
BRA,2002,509795273806.715,-8.962469235423676
BRA,2003,558233745651.874,9.50155372831567
BRA,2004,669289424806.307,19.894117834948943
BRA,2005,891633839853.105,33.22096641690471
BRA,2006,1107626541710.74,24.224372405293558
BRA,2007,1397114486471.38,26.1358800876623
BRA,2008,1695855083552.05,21.38268552602185
BRA,2009,1666996438681.46,-1.7017164467935664
BRA,2010,2208837745214.23,32.504047036918024
BRA,2011,2616156223977.47,18.440398333728012
BRA,2012,2465227803011.57,-5.7690905299392465
BRA,2013,2472819535742.73,0.30795258441780327
BRA,2014,2456043727198.85,-0.6784081208271897
BRA,2015,1802212206904.68,-26.621330599837222
BRA,2016,1795693482652.52,-0.36170680828735424
BRA,2017,2063514977334.32,14.914655383511555
BRA,2018,1916933898038.36,-7.103465732306713
BRA,2019,1873288205186.45,-2.2768491337428864
BRA,2020,1476107231194.11,-21.20234211119736
BRA,2021,1649622821885.14,11.754944832203208
BRA,2022,1920095779022.73,16.39604845115452
BRB,1960,,
BRB,1961,,
BRB,1962,,
BRB,1963,,
BRB,1964,,
BRB,1965,,
BRB,1966,,
BRB,1967,,
BRB,1968,,
BRB,1969,,
BRB,1970,,
BRB,1971,,
BRB,1972,,
BRB,1973,,
BRB,1974,311809337.473213,
BRB,1975,402178605.019554,28.98221980093989
BRB,1976,435911268.58968,8.387483359162262
BRB,1977,495097667.929041,13.577625449061914
BRB,1978,552883707.055138,11.671644378332857
BRB,1979,670362452.145379,21.248364455515613
BRB,1980,1012280614.52792,51.004969220500215
BRB,1981,1114204743.20091,10.068762278977616
BRB,1982,1163923830.35847,4.462293618920143
BRB,1983,1236016506.73694,6.19393421614769
BRB,1984,1346890071.09829,8.970233306515807
BRB,1985,1409536120.91682,4.651162790698038
BRB,1986,1547755183.21484,9.805996472663402
BRB,1987,1704370307.76115,10.118856408608812
BRB,1988,1812757917.76463,6.359393232205357
BRB,1989,2006165166.80754,10.669226549643573
BRB,1990,2012131457.26644,0.297397769516361
BRB,1991,2020583702.08323,0.42006424512008866
BRB,1992,1957000000.0,-3.1467987204724546
BRB,1993,2063342117.03873,5.433935464421569
BRB,1994,2151344901.30761,4.265060240963825
BRB,1995,2216974096.35559,3.0506124335567764
BRB,1996,2363645403.47039,6.615833146445338
BRB,1997,2498384129.66738,5.700462768195336
BRB,1998,2817083478.34734,12.756218905472716
BRB,1999,2951822204.54432,4.7829156371335335
BRB,2000,3059500000.0,3.6478415024424615
BRB,2001,3054500000.0,-0.16342539630658237
BRB,2002,3106500000.0,1.7024062858078226
BRB,2003,3209500000.0,3.3156285208433944
BRB,2004,3444500000.0,7.32201277457547
BRB,2005,3819500000.0,10.886921178690656
BRB,2006,4217450000.0,10.41890299777457
BRB,2007,4674000000.0,10.825261710275157
BRB,2008,4785250000.0,2.3801882755669634
BRB,2009,4465500000.0,-6.681991536492349
BRB,2010,4531150000.0,1.4701601164483158
BRB,2011,4656400000.0,2.7641989340454476
BRB,2012,4613850000.0,-0.9137960656301014
BRB,2013,4685550000.0,1.5540167105562608
BRB,2014,4707600000.0,0.47059576783941015
BRB,2015,4734000000.0,0.5607953097119589
BRB,2016,4843300000.0,2.3088297422898085
BRB,2017,4992300000.0,3.0764148411207337
BRB,2018,5110250000.0,2.3626384632333686
BRB,2019,5341100000.0,4.517391517049063
BRB,2020,4738800000.0,-11.27670330081818
BRB,2021,4923100000.0,3.88917025407276
BRB,2022,5699950000.0,15.779691657695349
BRN,1960,,
BRN,1961,,
BRN,1962,,
BRN,1963,,
BRN,1964,,
BRN,1965,114039500.591268,
BRN,1966,132757528.044374,16.413635061586064
BRN,1967,139029537.243321,4.724409448819045
BRN,1968,160818235.866746,15.6719924812033
BRN,1969,161210236.44168,0.24375380865315766
BRN,1970,179078929.315763,11.084093211752855
BRN,1971,197525767.791735,10.300954191794043
BRN,1972,270822782.026674,37.10757085233611
BRN,1973,433095526.686136,59.918424677979786
BRN,1974,1073591623.99918,147.88795031291352
BRN,1975,1168304305.65513,8.822039920835145
BRN,1976,1423037167.08717,21.803639702346022
BRN,1977,1732721160.94122,21.762185908885677
BRN,1978,1941579358.18648,12.05376848585422
BRN,1979,2803834158.48186,44.40996947458093
BRN,1980,4928806542.84871,75.78809103022766
BRN,1981,4366230382.84804,-11.414044254119116
BRN,1982,4264202520.99859,-2.3367493902806458
BRN,1983,3844632166.77315,-9.83936274506927
BRN,1984,3782553233.98105,-1.6146910835478812
BRN,1985,3523532486.42138,-6.8477753394909024
BRN,1986,2358574402.60639,-33.06222060685926
BRN,1987,2754485672.48643,16.78604115445883
BRN,1988,2690684124.87422,-2.3162780714200526
BRN,1989,2985532273.16591,10.95811082266942
BRN,1990,3520487626.98389,17.91825727781211
BRN,1991,3701774188.88021,5.149473058981702
BRN,1992,4183632940.38492,13.016967727317619
BRN,1993,4105729020.64685,-1.862111730358984
BRN,1994,4087220218.87545,-0.45080427077196505
BRN,1995,4734103536.46706,15.826974886359135
BRN,1996,5115454089.63285,8.055391062494198
BRN,1997,5197311972.06908,1.6002075475982869
BRN,1998,4051142386.30212,-22.053122689701908
BRN,1999,4600116699.1257,13.55109893643316
BRN,2000,6001282104.08228,30.459344764511865
BRN,2001,5601018684.24974,-6.669631803515241
BRN,2002,5843368267.85391,4.326884041391721
BRN,2003,6557397070.22741,12.219472907459593
BRN,2004,7872202803.40877,20.05072621194437
BRN,2005,9531420027.79385,21.07691158142695
BRN,2006,11470464771.013,20.34371308330605
BRN,2007,12247677993.9248,6.7757779516998795
BRN,2008,14393434224.7597,17.519698279945437
BRN,2009,10732595016.1182,-25.434091346623145
BRN,2010,13707280259.9763,27.716365328149628
BRN,2011,18525128526.3766,35.148097762820754
BRN,2012,19048443340.7732,2.824891679706787
BRN,2013,18094321616.7959,-5.0089222878123785
BRN,2014,17097802752.8728,-5.507356866024127
BRN,2015,12930291487.9581,-24.374542888058937
BRN,2016,11400466356.3898,-11.83132749167346
BRN,2017,12128183904.4501,6.383226135766162
BRN,2018,13566937673.7966,11.862895390451577
BRN,2019,13469235364.7032,-0.7201500548064343
BRN,2020,12005799653.9835,-10.865024413744418
BRN,2021,14006496617.4458,16.664420706024984
BRN,2022,16681536466.7183,19.09856491837225
BTN,1960,,
BTN,1961,,
BTN,1962,,
BTN,1963,,
BTN,1964,,
BTN,1965,,
BTN,1966,,
BTN,1967,,
BTN,1968,,
BTN,1969,,
BTN,1970,,
BTN,1971,,
BTN,1972,,
BTN,1973,,
BTN,1974,,
BTN,1975,,
BTN,1976,,
BTN,1977,,
BTN,1978,,
BTN,1979,,
BTN,1980,128669200.891015,
BTN,1981,139174178.055541,8.164329219254185
BTN,1982,141439317.409847,1.6275571991537285
BTN,1983,156704289.90371,10.792594855099512
BTN,1984,160423493.962596,2.3733900719446366
BTN,1985,163288815.320869,1.7860983372803618
BTN,1986,191218115.488485,17.10423344840479
BTN,1987,242742766.354203,26.9454861711681
BTN,1988,272298066.541674,12.175563717661863
BTN,1989,264798626.162522,-2.7541291329750472
BTN,1990,287765007.10715,8.67314958444394
BTN,1991,240294286.015925,-16.496349423593813
BTN,1992,240233531.160464,-0.025283520664731718
BTN,1993,225973692.8371,-5.935823469138923
BTN,1994,258954708.048533,14.59506847781984
BTN,1995,290490983.815778,12.17829789807665
BTN,1996,303408345.620078,4.446734158362675
BTN,1997,352229076.707627,16.090767374171477
BTN,1998,363458380.903342,3.1880684867581444
BTN,1999,399311199.50776,9.864353248729362
BTN,2000,424448931.007248,6.295273343316143
BTN,2001,461479581.813528,8.724406660279161
BTN,2002,520846133.513339,12.864394014251213
BTN,2003,603999374.539588,15.965029914946927
BTN,2004,682577068.508011,13.009565453328587
BTN,2005,796938571.960642,16.754372323495193
BTN,2006,874989741.101421,9.793875197777947
BTN,2007,1168307584.21345,33.522432245069055
BTN,2008,1227809270.44945,5.092981252540518
BTN,2009,1234015133.10525,0.5054419122872522
BTN,2010,1547990911.56653,25.443430152367586
BTN,2011,1777102573.23973,14.80058183554478
BTN,2012,1781280181.55431,0.2350797515848546
BTN,2013,1756214316.41385,-1.4071826206805915
BTN,2014,1907090375.97776,8.590982214061182
BTN,2015,2003596838.78013,5.060403220423737
BTN,2016,2158971711.31564,7.7547972490368045
BTN,2017,2591358114.48376,20.027423282199063
BTN,2018,2583335723.83252,-0.30958247748161805
BTN,2019,2735683408.71698,5.89732428034726
BTN,2020,2457604042.76364,-10.164895728331292
BTN,2021,2768003872.54065,12.630180630235177
BTN,2022,,
BWA,1960,30411413.6552828,
BWA,1961,32902612.8664855,8.191658695780335
BWA,1962,35644956.6430429,8.334729486942184
BWA,1963,38091842.8546863,6.86460706390275
BWA,1964,41616347.7906865,9.252650100037352
BWA,1965,45788696.3343915,10.025744125097734
BWA,1966,51465655.3921083,12.398167041617402
BWA,1967,58642354.089673,13.944636754135598
BWA,1968,66248441.4182466,12.970296719232554
BWA,1969,77361546.5067537,16.774892888946134
BWA,1970,96243233.6609837,24.407070446273483
BWA,1971,127448613.505061,32.4234532206161
BWA,1972,164460914.977201,29.04096047358746
BWA,1973,244124164.042218,48.439016088449094
BWA,1974,306044207.530203,25.36415996790746
BWA,1975,355168571.536751,16.05139479782507
BWA,1976,372025093.006273,4.7460622421029
BWA,1977,451624780.274597,21.39632212039575
BWA,1978,590407374.447116,30.729623402891313
BWA,1979,819870258.783053,38.86517924184405
BWA,1980,1060889703.75374,29.397266505121934
BWA,1981,1073812830.30052,1.2181404439174148
BWA,1982,1014945695.71927,-5.482066606037406
BWA,1983,1172230396.58099,15.49685875067983
BWA,1984,1240822167.43571,5.851389885024272
BWA,1985,1114783342.71539,-10.157686413742306
BWA,1986,1392602163.53829,24.921328672366847
BWA,1987,1965226890.04557,41.119046164079535
BWA,1988,2644554158.72794,34.56737092919677
BWA,1989,3083822112.02023,16.610283886323685
BWA,1990,3790636324.44775,22.92007083263574
BWA,1991,3942876703.45184,4.016222237470091
BWA,1992,4146464586.61674,5.163435188999621
BWA,1993,4160129174.70569,0.3295479269991519
BWA,1994,4259259604.15623,2.3828690237137407
BWA,1995,4730599121.92704,11.066231260261095
BWA,1996,4847757217.75815,2.476601648363408
BWA,1997,5020265626.66489,3.55851997444947
BWA,1998,4790481509.17679,-4.5771306655092765
BWA,1999,5484263346.88105,14.482507371654197
BWA,2000,5788329609.15755,5.544341018004273
BWA,2001,5489608299.66445,-5.160751540833153
BWA,2002,5438863982.88692,-0.924370446988565
BWA,2003,7511582173.37724,38.109395583563256
BWA,2004,8957467706.5354,19.24874813035673
BWA,2005,9918907108.09702,10.733383954710195
BWA,2006,9919158482.41085,0.002534294465017517
BWA,2007,10567270655.5027,6.5339431186739905
BWA,2008,10730829116.4105,1.5477833987589618
BWA,2009,10118459242.3183,-5.7066408145080905
BWA,2010,12637273429.1339,24.893258217428958
BWA,2011,15110643612.1729,19.572023956820516
BWA,2012,13907464500.1489,-7.962461050002778
BWA,2013,14271738933.2042,2.6192727872963673
BWA,2014,15470088500.7414,8.396661213786327
BWA,2015,13530748844.505,-12.536060515383983
BWA,2016,15082636722.902,11.469342134949478
BWA,2017,16105156375.533,6.779448921410225
BWA,2018,17031943186.1353,5.754596782495547
BWA,2019,16725908666.8462,-1.7968267974157182
BWA,2020,14960291541.176,-10.556180598845277
BWA,2021,18737066311.1597,25.24532867283156
BWA,2022,20355541962.8512,8.637828488270571
CAF,1960,112155598.492157,
CAF,1961,123134583.463559,9.789065476004533
CAF,1962,124482773.83306,1.0948917286913051
CAF,1963,129379123.76305,3.9333554187636954
CAF,1964,142025078.735754,9.774339634471719
CAF,1965,150574795.409863,6.0198640621887956
CAF,1966,157930018.091087,4.884763523140223
CAF,1967,163820513.562432,3.7298137127721898
CAF,1968,191767441.604577,17.059480180114583
CAF,1969,188039210.130379,-1.944142051957698
CAF,1970,189106529.207011,0.5676045309337185
CAF,1971,201450799.82635,6.527680810970815
CAF,1972,230317883.36443,14.329594900076525
CAF,1973,271183082.043062,17.742955119977076
CAF,1974,281398705.570596,3.7670578306621127
CAF,1975,378660016.265936,34.56352455428746
CAF,1976,451152461.31276,19.144467842602086
CAF,1977,507298147.526539,12.444947335631662
CAF,1978,610578631.992983,20.358931916076205
CAF,1979,700764747.756462,14.770598091371712
CAF,1980,797048198.534875,13.739768030094268
CAF,1981,694803622.898966,-12.82790373579087
CAF,1982,748312390.756606,7.70127933910052
CAF,1983,658679332.681331,-11.978026714838775
CAF,1984,637820670.299604,-3.1667400731728135
CAF,1985,864849836.286193,35.594513718087306
CAF,1986,1122265013.42004,29.764147061555768
CAF,1987,1200991977.80801,7.0150065667693
CAF,1988,1264899287.51261,5.321210373215002
CAF,1989,1233930280.91724,-2.4483377373284654
CAF,1990,1440711459.16967,16.757930447960145
CAF,1991,1377374986.58709,-4.396194128912045
CAF,1992,1411917553.12436,2.5078549322912425
CAF,1993,1278781261.55928,-9.429466421071808
CAF,1994,851174356.781737,-33.4386276708607
CAF,1995,1115389673.69197,31.04126843167865
CAF,1996,1007791127.09913,-9.646722498038374
CAF,1997,937741513.015352,-6.9508067892413266
CAF,1998,967338389.650578,3.156187096810492
CAF,1999,999477510.686632,3.322427950746709
CAF,2000,916777282.691659,-8.274346056887138
CAF,2001,932648604.751954,1.7312080436479471
CAF,2002,996068144.884889,6.799939420892831
CAF,2003,1142315522.53864,14.682467098739727
CAF,2004,1272360517.32373,11.384332281161935
CAF,2005,1337894378.73743,5.150573325832464
CAF,2006,1461859762.33459,9.265707784357824
CAF,2007,1699811294.94935,16.277315974191087
CAF,2008,1993407888.49838,17.27230513301057
CAF,2009,2067381665.25454,3.7109202377985984
CAF,2010,2142591540.40068,3.63792890350898
CAF,2011,2437982705.12093,13.786629842896225
CAF,2012,2510126512.22831,2.959159921678012
CAF,2013,1691544110.18543,-32.611200991467214
CAF,2014,1894813389.40325,12.016788565775993
CAF,2015,1695825714.19282,-10.501703034360489
CAF,2016,1825018144.65595,7.618261085551659
CAF,2017,2072349972.6818,13.552294192257275
CAF,2018,2220979146.11241,7.1720112620877075
CAF,2019,2221301351.43918,0.014507354890458402
CAF,2020,2326720900.38047,4.745846342414928
CAF,2021,2516498412.46384,8.156436470413686
CAF,2022,2382618615.01694,-5.3200827301862486
CAN,1960,40461721692.6468,
CAN,1961,40934952063.9468,1.1695754691180227
CAN,1962,42227447631.9159,3.1574375999024573
CAN,1963,45029988561.2124,6.6367755724319855
CAN,1964,49377522896.703,9.654753364151292
CAN,1965,54515179580.7148,10.404848973002734
CAN,1966,61088384036.6515,12.057567280328696
CAN,1967,65668655501.1254,7.497778074675954
CAN,1968,71829810519.8955,9.382185415178036
CAN,1969,79148411661.6902,10.188807528272115
CAN,1970,88192257632.3093,11.42644025413404
CAN,1971,99606454743.5136,12.942402675291875
CAN,1972,113463848873.624,13.912144715714625
CAN,1973,131764343565.643,16.128921126589056
CAN,1974,160949188139.059,22.1492733038787
CAN,1975,174419757176.563,8.369454480171413
CAN,1976,207271612576.065,18.834939304637643
CAN,1977,212325176304.654,2.438135963618482
CAN,1978,219369542386.254,3.317725294852658
CAN,1979,243891124295.715,11.178207167102872
CAN,1980,274776566028.053,12.663618580432544
CAN,1981,307246642755.859,11.816901709329542
CAN,1982,314647807408.608,2.4088675424941863
CAN,1983,341866277182.733,8.65045588535709
CAN,1984,356718400123.543,4.344424686518988
CAN,1985,366186012449.652,2.6540857782581417
CAN,1986,379006836991.724,3.5011781188214464
CAN,1987,433134238310.709,14.281378602193119
CAN,1988,509380027626.554,17.603269973118607
CAN,1989,567211993243.243,11.353402662086287
CAN,1990,596075591360.987,5.088679093808612
CAN,1991,612527712315.615,2.7600729157628567
CAN,1992,594387358318.855,-2.9615564540225847
CAN,1993,579053561739.4,-2.579764923470873
CAN,1994,579944346807.264,0.1538346582634187
CAN,1995,605961090061.207,4.486075844548121
CAN,1996,630607994132.747,4.067407045731342
CAN,1997,654986999855.554,3.8659525330525746
CAN,1998,634000000000.0,-3.2041857105839178
CAN,1999,678412196271.118,7.005078276201582
CAN,2000,744773415931.587,9.7818435495739
CAN,2001,738981792355.372,-0.777635647611119
CAN,2002,760649334098.005,2.9320805961364327
CAN,2003,895540646634.787,17.733705465835857
CAN,2004,1026690238278.25,14.644739145709318
CAN,2005,1173108598778.68,14.261201192091999
CAN,2006,1319264809590.97,12.458881553204272
CAN,2007,1468820407783.26,11.336283444008387
CAN,2008,1552989690721.65,5.730399883633019
CAN,2009,1374625142157.29,-11.48523712874595
CAN,2010,1617343367486.26,17.657048302496214
CAN,2011,1793326630174.52,10.881008091793154
CAN,2012,1828366481521.6,1.9539023598657002
CAN,2013,1846597421834.98,0.9971163056001542
CAN,2014,1805749878439.94,-2.2120437791172454
CAN,2015,1556508816217.14,-13.802634860932649
CAN,2016,1527994741907.43,-1.8319250114502528
CAN,2017,1649265644244.09,7.936604689180737
CAN,2018,1725329192783.02,4.611964652534328
CAN,2019,1743725183672.52,1.0662307788246839
CAN,2020,1647598402302.68,-5.512725415101483
CAN,2021,2001486745423.92,21.479041411222923
CAN,2022,2137939220074.91,6.817555747644444
CEB,1960,,
CEB,1961,,
CEB,1962,,
CEB,1963,,
CEB,1964,,
CEB,1965,,
CEB,1966,,
CEB,1967,,
CEB,1968,,
CEB,1969,,
CEB,1970,,
CEB,1971,,
CEB,1972,,
CEB,1973,,
CEB,1974,,
CEB,1975,,
CEB,1976,,
CEB,1977,,
CEB,1978,,
CEB,1979,,
CEB,1980,,
CEB,1981,,
CEB,1982,,
CEB,1983,,
CEB,1984,,
CEB,1985,,
CEB,1986,,
CEB,1987,,
CEB,1988,,
CEB,1989,,
CEB,1990,255342985523.694,
CEB,1991,242589999851.319,-4.994453106365682
CEB,1992,260007192125.902,7.179682709616153
CEB,1993,274155699209.854,5.441582968636083
CEB,1994,310993103188.365,13.436672695362638
CEB,1995,393418186744.059,26.50383005624728
CEB,1996,416195415174.039,5.789571808686578
CEB,1997,410169356182.417,-1.4478917287212623
CEB,1998,448894516201.305,9.441261136452518
CEB,1999,435065154081.647,-3.0807598713137985
CEB,2000,428597869265.835,-1.486509492920285
CEB,2001,468614929760.097,9.336738085704678
CEB,2002,528073644706.221,12.688181952837763
CEB,2003,634392755114.964,20.1333869763356
CEB,2004,763090521706.343,20.28676487140155
CEB,2005,886071992246.426,16.116236153095542
CEB,2006,1001637168216.98,13.04241381984841
CEB,2007,1265564800459.09,26.349624456521425
CEB,2008,1530711739102.62,20.95087810180456
CEB,2009,1289846065408.44,-15.735534492953429
CEB,2010,1316531033893.12,2.0688490820980343
CEB,2011,1454696041345.17,10.494625944629753
CEB,2012,1358996129796.77,-6.5786878377633755
CEB,2013,1417459171481.04,4.30192848989297
CEB,2014,1463675951157.07,3.260536924512625
CEB,2015,1293469512790.95,-11.628696791224035
CEB,2016,1316594480887.55,1.7878247510219936
CEB,2017,1461306924995.73,10.991421140594904
CEB,2018,1648634467771.53,12.819178474525295
CEB,2019,1674210532695.96,1.5513484295279323
CEB,2020,1665327992740.77,-0.5305509541196463
CEB,2021,1908002281033.51,14.57216172132858
CEB,2022,1944160092868.98,1.8950612478243034
CHE,1960,9522746719.21614,
CHE,1961,10712712465.0522,12.496034819815204
CHE,1962,11879982758.5619,10.896122688979592
CHE,1963,13063643795.7884,9.963491204340658
CHE,1964,14480556571.5476,10.846229412776843
CHE,1965,15346741669.7575,5.981711365375553
CHE,1966,16480058704.8531,7.384740419061919
CHE,1967,17740013179.26,7.645327586338402
CHE,1968,18942729779.1,6.779682673776732
CHE,1969,20524886616.4789,8.352316988254449
CHE,1970,,
CHE,1971,,
CHE,1972,,
CHE,1973,,
CHE,1974,,
CHE,1975,,
CHE,1976,,
CHE,1977,,
CHE,1978,,
CHE,1979,,
CHE,1980,122557843886.137,
CHE,1981,112244805518.786,-8.414833388332433
CHE,1982,115043365512.486,2.4932645931945663
CHE,1983,114634358534.61,-0.3555241765172412
CHE,1984,109455312167.511,-4.517883148912427
CHE,1985,110980314191.527,1.393264514820558
CHE,1986,159089921062.872,43.34967622124288
CHE,1987,199236370037.554,25.235067505512298
CHE,1988,215540625298.982,8.183372974700776
CHE,1989,208105846934.409,-3.449362900501951
CHE,1990,265763573999.424,27.70596209302454
CHE,1991,268901693863.319,1.1807938223700187
CHE,1992,279921425828.474,4.098052268408647
CHE,1993,272237527070.926,-2.7450198693459216
CHE,1994,301375055202.164,10.702980020695986
CHE,1995,352835806342.495,17.07531869411383
CHE,1996,340103959546.926,-3.608433885309892
CHE,1997,294788198856.198,-13.324090890060791
CHE,1998,303459014346.806,2.9413713046354983
CHE,1999,297873643323.126,-1.8405684984189818
CHE,2000,279216033870.204,-6.263598633559764
CHE,2001,286582672434.226,2.638329347320534
CHE,2002,309301422430.386,7.927468120520853
CHE,2003,362075086507.76,17.06221189113726
CHE,2004,403912891033.374,11.555007810435836
CHE,2005,418284865884.998,3.5581867206205153
CHE,2006,441634672196.523,5.582273760281042
CHE,2007,490740715594.802,11.119154923693863
CHE,2008,567267767519.158,15.594192511946225
CHE,2009,554212916092.271,-2.30135610982799
CHE,2010,598851028906.58,8.05432560631214
CHE,2011,715888126682.396,19.543608030449544
CHE,2012,686420221557.99,-4.116272365204265
CHE,2013,706234937370.968,2.886674254439048
CHE,2014,726537808338.0,2.8748041045111083
CHE,2015,694118186379.628,-4.462207139988195
CHE,2016,687895460902.713,-0.896493651804664
CHE,2017,695200833086.499,1.0619887176169573
CHE,2018,725568717468.001,4.368217489998827
CHE,2019,721369112726.724,-0.5788017923281208
CHE,2020,741999406005.627,2.859880318540653
CHE,2021,813408787222.499,9.623913528622218
CHE,2022,818426550206.45,0.6168808430364825
CHI,1960,,
CHI,1961,,
CHI,1962,,
CHI,1963,,
CHI,1964,,
CHI,1965,,
CHI,1966,,
CHI,1967,,
CHI,1968,,
CHI,1969,,
CHI,1970,,
CHI,1971,,
CHI,1972,,
CHI,1973,,
CHI,1974,,
CHI,1975,,
CHI,1976,,
CHI,1977,,
CHI,1978,,
CHI,1979,,
CHI,1980,,
CHI,1981,,
CHI,1982,,
CHI,1983,,
CHI,1984,,
CHI,1985,,
CHI,1986,,
CHI,1987,,
CHI,1988,,
CHI,1989,,
CHI,1990,,
CHI,1991,,
CHI,1992,,
CHI,1993,,
CHI,1994,,
CHI,1995,,
CHI,1996,,
CHI,1997,,
CHI,1998,5945677376.61477,
CHI,1999,6262740656.85164,5.3326687634267955
CHI,2000,6439703434.71024,2.825644355319068
CHI,2001,6232906290.4851,-3.2112836611465134
CHI,2002,6663669064.7482,6.9111062189509465
CHI,2003,7332244897.95918,10.033148806081105
CHI,2004,8553643354.08275,16.657905909055604
CHI,2005,8827272727.27273,3.1989803860523747
CHI,2006,9676172953.08188,9.616789375798817
CHI,2007,11514605842.3369,18.99958690454655
CHI,2008,,
CHI,2009,,
CHI,2010,,
CHI,2011,,
CHI,2012,,
CHI,2013,,
CHI,2014,,
CHI,2015,,
CHI,2016,9511207129.35458,
CHI,2017,9530244530.24453,0.20015756813027696
CHI,2018,10422948632.4216,9.36706397557845
CHI,2019,10381669645.1366,-0.39603943894146454
CHI,2020,9811538461.53846,-5.491709937671008
CHI,2021,11735662219.7772,19.610826230579104
CHI,2022,,
CHL,1960,4110000000.0,
CHL,1961,4829238095.2381,17.49971034642579
CHL,1962,5631285444.2344,16.60815501698214
CHL,1963,5591307028.36005,-0.7099341042156149
CHL,1964,5964195925.4443,6.669082831489925
CHL,1965,6108679125.7523,2.4225092889992084
CHL,1966,7162633082.31628,17.253385467912974
CHL,1967,7057478295.18548,-1.4681023852864294
CHL,1968,7192102966.84119,1.90754637881847
CHL,1969,8359596194.01253,16.232988217132128
CHL,1970,9144112431.28214,9.38461881485988
CHL,1971,10876091407.9777,18.940919522931864
CHL,1972,11833904487.641,8.806592770641286
CHL,1973,16826390943.8597,42.18799012137298
CHL,1974,16209693232.0782,-3.665062305036637
CHL,1975,7621570062.17598,-52.98140468757755
CHL,1976,10338624019.4415,35.64953067543926
CHL,1977,13965595122.3247,35.08175842416534
CHL,1978,15992038535.2046,14.510254630255815
CHL,1979,21806136345.5074,36.35620185321431
CHL,1980,29036709871.7949,33.15843490897541
CHL,1981,34509878043.5897,18.849133376199823
CHL,1982,19529291438.3712,-43.409561129994145
CHL,1983,20362016603.8243,4.263980432065018
CHL,1984,19671768029.2843,-3.3898831730171497
CHL,1985,17717662227.8036,-9.933554516155995
CHL,1986,18897110581.4531,6.656907319288652
CHL,1987,22250729663.5188,17.74672941458664
CHL,1988,26042571602.0453,17.04142738628216
CHL,1989,29936735454.608,14.953069581872125
CHL,1990,33137824752.7724,10.692846930548239
CHL,1991,37846188180.81,14.20842636221522
CHL,1992,45949608605.2333,21.411457306371908
CHL,1993,49287378587.5542,7.263979136354948
CHL,1994,56998601233.0675,15.645430669060767
CHL,1995,73444831587.4252,28.853743773656838
CHL,1996,78584098982.9097,6.997452760671052
CHL,1997,85741415248.4482,9.1078428819233
CHL,1998,81990010726.0184,-4.375253792533695
CHL,1999,75578685736.1159,-7.81964160405696
CHL,2000,78339750717.0395,3.6532323287069346
CHL,2001,71574739558.6914,-8.63547700423899
CHL,2002,70264045959.6025,-1.8312237070931214
CHL,2003,76492579644.0605,8.864467736513548
CHL,2004,99075985721.5697,29.5236559972164
CHL,2005,122294145211.371,23.434699458908838
CHL,2006,153843518110.852,25.797942203162407
CHL,2007,172491075948.358,12.121120256798545
CHL,2008,179894594475.98,4.2921168454178815
CHL,2009,171777900623.177,-4.511916478894962
CHL,2010,217051209240.298,26.35572355517106
CHL,2011,251382574083.741,15.817172806180801
CHL,2012,267024782642.389,6.222471313161604
CHL,2013,277395018674.682,3.8836230591305254
CHL,2014,259560978407.095,-6.4291133823502715
CHL,2015,242450355827.827,-6.592139806327801
CHL,2016,249344864067.964,2.8436783343114724
CHL,2017,276154259806.312,10.75193420909628
CHL,2018,295857562826.427,7.134890127689664
CHL,2019,278598887622.96,-5.833440605198337
CHL,2020,254258196269.735,-8.736822878548733
CHL,2021,316581155648.871,24.511681547925157
CHL,2022,301024724911.923,-4.913883994473145
CHN,1960,59716249310.9742,
CHN,1961,50056685957.359,-16.175770355758157
CHN,1962,47209186415.3555,-5.688549866104109
CHN,1963,50706614526.1472,7.408363448631916
CHN,1964,59708125203.8643,17.7521429143636
CHN,1965,70436008642.4251,17.96720865364985
CHN,1966,76720005491.8964,8.921568627451038
CHN,1967,72881364882.4909,-5.003441520622609
CHN,1968,70846276051.4727,-2.792330843830171
CHN,1969,79705614854.7674,12.505016914167832
CHN,1970,92602634891.6589,16.180817449801154
CHN,1971,99800593790.9886,7.772952581479986
CHN,1972,113689308020.343,13.916464523689509
CHN,1973,138543170458.064,21.861213574519933
CHN,1974,144188970821.072,4.075119938674243
CHN,1975,163429530659.638,13.343988606758383
CHN,1976,153939265947.775,-5.806946072449815
CHN,1977,174935933078.663,13.639578571208254
CHN,1978,218502169137.562,24.904109345738988
CHN,1979,263711728825.005,20.69066859422366
CHN,1980,306165314855.846,16.09848231627671
CHN,1981,289576581830.449,-5.418227415214427
CHN,1982,283928672988.111,-1.9504024830450106
CHN,1983,304748904221.289,7.332909006358013
CHN,1984,313728547706.897,2.9465712136203637
CHN,1985,309835803013.587,-1.2408002783816818
CHN,1986,300514204520.969,-3.0085607931531477
CHN,1987,327089403146.073,8.843242091489767
CHN,1988,407844670393.058,24.689050293359994
CHN,1989,456289122063.159,11.878162248243406
CHN,1990,394565747349.055,-13.527250975218363
CHN,1991,413375445354.473,4.767189785680492
CHN,1992,493136961883.002,19.29517522748183
CHN,1993,619111946511.628,25.5456383045394
CHN,1994,564321854521.013,-8.849787554468724
CHN,1995,734484834573.582,30.153533606633154
CHN,1996,863749314718.538,17.599339572477724
CHN,1997,961601980984.623,11.328827079645375
CHN,1998,1029060747620.65,7.015248301272559
CHN,1999,1094010482677.39,6.311554998761149
CHN,2000,1211331651829.85,10.723952924595203
CHN,2001,1339400897153.44,10.572599595670361
CHN,2002,1470557654824.11,9.792195745830167
CHN,2003,1660280543870.95,12.901424736695022
CHN,2004,1955346768757.64,17.772070267037044
CHN,2005,2285961149904.26,16.908222440599662
CHN,2006,2752118657221.64,20.392188525903165
CHN,2007,3550327803024.69,29.00344226469036
CHN,2008,4594336785752.06,29.40598842275719
CHN,2009,5101691124358.41,11.043037597499517
CHN,2010,6087191746738.57,19.317136187936047
CHN,2011,7551545703518.14,24.056313940893183
CHN,2012,8532185381696.43,12.985946409904226
CHN,2013,9570471111847.82,12.16904794847473
CHN,2014,10475624944290.1,9.457777175898263
CHN,2015,11061572618594.8,5.593438839408638
CHN,2016,11233313730288.5,1.5525921821007316
CHN,2017,12310491333980.9,9.58913486755022
CHN,2018,13894907857925.9,12.870457246263612
CHN,2019,14279968506242.8,2.771235709182873
CHN,2020,14687744162801.0,2.855578122458269
CHN,2021,17820459508852.2,21.32877119404959
CHN,2022,17963171479205.3,0.8008321574548116
CIV,1960,546203558.456965,
CIV,1961,618245635.134801,13.189602221076013
CIV,1962,645284474.559229,4.3734784182556385
CIV,1963,761047198.973677,17.939796938942543
CIV,1964,921063326.292797,21.025782308234287
CIV,1965,919771228.036518,-0.140283324652557
CIV,1966,1024102881.90257,11.343217822629015
CIV,1967,1082922725.79069,5.743548321907355
CIV,1968,1281281277.98148,18.31696274043557
CIV,1969,1361360291.5873,6.24991678111273
CIV,1970,1455482795.26555,6.913856989945422
CIV,1971,1584128511.27902,8.838697127299188
CIV,1972,1849400398.25228,16.745603976225397
CIV,1973,2508421425.57669,35.63430763544759
CIV,1974,3070152313.83854,22.39380044095689
CIV,1975,3893839184.06847,26.828860135609787
CIV,1976,4662053819.62908,19.728976961959233
CIV,1977,6265068200.43055,34.384295909501276
CIV,1978,7900526290.12877,26.104394036537837
CIV,1979,9142933955.51749,15.72563168280363
CIV,1980,10175617589.1232,11.294882349910385
CIV,1981,8432589956.34896,-17.12945300378992
CIV,1982,7567110855.85391,-10.26350273136931
CIV,1983,6838184772.07869,-9.63281888769112
CIV,1984,6841639250.21886,0.050517472915845296
CIV,1985,6977650648.47401,1.9879942990387756
CIV,1986,9158302111.36131,31.251943852537245
CIV,1987,10087654451.341,10.147648861973924
CIV,1988,10255169812.0186,1.6605977284970486
CIV,1989,9757410629.74456,-4.853739054527296
CIV,1990,10795850584.5874,10.642577157481226
CIV,1991,10492628587.8153,-2.80869019440666
CIV,1992,11152971284.4722,6.293396274635432
CIV,1993,11045760268.6163,-0.9612776104352072
CIV,1994,8313557515.23869,-24.73530736621602
CIV,1995,11000146268.7173,32.31575349727373
CIV,1996,18071152821.0721,64.28102299388183
CIV,1997,18047558026.8813,-0.13056607082247984
CIV,1998,19619654769.9792,8.710855733259336
CIV,1999,18870992455.568,-3.815879143585932
CIV,2000,16577533891.1783,-12.15335425410019
CIV,2001,16810537037.873,1.4055356377144168
CIV,2002,18054383333.8602,7.399206183508
CIV,2003,21251754334.2005,17.70966607507316
CIV,2004,23510575668.4394,10.628869968649003
CIV,2005,24036918719.1307,2.2387501612640692
CIV,2006,25281413268.2105,5.177429618253537
CIV,2007,28760090924.4659,13.75982275733605
CIV,2008,34078240260.4002,18.491420454481975
CIV,2009,33886813225.705,-0.5617280506048927
CIV,2010,34936307964.5293,3.097059413153058
CIV,2011,36693710823.1998,5.03030503525097
CIV,2012,36302302845.3012,-1.0666895473845805
CIV,2013,42760235497.5958,17.78931953659928
CIV,2014,48843005625.5796,14.225296135999521
CIV,2015,45815005170.815,-6.199455614948479
CIV,2016,48407761031.9226,5.659184914289228
CIV,2017,52512344033.7688,8.479183739027762
CIV,2018,58522477744.5444,11.445182692493594
CIV,2019,59898479821.2323,2.3512368746488432
CIV,2020,62982768371.6208,5.14919336783437
CIV,2021,71811075955.078,14.017020546583536
CIV,2022,70018715016.8293,-2.495939399891356
CMR,1960,614206068.497266,
CMR,1961,652777608.320492,6.279902104776691
CMR,1962,694247864.3789,6.352891938972194
CMR,1963,718320845.044338,3.4674907767954677
CMR,1964,776650176.904453,8.120233773323783
CMR,1965,814083265.511426,4.819813311080745
CMR,1966,851112534.552636,4.548584967896052
CMR,1967,936175260.030919,9.994298289002845
CMR,1968,1046191217.79942,11.751641222057874
CMR,1969,1100551488.62689,5.196016741739862
CMR,1970,1151216992.88095,4.603646878645651
CMR,1971,1236941394.11447,7.446415555332675
CMR,1972,1498251889.66287,21.125535679519626
CMR,1973,1901393361.02282,26.907456225579217
CMR,1974,2157415532.54796,13.464976620483071
CMR,1975,2857037371.05886,32.42870128429223
CMR,1976,2898090001.8562,1.4368951282609732
CMR,1977,3394664024.05503,17.13452728799929
CMR,1978,4662852583.13256,37.35829378374358
CMR,1979,5919002982.602,26.93952633230243
CMR,1980,6674569046.6832,12.765090105581468
CMR,1981,6610938616.6643,-0.9533264181381118
CMR,1982,6611255963.83584,0.004800334565802089
CMR,1983,6870200009.90065,3.9167148796122264
CMR,1984,7311938026.36713,6.429769378328021
CMR,1985,8544810497.9889,16.86109027696876
CMR,1986,11857056199.0765,38.76324351332505
CMR,1987,13049659981.1373,10.058177696363524
CMR,1988,12236057362.4917,-6.234665269605699
CMR,1989,11012566195.0255,-9.999063678932064
CMR,1990,12314482627.8454,11.822098589591135
CMR,1991,11840192296.3893,-3.8514840273000117
CMR,1992,12071775335.0433,1.955906060112067
CMR,1993,16181814712.5295,34.04668545773144
CMR,1994,8902446252.18372,-44.98487091629717
CMR,1995,10864772470.9043,22.042550588151364
CMR,1996,11093538846.4483,2.1055790736219437
CMR,1997,10789458432.6416,-2.7410587190944358
CMR,1998,11298144990.4104,4.714662565730454
CMR,1999,11565826464.8921,2.369251542699269
CMR,2000,10566579294.9831,-8.639652107371653
CMR,2001,10953485349.1135,3.661601766563183
CMR,2002,12417251332.5885,13.363472327038494
CMR,2003,15970315034.9903,28.613930790600573
CMR,2004,18826214135.6419,17.88254705304462
CMR,2005,19509852206.9341,3.631309334774513
CMR,2006,20910512974.933,7.17924847990945
CMR,2007,23928250433.0378,14.431675883429506
CMR,2008,27715142032.913,15.826027943299303
CMR,2009,27932970317.129,0.7859540606262261
CMR,2010,27507501821.0296,-1.523176702187301
CMR,2011,30630910495.217,11.354752221808596
CMR,2012,30155062329.2821,-1.5534901125750178
CMR,2013,33728621180.3231,11.850610063474786
CMR,2014,36386544706.0806,7.880320726861201
CMR,2015,32210233020.4569,-11.477626467032431
CMR,2016,33814337044.3765,4.980106858900468
CMR,2017,36098547033.1655,6.755152365670503
CMR,2018,39973842087.2242,10.735321425813282
CMR,2019,39670976452.5283,-0.7576595565546018
CMR,2020,40773241177.0505,2.778516747227555
CMR,2021,44993521774.066,10.350613478800197
CMR,2022,43644068310.851,-2.99921724285388
COD,1960,,
COD,1961,,
COD,1962,,
COD,1963,,
COD,1964,,
COD,1965,,
COD,1966,,
COD,1967,,
COD,1968,,
COD,1969,,
COD,1970,,
COD,1971,,
COD,1972,,
COD,1973,,
COD,1974,,
COD,1975,,
COD,1976,,
COD,1977,,
COD,1978,,
COD,1979,,
COD,1980,,
COD,1981,,
COD,1982,,
COD,1983,,
COD,1984,9461033354.0,
COD,1985,5979350228.0,-36.8002415352229
COD,1986,8042983396.5,34.51266592206714
COD,1987,7175016484.75,-10.791603923087866
COD,1988,9207333740.83333,28.324914101631403
COD,1989,8822051647.69231,-4.1845131716290895
COD,1990,9329305477.5,5.749839720564065
COD,1991,,
COD,1992,8850000000.0,
COD,1993,10768000000.0,21.67231638418079
COD,1994,5820475672.05427,-45.946548365023496
COD,1995,5643416613.28208,-3.0420032442073475
COD,1996,5771456952.1908,2.268844348782806
COD,1997,6090838693.27145,5.533814836120632
COD,1998,6217805820.77104,2.084559022057997
COD,1999,4711259427.27273,-24.229550373953145
COD,2000,19088046305.7971,305.158038958743
COD,2001,7438189100.33333,-61.03221366309066
COD,2002,8728038525.14034,17.34090660251173
COD,2003,8937567059.87754,2.4006371435422835
COD,2004,10297483481.223,15.215733904256634
COD,2005,11964484465.9388,16.18843077296994
COD,2006,14451901696.3878,20.790007605679328
COD,2007,16737071816.38,15.812245114865187
COD,2008,19788515590.1284,18.231646534264478
COD,2009,18648372553.0921,-5.761640037340987
COD,2010,21565721044.8462,15.643984392999343
COD,2011,25839749199.3671,19.818619306226772
COD,2012,29306235285.2597,13.41532403873915
COD,2013,32679745048.4427,11.511235511303596
COD,2014,35909040925.9375,9.881643423802311
COD,2015,37917706497.1793,5.593760009866799
COD,2016,37134801555.3322,-2.064747618385987
COD,2017,38019264794.8263,2.3817637430382455
COD,2018,47568210009.8172,25.116070146338878
COD,2019,51775829877.2088,8.845445028356602
COD,2020,48716961860.1325,-5.907907269339175
COD,2021,55328482783.5393,13.571291539871932
COD,2022,64718641221.216,16.97165359551547
COG,1960,131731862.783017,
COG,1961,151675738.926342,15.139751098924116
COG,1962,166521239.650243,9.787656766327268
COG,1963,172233430.657858,3.430307761107687
COG,1964,185693724.905233,7.815146104889403
COG,1965,198318064.028924,6.798473739558886
COG,1966,220613581.972601,11.242303142100706
COG,1967,237397428.13501,7.607802752821202
COG,1968,251247457.765525,5.834111068228753
COG,1969,265040036.417215,5.489639089029841
COG,1970,274960699.885255,3.7430810839549133
COG,1971,322128018.955444,17.154203888000218
COG,1972,410669263.651798,27.48635309137788
COG,1973,541973362.610423,31.973198527454507
COG,1974,585364634.473977,8.00616319122387
COG,1975,767102680.239967,31.046980815522662
COG,1976,754549601.391492,-1.636427452521494
COG,1977,765224029.286556,1.4146754402068362
COG,1978,878771772.202149,14.838496776095411
COG,1979,1198749667.42923,36.41194509755765
COG,1980,1705796852.89473,42.29800426580177
COG,1981,1993512322.62391,16.866924642341075
COG,1982,2160640564.56041,8.383607166095764
COG,1983,2097274289.75066,-2.9327541030704563
COG,1984,2193581365.34299,4.5920114532934875
COG,1985,2160872540.03175,-1.4911152067580313
COG,1986,1849268212.30284,-14.420301149476023
COG,1987,2297753652.34929,24.252049381628858
COG,1988,2212536311.99319,-3.7087239647719206
COG,1989,2389593025.60339,8.002431989497904
COG,1990,2798746050.11354,17.122289031071958
COG,1991,2724853505.80336,-2.6402018256419746
COG,1992,2933222703.0334,7.646987142107187
COG,1993,2684323623.14372,-8.485515935502619
COG,1994,1769365437.78801,-34.08524134225536
COG,1995,2116003867.75536,19.59111569403682
COG,1996,2540697539.05773,20.070552694824805
COG,1997,2322719102.6909,-8.579472094410423
COG,1998,1949481379.21951,-16.068999606495204
COG,1999,2354772960.28296,20.78971286331093
COG,2000,3227927697.57921,37.080209091212254
COG,2001,2796704604.03812,-13.359131118844036
COG,2002,3034250923.97726,8.493793716939235
COG,2003,3503723087.74483,15.472423854523921
COG,2004,4656974940.12721,32.915039901873925
COG,2005,6650001680.48544,42.796595772615206
COG,2006,8072305029.06514,21.388014874544716
COG,2007,8782703436.70188,8.800440581455726
COG,2008,11649857673.4436,32.64546340891145
COG,2009,9723299915.25312,-16.537178497743867
COG,2010,13148396211.5955,35.22565719657962
COG,2011,15655383576.6515,19.066868116166912
COG,2012,17692911296.3044,13.014869355814929
COG,2013,17958720699.0868,1.5023497169621702
COG,2014,17919224179.5609,-0.21992947152358333
COG,2015,12434829581.0287,-30.60620562349923
COG,2016,10931247264.8116,-12.091700223307067
COG,2017,11834406800.8818,8.262181928475165
COG,2018,14773806078.1348,24.83774072253442
COG,2019,13976661497.841,-5.395661592401513
COG,2020,11468608530.2038,-17.9445783102397
COG,2021,14825708810.7046,29.272080145202615
COG,2022,15816996654.5788,6.686276228212851
COL,1960,4031152976.63904,
COL,1961,4540447761.19403,12.633973146303479
COL,1962,4955538218.81618,9.142059978529327
COL,1963,4836166666.66667,-2.4088514078300594
COL,1964,5973366666.66667,23.514491504979816
COL,1965,5760761904.7619,-3.5592116434300602
COL,1966,5428518518.51852,-5.767351467324911
COL,1967,5825170438.48704,7.306817110697961
COL,1968,5960212869.12968,2.318257157771919
COL,1969,6450175213.74923,8.220551100737715
COL,1970,7198360460.19887,11.599456164458966
COL,1971,7820380970.53674,8.64114146238082
COL,1972,8671358732.68486,10.881538448755567
COL,1973,10315760000.3394,18.96359403810979
COL,1974,12370029583.6419,19.91389469350695
COL,1975,13098633901.8673,5.8900774108811005
COL,1976,15341403660.4698,17.122165375450173
COL,1977,19470960619.1297,26.91772571828306
COL,1978,23263511958.0509,19.47798782559871
COL,1979,27940411250.2732,20.104012243103075
COL,1980,33400735644.0481,19.542748833811487
COL,1981,36388366869.0309,8.944806655823424
COL,1982,38968039721.748,7.089279005023408
COL,1983,38729822781.5997,-0.6113136350950454
COL,1984,38253120737.9671,-1.2308397234884305
COL,1985,34894419443.4881,-8.780202058509213
COL,1986,34942489683.9712,0.13775910661288915
COL,1987,36373307085.0887,4.09477805977243
COL,1988,39212550050.4223,7.8058422312046405
COL,1989,39540080200.3938,0.8352686819661947
COL,1990,47844090709.9908,21.001501432246194
COL,1991,49637993948.8402,3.7494771292096107
COL,1992,58394443377.5416,17.640619074425736
COL,1993,66474101301.1759,13.836347187002595
COL,1994,81705497616.5703,22.913279032363466
COL,1995,92495970511.3951,13.20654449161134
COL,1996,97153389010.9466,5.035266373012126
COL,1997,106656492293.614,9.78154584149058
COL,1998,98486358581.1639,-7.660231024623043
COL,1999,86278947636.962,-12.395027209927356
COL,2000,99875074951.0278,15.758336983054711
COL,2001,98200641203.3892,-1.6765281512525765
COL,2002,97945812802.8882,-0.2594976951048822
COL,2003,94644969157.0987,-3.370071217268178
COL,2004,117092416666.245,23.71752847410873
COL,2005,145600529626.71,24.3466774126998
COL,2006,161792958886.81,11.121133488740798
COL,2007,206229540893.231,27.465090144935612
COL,2008,242504150472.931,17.589434288892726
COL,2009,232468663073.684,-4.138274491251314
COL,2010,286498534094.963,23.24178678833524
COL,2011,334966134865.3,16.917224698354616
COL,2012,370691143086.755,10.6652597092602
COL,2013,382093697077.685,3.0760254739243598
COL,2014,381240864422.407,-0.22319987526635554
COL,2015,293492370228.844,-23.016550003501056
COL,2016,282720100286.228,-3.6703747815374332
COL,2017,311866875135.578,10.309410197520986
COL,2018,334198218100.719,7.160536993687727
COL,2019,323031701210.765,-3.3412855859658364
COL,2020,270150956772.57,-16.370140837568282
COL,2021,318511813576.97,17.90141977735551
COL,2022,343622114560.409,7.883632541425656
COM,1960,,
COM,1961,,
COM,1962,,
COM,1963,,
COM,1964,,
COM,1965,,
COM,1966,,
COM,1967,,
COM,1968,,
COM,1969,,
COM,1970,,
COM,1971,,
COM,1972,,
COM,1973,,
COM,1974,,
COM,1975,,
COM,1976,,
COM,1977,,
COM,1978,,
COM,1979,,
COM,1980,212218261.585643,
COM,1981,196349931.540286,-7.477363129257919
COM,1982,184009013.562815,-6.285165408850146
COM,1983,191621954.855332,4.137265422553971
COM,1984,184697225.637076,-3.6137452117550595
COM,1985,196726096.329131,6.512751152901108
COM,1986,279197721.807577,41.92205661442472
COM,1987,337525852.647575,20.891334808311136
COM,1988,356500032.676316,5.6215486546900895
COM,1989,341476768.326033,-4.214099010735128
COM,1990,429622177.724885,25.81300327719309
COM,1991,424108769.502231,-1.2833155522489315
COM,1992,457388651.500941,7.847015763849918
COM,1993,452881475.071813,-0.9854150106998749
COM,1994,319189184.255639,-29.520370819975472
COM,1995,398461797.009413,24.835619959567445
COM,1996,396053805.891754,-0.604321703041999
COM,1997,364445600.525492,-7.980785664991396
COM,1998,370106745.930146,1.5533581408284869
COM,1999,382454989.945311,3.336400687356189
COM,2000,351136579.648632,-8.188783286931978
COM,2001,378512024.077556,7.796238277515122
COM,2002,425964681.044378,12.536631321677394
COM,2003,546885222.713065,28.38745723523712
COM,2004,633706110.795614,15.875522774566054
COM,2005,653845169.168576,3.1779807752962297
COM,2006,698431793.872776,6.819141106585835
COM,2007,795673153.183373,13.922813961746726
COM,2008,915659107.761613,15.079804326461632
COM,2009,905341173.9738,-1.1268313393437368
COM,2010,907978731.702123,0.2913330139118875
COM,2011,1023086272.69622,12.677338903997581
COM,2012,1015843491.24635,-0.7079345743524201
COM,2013,1116224107.17116,9.881504069258916
COM,2014,1149587659.74502,2.988965420072587
COM,2015,966029599.801228,-15.967295611411247
COM,2016,1012835492.51575,4.845182044541163
COM,2017,1077439756.12221,6.378554472453524
COM,2018,1188797449.96029,10.335398634153336
COM,2019,1195019531.03664,0.5233928686975142
COM,2020,1225039195.93742,2.5120647923418282
COM,2021,1296089479.45831,5.799837568994781
COM,2022,1242519407.27815,-4.133207855567889
CPV,1960,,
CPV,1961,,
CPV,1962,,
CPV,1963,,
CPV,1964,,
CPV,1965,,
CPV,1966,,
CPV,1967,,
CPV,1968,,
CPV,1969,,
CPV,1970,,
CPV,1971,,
CPV,1972,,
CPV,1973,,
CPV,1974,,
CPV,1975,,
CPV,1976,,
CPV,1977,,
CPV,1978,,
CPV,1979,,
CPV,1980,142246815.345007,
CPV,1981,139468209.116206,-1.9533697271617245
CPV,1982,140630678.983478,0.8335016808765694
CPV,1983,138476175.620363,-1.5320294111416
CPV,1984,132019038.591628,-4.662994915773422
CPV,1985,137728204.813735,4.324502195298563
CPV,1986,190651167.559385,38.42565349430318
CPV,1987,235253064.70982,23.39450511707051
CPV,1988,264308140.285149,12.350561983610241
CPV,1989,267448571.414611,1.1881704158161588
CPV,1990,306890962.649533,14.747654484112594
CPV,1991,319827058.592875,4.215209151699573
CPV,1992,357160985.327413,11.6731607696966
CPV,1993,490417389.682569,37.30989940936538
CPV,1994,406580652.330537,-17.09497646612751
CPV,1995,487148993.533109,19.81607849285276
CPV,1996,501979269.843942,3.0442998975066304
CPV,1997,490608657.924976,-2.2651556751538626
CPV,1998,521910560.524868,6.38021814215084
CPV,1999,592416703.058878,13.509238529893764
CPV,2000,539227277.626411,-8.978380447045009
CPV,2001,563090490.377368,4.425446141374545
CPV,2002,620507387.466174,10.196744230279364
CPV,2003,813260468.873834,31.063785105728115
CPV,2004,924940011.836897,13.732321591594365
CPV,2005,972241676.907662,5.114025176273396
CPV,2006,1107571457.90614,13.919356083243795
CPV,2007,1649621738.63689,48.94043421410426
CPV,2008,1959620648.31578,18.792120788554058
CPV,2009,1852334575.17521,-5.474838879289123
CPV,2010,1824751467.92957,-1.489099626779411
CPV,2011,2046817987.20109,12.169685744847492
CPV,2012,1913081210.41411,-6.5338871176258255
CPV,2013,2028910915.16446,6.054615147533493
CPV,2014,2041930125.42979,0.6416846677703925
CPV,2015,1749857620.35329,-14.303746315267462
CPV,2016,1849789985.99572,5.710885530346976
CPV,2017,1996741539.95088,7.944229078311182
CPV,2018,2205099506.99994,10.434899203538661
CPV,2019,2252177124.32402,2.1349429889506277
CPV,2020,1821565613.68613,-19.119788847297514
CPV,2021,1997866378.77119,9.678529489162724
CPV,2022,2226862134.08787,11.462015565701966
CRI,1960,507513829.994855,
CRI,1961,490325181.614275,-3.386833493927499
CRI,1962,479180824.348506,-2.272850280517702
CRI,1963,511902136.809973,6.828593883312184
CRI,1964,542578367.242598,5.992596675565864
CRI,1965,592981162.264151,9.289495870928599
CRI,1966,647305630.188679,9.161246829006098
CRI,1967,699456618.867925,8.056625224168812
CRI,1968,773841494.339623,10.634666034341112
CRI,1969,853630203.773585,10.310730300402371
CRI,1970,984830158.490566,15.369647669095388
CRI,1971,1077147537.52472,9.373939073479164
CRI,1972,1238251695.55388,14.956554456725279
CRI,1973,1528925846.25467,23.474561088387524
CRI,1974,1666544754.09836,9.001019125996734
CRI,1975,1960863465.5776,17.66041450464817
CRI,1976,2412555425.90432,23.03536009804066
CRI,1977,3072427012.83547,27.351561744278065
CRI,1978,3523208809.80163,14.671847210135812
CRI,1979,4035519323.22054,14.54102044686234
CRI,1980,4831447001.16686,19.723054561194143
CRI,1981,2623803095.78501,-45.693224097225404
CRI,1982,2606623554.56582,-0.654757258530092
CRI,1983,3146772630.77263,20.722174295581453
CRI,1984,3660477856.22977,16.324828188524364
CRI,1985,3919203960.39604,7.068096416044245
CRI,1986,4418983870.96774,12.752077095808945
CRI,1987,4532952047.15628,2.5790584332588073
CRI,1988,4614629898.40348,1.8018688571488362
CRI,1989,5251025767.47627,13.790832267891373
CRI,1990,5711687786.75989,8.772800585684838
CRI,1991,7196276092.461,25.99211233398462
CRI,1992,8564041916.15275,19.006577931670176
CRI,1993,9582868487.43217,11.896562175364878
CRI,1994,10486787008.0926,9.4326507960107
CRI,1995,11578594259.8675,10.411265632956578
CRI,1996,11678424507.2457,0.8621966115888613
CRI,1997,12614602382.2012,8.016302835837674
CRI,1998,13684255946.5765,8.479486962542282
CRI,1999,14254866281.1537,4.169830912289774
CRI,2000,15013629658.6521,5.322837566716121
CRI,2001,15976174336.9721,6.41113907965154
CRI,2002,16578820687.2881,3.772156823059669
CRI,2003,17271760506.9483,4.179668944676607
CRI,2004,18610594846.2083,7.751580035639094
CRI,2005,20040642476.9817,7.684051168653294
CRI,2006,22715540324.6944,13.347365738324179
CRI,2007,26884700344.8406,18.35377878118902
CRI,2008,30801744881.9502,14.569790575558027
CRI,2009,30745714312.9905,-0.1819071262827432
CRI,2010,37658614803.848,22.484110860083995
CRI,2011,42762613699.9524,13.553336793425741
CRI,2012,47231655431.1389,10.450815196994089
CRI,2013,50949668840.8692,7.871867661193788
CRI,2014,52016408951.8225,2.093713531848551
CRI,2015,56441920821.0806,8.507915018426203
CRI,2016,58847019609.6549,4.261192308104467
CRI,2017,60516044657.2254,2.8362099875941293
CRI,2018,62420164991.5374,3.1464718903842837
CRI,2019,64417670521.1842,3.2000965231629985
CRI,2020,62395610760.3912,-3.1389830529932494
CRI,2021,64960725734.2362,4.111050348870604
CRI,2022,69243626028.6696,6.593061031915459
CSS,1960,1880323270.32846,
CSS,1961,2038320109.62081,8.402642342704759
CSS,1962,2153914775.5786,5.671075186482555
CSS,1963,2290333704.26433,6.333534187724954
CSS,1964,2470286396.10897,7.857051202171528
CSS,1965,2661011039.83332,7.720750275140831
CSS,1966,2888720383.68635,8.557249122397215
CSS,1967,3102560430.51167,7.4025872504986046
CSS,1968,3083640785.83329,-0.609807451043265
CSS,1969,3359757126.3099,8.954231690835378
CSS,1970,3695313510.6399,9.987519088873832
CSS,1971,4017459619.79346,8.717693592871246
CSS,1972,4639336765.08144,15.479362685416387
CSS,1973,5076146308.61513,9.41534459885287
CSS,1974,6595573432.55087,29.93268971300136
CSS,1975,7706924933.12751,16.849960233811224
CSS,1976,7932351591.9309,2.9249883807018096
CSS,1977,9210519152.19016,16.113349811163992
CSS,1978,9433730992.1005,2.423444718175971
CSS,1979,10835454596.5081,14.858634463727638
CSS,1980,13495237648.1002,24.547037024632612
CSS,1981,14890283921.8229,10.337322765998769
CSS,1982,16517790340.3855,10.92998916009491
CSS,1983,16735544600.9098,1.3183013952652978
CSS,1984,15982824908.9487,-4.497730488676055
CSS,1985,15814763391.8464,-1.0515132215970446
CSS,1986,14441262133.357,-8.684930810899981
CSS,1987,15521767249.6667,7.482068439253009
CSS,1988,16459896532.2234,6.043959218476513
CSS,1989,16872864985.2535,2.5089371140434302
CSS,1990,18145262491.2916,7.541087462918394
CSS,1991,18028768358.6827,-0.6420085279273735
CSS,1992,17750479192.5679,-1.5435839020072284
CSS,1993,19223181125.8207,8.296688316276102
CSS,1994,20203342207.8666,5.098849538120098
CSS,1995,22268849584.0582,10.22359248752096
CSS,1996,24288307616.5238,9.068533265909196
CSS,1997,28419094413.8668,17.007305994974907
CSS,1998,30366582090.5021,6.852743610595313
CSS,1999,32208819361.665,6.066659941090657
CSS,2000,34552588845.5197,7.276794152362687
CSS,2001,35580943997.6093,2.976202902443137
CSS,2002,37331464587.9012,4.91982615865818
CSS,2003,39893014716.3283,6.861638450845242
CSS,2004,43630425959.2462,9.368585627067617
CSS,2005,49313767403.2814,13.026096626569327
CSS,2006,56077496592.9948,13.71570161006057
CSS,2007,62332145605.8804,11.153581013577085
CSS,2008,70784637901.5853,13.560406454077679
CSS,2009,59841390196.0856,-15.45991903033329
CSS,2010,64940854448.0727,8.521633998270106
CSS,2011,70216293656.7862,8.12345210661154
CSS,2012,74185116568.1063,5.6522819770572275
CSS,2013,75356800316.8823,1.579405415775459
CSS,2014,77059089418.8565,2.258972109771018
CSS,2015,75749012501.5871,-1.7000939501743306
CSS,2016,71240254843.9807,-5.952232918563705
CSS,2017,73779107435.1508,3.563789316490107
CSS,2018,76540797383.5589,3.7431869866893175
CSS,2019,77253744414.7289,0.9314601565976632
CSS,2020,65860096129.8181,-14.748344395768253
CSS,2021,76123490342.5381,15.583630780753222
CSS,2022,94867024971.9129,24.622537071058126
CUB,1960,,
CUB,1961,,
CUB,1962,,
CUB,1963,,
CUB,1964,,
CUB,1965,,
CUB,1966,,
CUB,1967,,
CUB,1968,,
CUB,1969,,
CUB,1970,5693005200.0,
CUB,1971,6914658400.0,21.458845672580807
CUB,1972,8135150891.92025,17.6507995235202
CUB,1973,9987709650.18094,22.77227285483583
CUB,1974,11405957317.0732,14.199928878254543
CUB,1975,13027415243.9024,14.21588632812163
CUB,1976,13789579902.5579,5.85046722151763
CUB,1977,14206158674.6988,3.020967825594356
CUB,1978,17844705324.6753,25.612459590900972
CUB,1979,19584443287.6712,9.749323013982325
CUB,1980,19912889861.1111,1.6770789376824524
CUB,1981,20150254096.3855,1.1920129972594395
CUB,1982,20953510235.2941,3.986332554747718
CUB,1983,22204940512.2235,5.972413513901298
CUB,1984,24039383608.4235,8.26141864775618
CUB,1985,22920490774.102,-4.65441565618776
CUB,1986,24226574634.0293,5.698324144974465
CUB,1987,25213935012.0819,4.075526123555773
CUB,1988,27458999472.2955,8.90406221455644
CUB,1989,27023468665.8977,-1.5861131678786222
CUB,1990,28645436569.1489,6.002071470928683
CUB,1991,24316556025.6585,-15.111937753298543
CUB,1992,22085858243.2432,-9.173576143190266
CUB,1993,22367254864.8649,1.2741031773478406
CUB,1994,28448326756.7568,27.18738588455134
CUB,1995,30429803651.2192,6.965179046925063
CUB,1996,25017368700.0,-17.78662463042986
CUB,1997,25365908100.0,1.3931896842532376
CUB,1998,25736331200.0,1.460318702329455
CUB,1999,28364615200.0,10.212349147884758
CUB,2000,30565400000.0,7.758909417533721
CUB,2001,31682400000.0,3.654458963403062
CUB,2002,33590500000.0,6.022586672726815
CUB,2003,35901200000.0,6.8790282966910254
CUB,2004,38203000000.0,6.411484852873994
CUB,2005,42643836100.0,11.624312488548028
CUB,2006,48835925925.9259,14.520480313744333
CUB,2007,54262870370.3704,11.112606839227457
CUB,2008,56302129629.6296,3.758111661510477
CUB,2009,57481481481.4815,2.094684267913105
CUB,2010,59562962962.963,3.6211340206185882
CUB,2011,68990000000.0,15.827011565725591
CUB,2012,73141000000.0,6.016814031018991
CUB,2013,77148000000.0,5.478459414008552
CUB,2014,80656100000.0,4.547233888111157
CUB,2015,87132800000.0,8.030018808248851
CUB,2016,91370407863.7,4.863389979089394
CUB,2017,96850649691.7406,5.997830102953738
CUB,2018,100050036096.123,3.303422759233432
CUB,2019,103427600000.0,3.3758747479431195
CUB,2020,107351800000.0,3.794151657778011
CUB,2021,545217900000.0,407.8796070489735
CUB,2022,633442300000.0,16.181493674363967
CUW,1960,,
CUW,1961,,
CUW,1962,,
CUW,1963,,
CUW,1964,,
CUW,1965,,
CUW,1966,,
CUW,1967,,
CUW,1968,,
CUW,1969,,
CUW,1970,,
CUW,1971,,
CUW,1972,,
CUW,1973,,
CUW,1974,,
CUW,1975,,
CUW,1976,,
CUW,1977,,
CUW,1978,,
CUW,1979,,
CUW,1980,,
CUW,1981,,
CUW,1982,,
CUW,1983,,
CUW,1984,,
CUW,1985,,
CUW,1986,,
CUW,1987,,
CUW,1988,,
CUW,1989,,
CUW,1990,,
CUW,1991,,
CUW,1992,,
CUW,1993,,
CUW,1994,,
CUW,1995,,
CUW,1996,,
CUW,1997,,
CUW,1998,,
CUW,1999,,
CUW,2000,,
CUW,2001,,
CUW,2002,,
CUW,2003,,
CUW,2004,,
CUW,2005,,
CUW,2006,,
CUW,2007,,
CUW,2008,,
CUW,2009,,
CUW,2010,,
CUW,2011,2930092237.27161,
CUW,2012,3012836256.55523,2.8239390634565265
CUW,2013,3033568606.16651,0.6881339656667818
CUW,2014,3059406995.39666,0.8517489658096622
CUW,2015,3058779211.89831,-0.020519777175587173
CUW,2016,3024690188.01683,-1.114465004498455
CUW,2017,3033433248.15988,0.28905638592964245
CUW,2018,3046364819.53197,0.4263014978138857
CUW,2019,3026124115.73275,-0.6644215318351021
CUW,2020,2534327592.49914,-16.251697036376378
CUW,2021,2739594359.5908,8.099456743445055
CUW,2022,3075180834.72417,12.249495037779813
CYM,1960,,
CYM,1961,,
CYM,1962,,
CYM,1963,,
CYM,1964,,
CYM,1965,,
CYM,1966,,
CYM,1967,,
CYM,1968,,
CYM,1969,,
CYM,1970,,
CYM,1971,,
CYM,1972,,
CYM,1973,,
CYM,1974,,
CYM,1975,,
CYM,1976,,
CYM,1977,,
CYM,1978,,
CYM,1979,,
CYM,1980,,
CYM,1981,,
CYM,1982,,
CYM,1983,,
CYM,1984,,
CYM,1985,,
CYM,1986,,
CYM,1987,,
CYM,1988,,
CYM,1989,,
CYM,1990,,
CYM,1991,,
CYM,1992,,
CYM,1993,,
CYM,1994,,
CYM,1995,,
CYM,1996,,
CYM,1997,,
CYM,1998,,
CYM,1999,,
CYM,2000,,
CYM,2001,,
CYM,2002,,
CYM,2003,,
CYM,2004,,
CYM,2005,,
CYM,2006,4200288241.15296,
CYM,2007,4466278065.11226,6.3326564437465205
CYM,2008,4585949023.79609,2.679433679210974
CYM,2009,4281714566.85827,-6.634056666551979
CYM,2010,4156841107.36443,-2.916435870349643
CYM,2011,4186073104.29242,0.703226228113496
CYM,2012,4291004524.0181,2.5066791026196578
CYM,2013,4405796023.18409,2.6751661184104103
CYM,2014,4562853611.41445,3.5647948158265885
CYM,2015,4708167232.66893,3.1847092549926126
CYM,2016,4909322237.28895,4.27246940644439
CYM,2017,5166281305.12522,5.234104738216772
CYM,2018,5530178440.71376,7.043695728057542
CYM,2019,5941896607.58643,7.4449345764606045
CYM,2020,5647224988.89996,-4.959218211744753
CYM,2021,6028373513.49405,6.749306523881482
CYM,2022,6844827379.30952,13.543518230711825
CYP,1960,,
CYP,1961,,
CYP,1962,,
CYP,1963,,
CYP,1964,,
CYP,1965,,
CYP,1966,,
CYP,1967,,
CYP,1968,,
CYP,1969,,
CYP,1970,,
CYP,1971,,
CYP,1972,,
CYP,1973,,
CYP,1974,,
CYP,1975,489914760.682807,
CYP,1976,576090073.715036,17.589858470915274
CYP,1977,734887973.975806,27.564769383497413
CYP,1978,964026512.197839,31.1800636745182
CYP,1979,1288715209.58084,33.68047385364521
CYP,1980,2154311276.94859,67.16736645401184
CYP,1981,2087496373.77964,-3.101450745947343
CYP,1982,2159242416.76942,3.4369421614791174
CYP,1983,2160364071.19021,0.05194666481533883
CYP,1984,2278248953.14058,5.45671368647711
CYP,1985,2430411900.19194,6.678942915417663
CYP,1986,3090734463.27684,27.169162685253134
CYP,1987,3704813885.50548,19.868397933402026
CYP,1988,4278792597.23965,15.492781269789946
CYP,1989,4563482603.5503,6.653512640325454
CYP,1990,5591130217.66965,22.51893352940275
CYP,1991,5770197348.48485,3.2027000596282607
CYP,1992,6912150456.32334,19.79053815444192
CYP,1993,6590291048.29211,-4.656429429090158
CYP,1994,7425703928.57143,12.676418600599115
CYP,1995,9933133247.08926,33.76689055525291
CYP,1996,10011918444.1656,0.7931555443437377
CYP,1997,9547818700.11403,-4.635472678285957
CYP,1998,10248617647.0588,7.339885359746079
CYP,1999,10497908306.3646,2.4324320400160637
CYP,2000,9985844486.33365,-4.877769981287583
CYP,2001,10397897085.6102,4.126367077321036
CYP,2002,11420227884.6154,9.832091918086183
CYP,2003,14547325028.3126,27.38209057903147
CYP,2004,17320552500.0,19.06348738541299
CYP,2005,18433411267.2553,6.425076609163005
CYP,2006,20072786350.5206,8.893498113273534
CYP,2007,23968764029.5647,19.409251964379415
CYP,2008,27844698989.3072,16.17077524298567
CYP,2009,25945391775.4932,-6.821072889110303
CYP,2010,25732125693.847,-0.8219805794092427
CYP,2011,27564931919.4782,7.122638243872159
CYP,2012,24977293926.2891,-9.387427477593723
CYP,2013,23899444182.51,-4.315318332562212
CYP,2014,23155988617.4023,-3.110765084870759
CYP,2015,19842492366.5477,-14.309457072216848
CYP,2016,20952955488.0836,5.59638930948021
CYP,2017,22870678689.4802,9.152518853425008
CYP,2018,25523485042.6265,11.599158858221848
CYP,2019,25947027570.4262,1.6594227907840375
CYP,2020,25227201184.2295,-2.774215213064102
CYP,2021,29482917678.8954,16.86955466675517
CYP,2022,29250524418.0855,-0.7882301994020624
CZE,1960,,
CZE,1961,,
CZE,1962,,
CZE,1963,,
CZE,1964,,
CZE,1965,,
CZE,1966,,
CZE,1967,,
CZE,1968,,
CZE,1969,,
CZE,1970,,
CZE,1971,,
CZE,1972,,
CZE,1973,,
CZE,1974,,
CZE,1975,,
CZE,1976,,
CZE,1977,,
CZE,1978,,
CZE,1979,,
CZE,1980,,
CZE,1981,,
CZE,1982,,
CZE,1983,,
CZE,1984,,
CZE,1985,,
CZE,1986,,
CZE,1987,,
CZE,1988,,
CZE,1989,,
CZE,1990,40728950704.6176,
CZE,1991,29859921158.8696,-26.686249848601516
CZE,1992,34805013229.572,16.56096827715001
CZE,1993,40866748705.1075,17.416271143333905
CZE,1994,47850203856.1751,17.088355135515876
CZE,1995,60147174076.8651,25.69888784100356
CZE,1996,67387788632.9812,12.03816250263554
CZE,1997,62180159376.1239,-7.7278530168425235
CZE,1998,66807429711.411,7.4417151414762905
CZE,1999,65173130995.2212,-2.44628288088542
CZE,2000,61828166496.0941,-5.13242872952101
CZE,2001,67808032979.5429,9.671751278321628
CZE,2002,82196001050.7474,21.218677845359757
CZE,2003,100090467581.268,21.770483115684236
CZE,2004,119814434353.575,19.706139104897492
CZE,2005,137143471328.274,14.463229800476828
CZE,2006,156264095664.643,13.942059473323987
CZE,2007,190183800884.018,21.706653134300137
CZE,2008,236816485762.988,24.519798564446905
CZE,2009,207434296805.33,-12.407155212608156
CZE,2010,209069940963.177,0.7885119206598734
CZE,2011,229562733398.948,9.801883686082036
CZE,2012,208857719320.649,-9.019327210360661
CZE,2013,211685616592.931,1.3539826449701309
CZE,2014,209358834156.329,-1.0991688873582595
CZE,2015,188033050459.881,-10.186235408878886
CZE,2016,196272068576.338,4.381686143104346
CZE,2017,218628940951.675,11.390755973329703
CZE,2018,249000540729.179,13.891847824582948
CZE,2019,252548179964.897,1.4247516191446818
CZE,2020,245974558654.043,-2.6029177132726566
CZE,2021,281791218507.1,14.561123739399484
CZE,2022,290527550627.221,3.100285440548922
DEU,1960,,
DEU,1961,,
DEU,1962,,
DEU,1963,,
DEU,1964,,
DEU,1965,,
DEU,1966,,
DEU,1967,,
DEU,1968,,
DEU,1969,,
DEU,1970,215838448137.658,
DEU,1971,249985055484.303,15.820447024742744
DEU,1972,299801542047.476,19.927785869704138
DEU,1973,398374021953.897,32.8792437934863
DEU,1974,445303484241.554,11.78025164830856
DEU,1975,490636517211.225,10.180255617555446
DEU,1976,519754453161.411,5.934726610993457
DEU,1977,600498238019.035,15.534986639652493
DEU,1978,740469983446.933,23.30926829854596
DEU,1979,881345176608.686,19.02510517792637
DEU,1980,950290856466.538,7.822778371936745
DEU,1981,800472055387.278,-15.765573251575892
DEU,1982,776576439106.956,-2.985190565929363
DEU,1983,770684323247.798,-0.7587296706984659
DEU,1984,725111123634.115,-5.913341979194486
DEU,1985,732534887058.198,1.0238104453392793
DEU,1986,1046259374943.71,42.82724187313516
DEU,1987,1298176105549.51,24.077846912421073
DEU,1988,1401233225303.49,7.93860858426112
DEU,1989,1398967436804.33,-0.1616995984854097
DEU,1990,1771671206875.68,26.641347058278875
DEU,1991,1868945197407.19,5.49052161337833
DEU,1992,2131571696931.75,14.052124154785538
DEU,1993,2071323790370.28,-2.826454613194229
DEU,1994,2205074123177.05,6.4572392509845145
DEU,1995,2585792275146.72,17.265548943140985
DEU,1996,2497244606186.64,-3.424392199294346
DEU,1997,2211989623279.95,-11.4227890291565
DEU,1998,2238990774702.68,1.2206726079796226
DEU,1999,2194945278872.59,-1.9672030955973474
DEU,2000,1947981991011.77,-11.251455343236172
DEU,2001,1945790973803.15,-0.11247625587555987
DEU,2002,2078484517474.51,6.819516867837239
DEU,2003,2501640388482.35,20.358865675939764
DEU,2004,2814353869359.08,12.500337071486168
DEU,2005,2846864211175.1,1.1551618355450044
DEU,2006,2994703642023.53,5.1930622566436435
DEU,2007,3425578382921.58,14.387892506348532
DEU,2008,3745264093617.19,9.332313406968629
DEU,2009,3411261212652.34,-8.91800611695366
DEU,2010,3399667820000.01,-0.3398564908876023
DEU,2011,3749314991050.59,10.284745144617657
DEU,2012,3527143188785.16,-5.9256638291459
DEU,2013,3733804649549.03,5.859174116349086
DEU,2014,3889093051023.52,4.1589857009055375
DEU,2015,3357585719351.56,-13.66661390454722
DEU,2016,3469853463945.53,3.343704494181954
DEU,2017,3690849152517.65,6.369020792043156
DEU,2018,3974443355019.6,7.683711546664029
DEU,2019,3889177589254.9,-2.145351138468543
DEU,2020,3887727161914.41,-0.03729393444251716
DEU,2021,4278503934689.85,10.051548282596357
DEU,2022,4082469490797.68,-4.581845590995826
DJI,1960,,
DJI,1961,,
DJI,1962,,
DJI,1963,,
DJI,1964,,
DJI,1965,,
DJI,1966,,
DJI,1967,,
DJI,1968,,
DJI,1969,,
DJI,1970,,
DJI,1971,,
DJI,1972,,
DJI,1973,,
DJI,1974,,
DJI,1975,,
DJI,1976,,
DJI,1977,,
DJI,1978,,
DJI,1979,,
DJI,1980,,
DJI,1981,,
DJI,1982,,
DJI,1983,,
DJI,1984,,
DJI,1985,340989527.967995,
DJI,1986,,
DJI,1987,373371738.286415,
DJI,1988,395794538.630775,6.00548944793442
DJI,1989,409220087.102818,3.3920499556380435
DJI,1990,452328087.282876,10.534184791673473
DJI,1991,462421998.525779,2.231546420992081
DJI,1992,478058304.871118,3.3813932717708495
DJI,1993,466048469.22986,-2.512211485269733
DJI,1994,491689220.744875,5.501734949883241
DJI,1995,497723960.589913,1.2273484124577294
DJI,1996,494004647.73437,-0.7472641765397081
DJI,1997,502675542.001227,1.755225240617464
DJI,1998,514267869.300758,2.3061251902927626
DJI,1999,536080148.097299,4.241423604044869
DJI,2000,551230861.856505,2.8262030991037967
DJI,2001,572417440.820162,3.8435037712333697
DJI,2002,591122039.601398,3.2676500482647697
DJI,2003,622044665.515049,5.231174586977438
DJI,2004,666072101.777505,7.077857701102808
DJI,2005,708633194.726566,6.3898627243928585
DJI,2006,768873684.032838,8.50094093172089
DJI,2007,847918929.107984,10.280654250064035
DJI,2008,999105339.267729,17.830290723524023
DJI,2009,1049110684.72493,5.005012333719616
DJI,2010,1128611700.3618,7.577943566337297
DJI,2011,1239144501.77525,9.793696217930092
DJI,2012,1353632941.5207,9.239313056825015
DJI,2013,2042817162.85639,50.9136709218561
DJI,2014,2214679081.25658,8.41298582785952
DJI,2015,2424391785.43897,9.469214115816804
DJI,2016,2604955228.70117,7.447783165521082
DJI,2017,2762581334.22612,6.051010158955483
DJI,2018,2913466732.12507,5.461754049721668
DJI,2019,3088853638.56832,6.0198698859115884
DJI,2020,3185150981.03207,3.117575441625142
DJI,2021,3385825228.86997,6.300305669430961
DJI,2022,3515108859.95465,3.818378750985585
DMA,1960,,
DMA,1961,,
DMA,1962,,
DMA,1963,,
DMA,1964,,
DMA,1965,,
DMA,1966,,
DMA,1967,,
DMA,1968,,
DMA,1969,,
DMA,1970,,
DMA,1971,,
DMA,1972,,
DMA,1973,,
DMA,1974,,
DMA,1975,,
DMA,1976,,
DMA,1977,45872947.4074074,
DMA,1978,57130215.5555556,24.540102139437426
DMA,1979,55017758.8888889,-3.697617182299029
DMA,1980,72804653.3333333,32.32936928668053
DMA,1981,82107391.1111111,12.777669217358367
DMA,1982,89527576.6666667,9.037171264538536
DMA,1983,98665191.4814815,10.206480678949248
DMA,1984,109157070.740741,10.633820399799987
DMA,1985,119491932.962963,9.46788160591845
DMA,1986,135161958.518519,13.11387736979115
DMA,1987,151868754.444444,12.360575497014526
DMA,1988,171106184.074074,12.667141243110258
DMA,1989,185137242.962963,8.20020560029251
DMA,1990,201429629.62963,8.80016705764939
DMA,1991,219762962.962963,9.101607031221093
DMA,1992,234059259.259259,6.505325603343515
DMA,1993,245525925.925926,4.899044243306694
DMA,1994,264374074.074074,7.676642732154648
DMA,1995,274522222.222222,3.8385564786146853
DMA,1996,292285185.185185,6.470500937656021
DMA,1997,302988888.888889,3.662075344982796
DMA,1998,322411111.111111,6.410209395283939
DMA,1999,331759259.259259,2.8994497478489256
DMA,2000,333470370.37037,0.5157689087356587
DMA,2001,340203703.703704,2.0191698968204053
DMA,2002,333196296.296296,-2.0597681127866307
DMA,2003,343311111.111111,3.0356924513411654
DMA,2004,367200000.0,6.958379183118679
DMA,2005,364255555.555556,-0.8018639554586038
DMA,2006,390251851.851852,7.136829047575377
DMA,2007,421374074.074074,7.974906992635278
DMA,2008,458188888.888889,8.736848581800349
DMA,2009,489074074.074074,6.740710203619682
DMA,2010,493825925.925926,0.9716016660356264
DMA,2011,501025925.925926,1.4580036450091205
DMA,2012,485996296.296296,-2.9997708405716472
DMA,2013,498296296.296296,2.5308834848611905
DMA,2014,520429629.62963,4.441801694663439
DMA,2015,540737037.037037,3.9020467420079363
DMA,2016,576229629.62963,6.563743587284909
DMA,2017,521551851.851852,-9.488886889228853
DMA,2018,554770370.37037,6.3691689331694334
DMA,2019,611537037.037037,10.232461879456366
DMA,2020,504214814.814815,-17.549586651727555
DMA,2021,555266666.666667,10.125020200091118
DMA,2022,607440740.740741,9.39621936740438
DNK,1960,,
DNK,1961,,
DNK,1962,,
DNK,1963,,
DNK,1964,,
DNK,1965,,
DNK,1966,11931739858.7046,
DNK,1967,13059064374.6287,9.448115105373178
DNK,1968,13505573866.6667,3.4191537711191877
DNK,1969,15414902266.6667,14.137336323874706
DNK,1970,17075457600.0,10.772402605004494
DNK,1971,19085731252.4407,11.77288304379438
DNK,1972,23232379951.9376,21.72643345256484
DNK,1973,30730626663.3606,32.27498313532722
DNK,1974,34160444798.1099,11.160911791097949
DNK,1975,40474406216.2821,18.483252942073957
DNK,1976,44575892473.1183,10.133530396762813
DNK,1977,49784338519.4563,11.684445913178232
DNK,1978,60362931853.6249,21.248837784666684
DNK,1979,70366241969.2074,16.57194209823951
DNK,1980,71127528699.9414,1.0818919831858453
DNK,1981,61877813965.2413,-13.004408987300753
DNK,1982,60412844678.604,-2.367519459333556
DNK,1983,60644782176.0525,0.3839208345218781
DNK,1984,59105236853.7937,-2.5386278374114335
DNK,1985,62658568287.3429,6.0118724206095875
DNK,1986,88078760103.8191,40.56937863613954
DNK,1987,109414423928.775,24.22339256343684
DNK,1988,115552846616.653,5.6102499720456445
DNK,1989,112409222182.704,-2.720507997849664
DNK,1990,138247285815.855,22.9857151677068
DNK,1991,139224688814.195,0.7069961573364258
DNK,1992,152915654478.885,9.833719709700016
DNK,1993,143195627014.605,-6.356463304822835
DNK,1994,156162386724.523,9.055276323903016
DNK,1995,185006881515.065,18.470833723504043
DNK,1996,187632346387.984,1.4191174141299223
DNK,1997,173537647058.824,-7.511870741100868
DNK,1998,176991934992.837,1.9905121410584092
DNK,1999,177965188354.692,0.5498857119644374
DNK,2000,164158739097.623,-7.757949397132757
DNK,2001,164791442543.375,0.38542172608657665
DNK,2002,178635163717.431,8.400752466507576
DNK,2003,218096033517.009,22.09020272290738
DNK,2004,251373002954.382,15.257943439295873
DNK,2005,264467336457.17,5.209124826011768
DNK,2006,282884947702.966,6.964040055955523
DNK,2007,319423424509.066,12.916373636276335
DNK,2008,353361038818.383,10.624647945427611
DNK,2009,321241303699.006,-9.089778326094855
DNK,2010,321995279401.502,0.23470696134468838
DNK,2011,344003137611.271,6.834838774865082
DNK,2012,327148943812.137,-4.899430254086656
DNK,2013,343584391647.927,5.0238425483739135
DNK,2014,352993631617.708,2.738552797655225
DNK,2015,302673070846.857,-14.255373543211158
DNK,2016,313115929314.339,3.4502106309833414
DNK,2017,332121063806.391,6.0696798574475075
DNK,2018,356841216410.068,7.443114965477626
DNK,2019,346498737961.635,-2.8983418878798517
DNK,2020,354762748338.661,2.3850044665793213
DNK,2021,405687998852.691,14.354734467615549
DNK,2022,400167196948.707,-1.360849204215342
DOM,1960,672399700.0,
DOM,1961,654100200.0,-2.721521142855954
DOM,1962,824100000.0,25.98987127660257
DOM,1963,940799900.0,14.160890668608172
DOM,1964,1025599900.0,9.013606400255792
DOM,1965,888100000.0,-13.406777828273974
DOM,1966,983900000.0,10.787073527755876
DOM,1967,1034800000.0,5.173289968492734
DOM,1968,1079100000.0,4.281020487050635
DOM,1969,1230500000.0,14.030210360485595
DOM,1970,1485500000.0,20.72328321820398
DOM,1971,1666500000.0,12.184449680242349
DOM,1972,1987400000.0,19.255925592559265
DOM,1973,2344800000.0,17.983294756968917
DOM,1974,2925700000.0,24.773967929034455
DOM,1975,3599200000.0,23.020131934237952
DOM,1976,3951500000.0,9.788286285841297
DOM,1977,4587100000.0,16.085031000885742
DOM,1978,4734400000.0,3.2111791763859587
DOM,1979,5498800000.0,16.145657316661044
DOM,1980,6761300000.0,22.95955481195897
DOM,1981,7561300000.0,11.832044133524612
DOM,1982,8267400000.0,9.338341290518827
DOM,1983,9220600000.0,11.529622372208914
DOM,1984,11594000000.0,25.7401904431382
DOM,1985,5044579979.23285,-56.489736249501036
DOM,1986,6122128557.57243,21.360521248063293
DOM,1987,5827050753.25937,-4.819856387172394
DOM,1988,5374299981.49698,-7.7698099936600595
DOM,1989,6686593059.93691,24.417935041921467
DOM,1990,7073675544.79021,5.788934385322864
DOM,1991,9824483339.94518,38.88795545875654
DOM,1992,11605382504.0,18.127153382345252
DOM,1993,13081042400.0,12.715305984024127
DOM,1994,14644734599.4778,11.95388067450802
DOM,1995,16637370839.1608,13.606502911661188
DOM,1996,18241622547.5908,9.642459280007976
DOM,1997,20017450041.3075,9.735030363026741
DOM,1998,21672215546.7642,8.266614888719426
DOM,1999,22136579396.9218,2.1426690277955185
DOM,2000,24305780628.6677,9.799170833265869
DOM,2001,25601823687.5742,5.33224206499201
DOM,2002,27137440786.2562,5.998077001941504
DOM,2003,21403167848.1444,-21.130485307280445
DOM,2004,22322387382.494,4.294782626905813
DOM,2005,35777560683.9366,60.2765872255878
DOM,2006,37879830084.2627,5.875943916070225
DOM,2007,43965458508.5056,16.065617007007617
DOM,2008,48122601530.3324,9.455475190876395
DOM,2009,48261078913.7266,0.2877595537035038
DOM,2010,53860187257.9593,11.601705702108077
DOM,2011,58029773599.455,7.741499897736692
DOM,2012,60681535652.5373,4.5696577611793465
DOM,2013,62682159338.0354,3.296923296328025
DOM,2014,67179955677.2791,7.175560616837973
DOM,2015,71164826836.5281,5.931637076975216
DOM,2016,75704647877.6559,6.379304556668375
DOM,2017,79998046305.79,5.671248131386242
DOM,2018,85555390139.118,6.946849441904157
DOM,2019,88941372558.2397,3.9576494404571116
DOM,2020,78844656298.1776,-11.352103042316642
DOM,2021,94243425938.3647,19.53051780954118
DOM,2022,113537368176.13,20.47245422761219
DZA,1960,2723615451.30098,
DZA,1961,2434747055.94018,-10.606063907546769
DZA,1962,2001444543.91885,-17.796613038885457
DZA,1963,2702982017.63803,35.051556929254815
DZA,1964,2909316435.2874,7.633584548582117
DZA,1965,3136284306.85469,7.801415783253196
DZA,1966,3039859187.45164,-3.074501861719048
DZA,1967,3370870376.29682,10.889030327838034
DZA,1968,3852147026.77302,14.277518763712349
DZA,1969,4257253264.08834,10.516375270719646
DZA,1970,4863526896.57407,14.240957605221528
DZA,1971,5077183093.88968,4.393030034769874
DZA,1972,6766743956.88889,33.27752479583754
DZA,1973,8707858912.12481,28.68610025150671
DZA,1974,13209871625.9044,51.70057024593031
DZA,1975,15557902754.033,17.774821698676767
DZA,1976,17728240932.3158,13.950069058763038
DZA,1977,20972113684.9558,18.29777001014765
DZA,1978,26364491313.4471,25.712132355831585
DZA,1979,33243706859.6596,26.092730045217216
DZA,1980,42345829079.2062,27.379985805950536
DZA,1981,44348590460.9288,4.729536356406006
DZA,1982,45207167470.3497,1.9359736138114814
DZA,1983,48801369800.3675,7.950514334646486
DZA,1984,53698548293.0745,10.034920152323522
DZA,1985,57937868670.1937,7.89466477563221
DZA,1986,63692007897.3834,9.931568694638448
DZA,1987,66745818375.493,4.79465254577891
DZA,1988,59089396860.4342,-11.471013018352627
DZA,1989,55634721572.7343,-5.846523185639629
DZA,1990,62048507531.3357,11.52838690891318
DZA,1991,45715676428.2766,-26.3226816451801
DZA,1992,48003133346.9957,5.003659789017645
DZA,1993,49945584452.6506,4.046508988514752
DZA,1994,42543176828.9237,-14.820945044190093
DZA,1995,41764291671.7711,-1.8308109906429393
DZA,1996,46941554225.3581,12.396385396107078
DZA,1997,48177612042.1507,2.6331846850628393
DZA,1998,48187781984.4881,0.021109270273700353
DZA,1999,48640671734.9711,0.9398435284462492
DZA,2000,54790398570.3282,12.64317826214485
DZA,2001,54744697926.068,-0.08340995037942056
DZA,2002,56760355865.0082,3.6819235748863255
DZA,2003,67863850333.9526,19.56205929249557
DZA,2004,85332581188.6107,25.74084843211204
DZA,2005,103198212442.69,20.936471164033897
DZA,2006,117027280155.386,13.40049152535061
DZA,2007,134977082623.78,15.338135214764193
DZA,2008,171000699876.747,26.688691556162315
DZA,2009,137211003661.699,-19.759975391564343
DZA,2010,161207307027.185,17.488614415101967
DZA,2011,200013098817.25,24.07198067239038
DZA,2012,209059080929.499,4.522694846358144
DZA,2013,209755003250.664,0.3328830864800736
DZA,2014,213809979836.314,1.9331965973675258
DZA,2015,165979224866.131,-22.37068400960548
DZA,2016,160034212126.018,-3.581781240940185
DZA,2017,170096988531.906,6.2878907404899875
DZA,2018,174910684781.571,2.8299714716948587
DZA,2019,171760275466.61,-1.8011531536196723
DZA,2020,145743542982.628,-15.147118513465363
DZA,2021,163472387986.768,12.164411981018763
DZA,2022,194998449769.085,19.28525188294723
EAP,1960,81012790663.6159,
EAP,1961,71458883064.7028,-11.793085413614701
EAP,1962,65257525577.138,-8.678217768880813
EAP,1963,70599611075.0736,8.186160064590474
EAP,1964,81488124865.1322,15.42290902775665
EAP,1965,94903578451.448,16.4630780356269
EAP,1966,103790138430.232,9.363777555901432
EAP,1967,100856102485.7,-2.8268927943518096
EAP,1968,102059353350.667,1.1930372434703296
EAP,1969,114537042435.736,12.225914309094964
EAP,1970,127160158109.685,11.020989721322284
EAP,1971,136759553355.914,7.549058910377271
EAP,1972,155097596858.826,13.408967090721324
EAP,1973,195161241017.719,25.831247530778967
EAP,1974,220956027398.337,13.217166608546037
EAP,1975,247986366608.588,12.233356803397367
EAP,1976,252125312885.177,1.6690217019557974
EAP,1977,290805897713.515,15.341809350953174
EAP,1978,353942305873.331,21.71084171821518
EAP,1979,415804276283.969,17.47798140660166
EAP,1980,496964005300.724,19.51873360757066
EAP,1981,500272671887.51,0.6657759015733733
EAP,1982,505124567100.457,0.9698501408523796
EAP,1983,520080383599.955,2.9608174841600388
EAP,1984,536107419362.828,3.0816458894171506
EAP,1985,526595680660.175,-1.7742225455409377
EAP,1986,524527484216.865,-0.39274846324549584
EAP,1987,573139844210.078,9.267838474811807
EAP,1988,671230992472.807,17.11469709420077
EAP,1989,731371096234.131,8.959673262369572
EAP,1990,700806537275.491,-4.179076684328731
EAP,1991,753373284604.071,7.5008928331266045
EAP,1992,877362176380.161,16.457829645665136
EAP,1993,1065302995858.91,21.421121691632415
EAP,1994,1071935566240.48,0.6225994301482629
EAP,1995,1322145813137.5,23.34191109775039
EAP,1996,1518455507723.8,14.84780972232178
EAP,1997,1570740162412.87,3.443278675148398
EAP,1998,1433291024362.18,-8.750596778498975
EAP,1999,1578157584193.18,10.10726763571732
EAP,2000,1736282412283.76,10.019584208469269
EAP,2001,1847274952029.41,6.39253954082617
EAP,2002,2044520658576.39,10.67765826252809
EAP,2003,2314011252023.51,13.181113740115858
EAP,2004,2683100487725.37,15.950191917999824
EAP,2005,3107883641018.91,15.831801873870743
EAP,2006,3742964683361.41,20.434518009634694
EAP,2007,4731966528028.2,26.422954217633876
EAP,2008,5987288782012.8,26.528553119493203
EAP,2009,6491437866223.52,8.420323498096494
EAP,2010,7900717379136.99,21.70982056604569
EAP,2011,9650874833463.72,22.151880270369873
EAP,2012,10760102571844.5,11.493545999939926
EAP,2013,11870263413707.7,10.317381590470243
EAP,2014,12800321230512.3,7.835191051704693
EAP,2015,13323575118311.0,4.087818409989685
EAP,2016,13614767442825.3,2.185541957984727
EAP,2017,14881358665109.3,9.303069094665052
EAP,2018,16640611153965.4,11.821853961364614
EAP,2019,17213484850175.7,3.4426241374781785
EAP,2020,17487617929386.2,1.5925484095552056
EAP,2021,20839170495754.5,19.16528929155268
EAP,2022,21193771562304.2,1.7016083563496043
EAR,1960,136037236022.39,
EAR,1961,144519229589.21,6.235052853781853
EAR,1962,148511640353.484,2.7625463930456062
EAR,1963,166775260631.99,12.297770218573657
EAR,1964,185276934941.442,11.093776282729495
EAR,1965,199046271838.632,7.431759868837373
EAR,1966,194538356325.161,-2.2647575721114643
EAR,1967,211738371298.049,8.84145178246445
EAR,1968,230290144067.622,8.76164894243896
EAR,1969,254979072046.622,10.72079227661189
EAR,1970,271582625956.434,6.511732032178741
EAR,1971,293755085805.487,8.164167266211585
EAR,1972,323444302441.409,10.10679238267931
EAR,1973,405416698140.742,25.34358932298153
EAR,1974,568522750972.384,40.23170569432715
EAR,1975,639682910662.154,12.516677576765378
EAR,1976,706852842249.965,10.500504307404658
EAR,1977,793458796947.939,12.252331676604822
EAR,1978,892438011210.261,12.474398751774917
EAR,1979,1085897257201.83,21.677611616880064
EAR,1980,1363197371643.13,25.536496441279777
EAR,1981,1529352460730.91,12.188630387946308
EAR,1982,1443093208304.9,-5.640246747619249
EAR,1983,1435738141021.54,-0.5096737508729188
EAR,1984,1459662641982.74,1.6663554639690492
EAR,1985,1460132634641.71,0.032198718077181
EAR,1986,1475759117115.51,1.0702097948543265
EAR,1987,1498232946401.19,1.5228656916317584
EAR,1988,1559723568017.21,4.104209680058291
EAR,1989,1589428971661.2,1.904530023980655
EAR,1990,1865383681841.56,17.361877447844964
EAR,1991,1975737934666.1,5.915901050211558
EAR,1992,2173358590938.42,10.002371914052333
EAR,1993,2423181289063.27,11.494775835265214
EAR,1994,2549155455096.38,5.198709919133115
EAR,1995,2589976163835.73,1.601342462568911
EAR,1996,2814604962976.37,8.673006426745133
EAR,1997,3007027240585.32,6.836564283091029
EAR,1998,2975617396106.0,-1.0445480524880701
EAR,1999,3146557650838.14,5.7446987289373475
EAR,2000,3440095511579.21,9.328856906940231
EAR,2001,3414281661317.57,-0.7503817895390341
EAR,2002,3321585463361.85,-2.714954627379751
EAR,2003,3692647658895.92,11.171237339126282
EAR,2004,4292615595215.03,16.247635619221157
EAR,2005,4998498520541.23,16.444121530775945
EAR,2006,5711797202730.39,14.270258943918313
EAR,2007,6757951141668.01,18.31567021387823
EAR,2008,7616765103128.28,12.708200214189414
EAR,2009,7332396156532.94,-3.733460895079288
EAR,2010,8884031209798.03,21.161364172646756
EAR,2011,9795626070584.85,10.261049733610106
EAR,2012,10243728784860.3,4.5745183722462945
EAR,2013,10385185617015.8,1.3809115325716714
EAR,2014,10740227594970.9,3.4187350236029923
EAR,2015,10216824786817.1,-4.873293452355554
EAR,2016,10517811163244.0,2.9459874540989084
EAR,2017,11373004521325.6,8.13090618198391
EAR,2018,11504322295794.5,1.1546445288284746
EAR,2019,11743140069332.9,2.0758960623495692
EAR,2020,10941489484833.4,-6.826543665207597
EAR,2021,12716982787446.9,16.2271627192496
EAR,2022,14148420366433.0,11.256110060942204
EAS,1960,154531117498.847,
EAS,1961,155127329777.047,0.38582020750899115
EAS,1962,158343678297.945,2.073360332779939
EAS,1963,176591740764.433,11.524339122747818
EAS,1964,202562423066.157,14.706623418117815
EAS,1965,225488669971.227,11.318114464686403
EAS,1966,251973597080.543,11.745568907163072
EAS,1967,273161617537.021,8.408825647595641
EAS,1968,301107124936.329,10.230393146475114
EAS,1969,346736994547.53,15.154031848582061
EAS,1970,413453241726.742,19.24116786738388
EAS,1971,458922270374.23,10.997381096249615
EAS,1972,569888244632.691,24.179688243931462
EAS,1973,751253809753.238,31.824759824172588
EAS,1974,865270508011.096,15.176854583314348
EAS,1975,946981108642.509,9.443359027598476
EAS,1976,1041522827811.58,9.983485236003897
EAS,1977,1241411064805.24,19.19192087355972
EAS,1978,1638378937430.28,31.97714954210744
EAS,1979,1789114467940.66,9.200284932056157
EAS,1980,1956050522366.85,9.330652533280336
EAS,1981,2122690614910.89,8.51921208775337
EAS,1982,2066221743484.45,-2.660249733511466
EAS,1983,2190091680061.64,5.994997244017841
EAS,1984,2317598624736.0,5.82199119037663
EAS,1985,2388199816977.65,3.046307996911768
EAS,1986,3123521291594.5,30.78978020974079
EAS,1987,3722067437665.06,19.16254413508458
EAS,1988,4504813026702.21,21.029860477976303
EAS,1989,4699843182591.0,4.329372933632358
EAS,1990,4825135527454.88,2.6658835198583475
EAS,1991,5442893719943.36,12.802918984833788
EAS,1992,5983315055353.09,9.92893418862042
EAS,1993,6794132980257.29,13.551315907705487
EAS,1994,7404462060278.98,8.983178306859951
EAS,1995,8407703049147.34,13.549140784314595
EAS,1996,8101522614539.11,-3.6416656584854157
EAS,1997,7743791381646.73,-4.415604941352513
EAS,1998,6931652345852.65,-10.487615119886884
EAS,1999,7743499881489.52,11.712179075492934
EAS,2000,8377349540465.25,8.185570719655066
EAS,2001,7789508076035.07,-7.017033986593479
EAS,2002,7912757790984.25,1.5822528681671777
EAS,2003,8702207399274.63,9.976921184038702
EAS,2004,9758433473126.78,12.13745002147606
EAS,2005,10411317309554.8,6.690457420506712
EAS,2006,11034808224299.4,5.988588150823171
EAS,2007,12331154735962.7,11.747793756928694
EAS,2008,14220141864723.5,15.318817817213336
EAS,2009,14630626964216.5,2.886645600289728
EAS,2010,17078044883355.3,16.728045388107304
EAS,2011,19796911407672.4,15.920244635069292
EAS,2012,21174153362040.6,6.956852642349287
EAS,2013,21411260037373.0,1.1197929441536303
EAS,2014,22089565874969.3,3.1679865473229096
EAS,2015,21995286337605.6,-0.42680575026842194
EAS,2016,22775818467016.9,3.548633636456966
EAS,2017,24329068203247.4,6.819731806696039
EAS,2018,26487849774769.5,8.873260387481462
EAS,2019,27032674446875.7,2.0568852388507697
EAS,2020,27148447173104.2,0.42826959817097165
EAS,2021,31112165534854.6,14.600166029669781
EAS,2022,30688235798301.0,-1.3625851150691481
ECA,1960,,
ECA,1961,,
ECA,1962,,
ECA,1963,,
ECA,1964,,
ECA,1965,,
ECA,1966,,
ECA,1967,,
ECA,1968,,
ECA,1969,,
ECA,1970,,
ECA,1971,,
ECA,1972,,
ECA,1973,,
ECA,1974,,
ECA,1975,,
ECA,1976,,
ECA,1977,,
ECA,1978,,
ECA,1979,,
ECA,1980,,
ECA,1981,,
ECA,1982,,
ECA,1983,,
ECA,1984,,
ECA,1985,,
ECA,1986,,
ECA,1987,,
ECA,1988,850630595097.823,
ECA,1989,820691714108.68,-3.519610176459731
ECA,1990,879067803641.861,7.113035081215702
ECA,1991,859564888121.994,-2.2185905841470843
ECA,1992,791014140633.351,-7.97505207994419
ECA,1993,785265792624.012,-0.726706099683172
ECA,1994,674045599737.302,-14.163381867820979
ECA,1995,721536976115.354,7.045721594586629
ECA,1996,729341592559.419,1.0816654866509845
ECA,1997,761417341296.376,4.397904776607664
ECA,1998,705490152949.695,-7.345142448615682
ECA,1999,591797663564.306,-16.115389975329077
ECA,2000,662865533121.625,12.00881212157685
ECA,2001,655068116328.393,-1.176319540482329
ECA,2002,750707740327.68,14.5999509998044
ECA,2003,947224219829.565,26.177494775277864
ECA,2004,1256021644137.52,32.60024583867982
ECA,2005,1589623253702.44,26.560180003426304
ECA,2006,1950105962933.63,22.677241817618032
ECA,2007,2509469282749.61,28.683739778658236
ECA,2008,3110392920503.27,23.94624400802514
ECA,2009,2437810906121.28,-21.6236993708552
ECA,2010,2953123347551.59,21.13832701857121
ECA,2011,3670091075706.84,24.278285861296034
ECA,2012,3914682847733.44,6.664460553734153
ECA,2013,4150280509009.24,6.018307751602636
ECA,2014,3845772639012.83,-7.337043106734553
ECA,2015,2921672028195.23,-24.028997487870395
ECA,2016,2777844494431.75,-4.922781625572292
ECA,2017,3118391538150.36,12.259399127677728
ECA,2018,3183375960368.65,2.0839083682491877
ECA,2019,3250597309710.46,2.1116371480679685
ECA,2020,2991607694833.72,-7.967446909005426
ECA,2021,3580124604033.79,19.67226218251792
ECA,2022,4129330109662.66,15.340401979586705
ECS,1960,,
ECS,1961,,
ECS,1962,,
ECS,1963,,
ECS,1964,,
ECS,1965,,
ECS,1966,738130953212.588,
ECS,1967,794915876429.053,7.693068956032589
ECS,1968,831525946548.114,4.605527604194037
ECS,1969,919719196406.616,10.606193375518313
ECS,1970,1018620304076.31,10.753402566359949
ECS,1971,1147625624147.85,12.664711232957671
ECS,1972,1375499419930.67,19.856109081916284
ECS,1973,1747095591250.98,27.01536372432929
ECS,1974,1973567780630.54,12.962781802763201
ECS,1975,2307486263779.98,16.9195345823266
ECS,1976,2397117543413.64,3.884368936040028
ECS,1977,2716475752925.29,13.322592811066936
ECS,1978,3316315487062.18,22.081541993921384
ECS,1979,4056001260580.3,22.304445291885777
ECS,1980,4593786019657.15,13.258988953073182
ECS,1981,4088697189096.71,-10.995044793099373
ECS,1982,3939796038276.29,-3.6417749697261304
ECS,1983,3822429053450.73,-2.979011697186984
ECS,1984,3673631584182.01,-3.892746397330571
ECS,1985,3801763674325.18,3.4878862293890256
ECS,1986,5189099124582.14,36.491890845982525
ECS,1987,6412249080794.94,23.571528060013634
ECS,1988,7136188537844.64,11.289945975709825
ECS,1989,7228867549798.3,1.298718657195841
ECS,1990,8844416306688.16,22.3485732137247
ECS,1991,9129547622124.36,3.223856787706647
ECS,1992,9793519248255.8,7.272776851750962
ECS,1993,9002961946838.44,-8.07224942717254
ECS,1994,9412764456412.25,4.551863175626547
ECS,1995,10869124487155.2,15.47218181743446
ECS,1996,11093995531284.8,2.06889749395498
ECS,1997,10522039639341.4,-5.155544639715226
ECS,1998,10794675569889.6,2.591093931340338
ECS,1999,10676421794307.5,-1.0954824423992315
ECS,2000,10065921815731.6,-5.718207751040794
ECS,2001,10168292218080.4,1.0169997763027627
ECS,2002,11134322383715.6,9.50041703087059
ECS,2003,13534592292253.0,21.557395464387596
ECS,2004,15775499878104.7,16.55689020743063
ECS,2005,16780902188907.0,6.373188289251797
ECS,2006,18167734620079.1,8.26434964914382
ECS,2007,21227695909963.3,16.842833484050956
ECS,2008,23363317725408.3,10.06054460410204
ECS,2009,20544984633327.1,-12.06306880386332
ECS,2010,21016244485056.3,2.293795104449692
ECS,2011,23305492283126.4,10.892753934690269
ECS,2012,22453172441445.4,-3.657163004010411
ECS,2013,23454504187753.0,4.4596448404737865
ECS,2014,23783815080046.5,1.4040411583948753
ECS,2015,20480970346558.5,-13.88694253790651
ECS,2016,20408422727022.5,-0.3542196405171283
ECS,2017,21652739213015.3,6.097073265467112
ECS,2018,23188460071899.6,7.092501524985773
ECS,2019,22907909231787.3,-1.2098726661555204
ECS,2020,22156584402676.9,-3.2797616819079
ECS,2021,25312104726364.4,14.241907806449895
ECS,2022,25329956337827.0,0.07052598610659544
ECU,1960,2069464936.59762,
ECU,1961,1753850954.83979,-15.250994408087271
ECU,1962,1518207703.89016,-13.435762617077994
ECU,1963,1824343870.41393,20.164313864258876
ECU,1964,2244146103.18342,23.011135103287316
ECU,1965,2387047395.70254,6.36773569761826
ECU,1966,2429308638.838,1.7704400512341678
ECU,1967,2553595172.08743,5.116127743606902
ECU,1968,2582179864.15493,1.119390120248931
ECU,1969,3112165727.38342,20.52474618773075
ECU,1970,2862503139.00358,-8.022149533461565
ECU,1971,2754219271.03082,-3.7828384010245353
ECU,1972,3185986087.33583,15.676559264775358
ECU,1973,3891754150.23796,22.152264434158386
ECU,1974,6599257044.12414,69.57024491695168
ECU,1975,7731674472.07212,17.15977147694625
ECU,1976,9091921030.17345,17.5931690219852
ECU,1977,11026342618.1141,21.27626913521208
ECU,1978,11922497876.4828,8.127402615773004
ECU,1979,14175160902.0721,18.894220396823826
ECU,1980,17881508242.4481,26.14677438923614
ECU,1981,21810759353.7304,21.97382378492452
ECU,1982,19929846396.4239,-8.623784833904914
ECU,1983,17152477036.5005,-13.93572887958513
ECU,1984,16912509091.855,-1.3990279312710796
ECU,1985,17149088413.35,1.398842242804399
ECU,1986,15314138472.3282,-10.699985309967575
ECU,1987,13945426859.4657,-8.937568478538216
ECU,1988,13051881851.4068,-6.407441070564235
ECU,1989,13890823704.5545,6.427746302785264
ECU,1990,15239272611.5809,9.707479813340903
ECU,1991,16988535267.6338,11.478649280960894
ECU,1992,18094238119.0595,6.508523742669348
ECU,1993,18938717358.6793,4.667116869266064
ECU,1994,22708673336.6683,19.90607867782184
ECU,1995,24432884442.2211,7.592742561357246
ECU,1996,25226393196.5983,3.2477080479535347
ECU,1997,28162053026.5133,11.637255500762066
ECU,1998,27981896948.4742,-0.6397121611463885
ECU,1999,19645272636.3182,-29.792920499661058
ECU,2000,18327764882.4412,-6.706487500923364
ECU,2001,24468324000.0,33.50413515748296
ECU,2002,28548945000.0,16.677157781628193
ECU,2003,32432858000.0,13.604401143369738
ECU,2004,36591661000.0,12.82280766005881
ECU,2005,41507085000.0,13.433180855058758
ECU,2006,46802044000.0,12.756759478532409
ECU,2007,51007777000.0,8.98621649943323
ECU,2008,61762635000.0,21.084741646357188
ECU,2009,62519686000.0,1.2257427164498402
ECU,2010,69555367000.0,11.253545003409005
ECU,2011,79276664000.0,13.976343479001407
ECU,2012,87924544000.0,10.90848121459802
ECU,2013,95129659000.0,8.194657227906688
ECU,2014,101726331000.0,6.934400973727861
ECU,2015,99290381000.0,-2.394611086484577
ECU,2016,99937696000.0,0.6519412993288842
ECU,2017,104295862000.0,4.360883004547156
ECU,2018,107562008000.0,3.1316160942224114
ECU,2019,108108009000.0,0.5076151051401023
ECU,2020,99291124000.0,-8.155626101670233
ECU,2021,106165866000.0,6.923823321810718
ECU,2022,115049476000.0,8.367670640957225
EGY,1960,,
EGY,1961,,
EGY,1962,,
EGY,1963,,
EGY,1964,,
EGY,1965,4948667540.41066,
EGY,1966,5278005611.91453,6.655085814807848
EGY,1967,5605484298.98275,6.204591490561739
EGY,1968,5932242990.65421,5.829267807078842
EGY,1969,6524455205.81114,9.982939270861202
EGY,1970,8042200452.1477,23.26240580186296
EGY,1971,8609283346.08518,7.05133995741225
EGY,1972,9299638055.84281,8.01872446295484
EGY,1973,10098534613.4411,8.590619901560093
EGY,1974,9228963224.60004,-8.610867042864456
EGY,1975,11632178868.9171,26.03993087664742
EGY,1976,13315988083.4161,14.475441217624208
EGY,1977,14400806875.9867,8.146738986058777
EGY,1978,14811704063.0685,2.8532928093562004
EGY,1979,18020571428.5714,21.6644037164089
EGY,1980,21669908176.3889,20.25094910160019
EGY,1981,22136081081.0811,2.151245408599056
EGY,1982,27655172413.7931,24.93255835347008
EGY,1983,30966239813.7369,11.972687605781829
EGY,1984,33971188991.6147,9.703952420289585
EGY,1985,39053502251.0732,14.96065757578573
EGY,1986,41253507951.3564,5.633312183218453
EGY,1987,40455616653.5742,-1.9341174542611528
EGY,1988,34980124929.0176,-13.534564981282637
EGY,1989,39756299049.9793,13.653965303593441
EGY,1990,42978914311.3504,8.105923686004623
EGY,1991,37387836490.5284,-13.008885660346813
EGY,1992,41855986519.4235,11.950811943951445
EGY,1993,46578631452.581,11.283081169203669
EGY,1994,51897983392.6453,11.42015506719991
EGY,1995,60159245060.4541,15.918271053629308
EGY,1996,67629716981.1321,12.417828570107403
EGY,1997,78436578171.0914,15.979456476173471
EGY,1998,84828807556.0803,8.149551566420609
EGY,1999,90710704806.8416,6.933844079881446
EGY,2000,99838543960.0763,10.06258210943396
EGY,2001,96684636118.5984,-3.159008251100981
EGY,2002,85146067415.7303,-11.934231917379613
EGY,2003,80288461538.4615,-5.705026696713156
EGY,2004,78782467532.4675,-1.8757290613578004
EGY,2005,89600665557.4043,13.731732914405658
EGY,2006,107426086956.522,19.89429574906174
EGY,2007,130437828371.278,21.42099937426689
EGY,2008,162818181818.182,24.824357972854806
EGY,2009,189147005444.646,16.170690111172735
EGY,2010,218983666061.706,15.774323546344338
EGY,2011,235989672977.625,7.765879173438894
EGY,2012,279116666666.667,18.2749495538862
EGY,2013,288434108527.132,3.3381889987932123
EGY,2014,305595408895.265,5.949816564956878
EGY,2015,329366576819.407,7.778640395834269
EGY,2016,332441717791.411,0.9336530141278221
EGY,2017,248362771739.13,-25.291334255779518
EGY,2018,262588632526.73,5.7278555429161715
EGY,2019,318678815489.749,21.36047643163279
EGY,2020,383817841547.099,20.440337697767454
EGY,2021,424671765455.704,10.644091932759125
EGY,2022,476747720364.742,12.262636498368739
EMU,1960,244832979621.286,
EMU,1961,268965206140.915,9.856607780927785
EMU,1962,298819073251.177,11.099527533171361
EMU,1963,335341767111.3,12.222343594989749
EMU,1964,373024154759.547,11.237009923592446
EMU,1965,407740569138.291,9.306747012434723
EMU,1966,444882753309.621,9.109268731788301
EMU,1967,483418609566.274,8.662025212254875
EMU,1968,518991679523.801,7.358647195945434
EMU,1969,579332897735.763,11.626625356947496
EMU,1970,642618205440.966,10.923824273150085
EMU,1971,728350687665.193,13.341122535642636
EMU,1972,879866451210.211,20.802583990236666
EMU,1973,1142236798783.01,29.819337606510853
EMU,1974,1295371310379.11,13.406546852566503
EMU,1975,1501998691902.07,15.951208728135825
EMU,1976,1567495790394.23,4.3606628185020035
EMU,1977,1782978319993.57,13.746928758586696
EMU,1978,2183345400877.01,22.454960690990553
EMU,1979,2644833842318.66,21.136758355149787
EMU,1980,2962181083319.03,11.998759087344379
EMU,1981,2574375219647.74,-13.091902647516928
EMU,1982,2492495326231.07,-3.1805733986156937
EMU,1983,2431611024346.65,-2.44270475630074
EMU,1984,2332403164199.5,-4.079923110802897
EMU,1985,2396184860778.49,2.734591410181042
EMU,1986,3362907352245.57,40.3442366776745
EMU,1987,4159431451515.9,23.685579644008147
EMU,1988,4574521460012.74,9.979489104107287
EMU,1989,4672689376253.42,2.1459712693184363
EMU,1990,5880688023843.26,25.852320801140394
EMU,1991,6114122875186.22,3.9695159885458686
EMU,1992,6745618204470.38,10.328469711445344
EMU,1993,6172471796791.99,-8.496573483784786
EMU,1994,6515617848992.98,5.559297206984937
EMU,1995,7515452849974.94,15.345206305131743
EMU,1996,7604358498831.92,1.1829712810622617
EMU,1997,6952189647138.43,-8.576250735596801
EMU,1998,7149215002406.38,2.834004324796391
EMU,1999,7116212677298.5,-0.46162166191353604
EMU,2000,6495501325013.47,-8.722495805460785
EMU,2001,6596320042254.54,1.5521314244495432
EMU,2002,7199933607614.25,9.150762265825453
EMU,2003,8862289873827.47,23.088494377992674
EMU,2004,10160380132192.4,14.647345966402092
EMU,2005,10523534336511.9,3.5742186768078943
EMU,2006,11184044963054.4,6.276509444653278
EMU,2007,12879111927824.6,15.156117222075881
EMU,2008,14158257823443.4,9.93194175799712
EMU,2009,12938506901334.7,-8.61512014627268
EMU,2010,12641677890245.3,-2.294151970957159
EMU,2011,13637982373543.1,7.881109548492593
EMU,2012,12638197128387.1,-7.330888233845545
EMU,2013,13196005019503.3,4.41366664445586
EMU,2014,13510511024317.1,2.3833425673070563
EMU,2015,11676028077021.1,-13.578190669428992
EMU,2016,11973070933908.1,2.5440402757474834
EMU,2017,12680502706640.5,5.9085240256025795
EMU,2018,13699182177638.3,8.03343128079883
EMU,2019,13419058235305.8,-2.0448223747966288
EMU,2020,13097221769307.9,-2.398353597953262
EMU,2021,14685961531819.3,12.130357036745476
EMU,2022,14136240266478.8,-3.7431751686768933
ERI,1960,,
ERI,1961,,
ERI,1962,,
ERI,1963,,
ERI,1964,,
ERI,1965,,
ERI,1966,,
ERI,1967,,
ERI,1968,,
ERI,1969,,
ERI,1970,,
ERI,1971,,
ERI,1972,,
ERI,1973,,
ERI,1974,,
ERI,1975,,
ERI,1976,,
ERI,1977,,
ERI,1978,,
ERI,1979,,
ERI,1980,,
ERI,1981,,
ERI,1982,,
ERI,1983,,
ERI,1984,,
ERI,1985,,
ERI,1986,,
ERI,1987,,
ERI,1988,,
ERI,1989,,
ERI,1990,,
ERI,1991,,
ERI,1992,477101651.648376,
ERI,1993,467872714.755603,-1.9343753811975284
ERI,1994,531688311.688312,13.639520946641138
ERI,1995,578015625.0,8.713246519296458
ERI,1996,693535954.190067,19.985675852632355
ERI,1997,686490090.140141,-1.0159334937659303
ERI,1998,745523074.701951,8.599247885684559
ERI,1999,688918508.950846,-7.592597422116643
ERI,2000,706370815.584416,2.533290426490087
ERI,2001,752371683.221534,6.512283155280008
ERI,2002,729321671.428501,-3.0636469057868543
ERI,2003,870248293.699204,19.32297198774775
ERI,2004,1109054005.43971,27.441100829443023
ERI,2005,1098424709.46293,-0.9584110354090236
ERI,2006,1211161879.6748,10.263531878028509
ERI,2007,1317974491.05691,8.819020246144937
ERI,2008,1380188800.0,4.720448640337427
ERI,2009,1856695551.21951,34.52475133978119
ERI,2010,1589515447.15447,-14.390086941801073
ERI,2011,2065001626.01626,29.9139073931618
ERI,2012,,
ERI,2013,,
ERI,2014,,
ERI,2015,,
ERI,2016,,
ERI,2017,,
ERI,2018,,
ERI,2019,,
ERI,2020,,
ERI,2021,,
ERI,2022,,
ESP,1960,12072126075.397,
ESP,1961,13834300571.4849,14.597051795865635
ESP,1962,16138545209.246,16.65602554935508
ESP,1963,19074913947.7196,18.194754858023465
ESP,1964,21343844643.7341,11.894841057910766
ESP,1965,24756958694.9238,15.991093020777235
ESP,1966,28721062242.1634,16.012078042737944
ESP,1967,31647119228.1982,10.187843894364246
ESP,1968,31475548481.4095,-0.5421370126979075
ESP,1969,36038711599.541,14.497485630239781
ESP,1970,40992995008.3195,13.747115778804918
ESP,1971,46619420359.2814,13.725333681571739
ESP,1972,59132415221.3306,26.84073453855802
ESP,1973,78639525985.1513,32.98886184642767
ESP,1974,97274006345.5437,23.696074114066956
ESP,1975,114777046376.812,17.993542868063585
ESP,1976,118507184779.905,3.24989927937942
ESP,1977,132449277108.434,11.76476544812255
ESP,1978,160599687500.0,21.25372897922253
ESP,1979,214601955875.062,33.62538820323795
ESP,1980,232766822928.754,8.464446178797779
ESP,1981,202807891511.984,-12.870791051669727
ESP,1982,195996754505.528,-3.358418134362151
ESP,1983,170951185614.849,-12.778563070529113
ESP,1984,172102910370.524,0.673715570636535
ESP,1985,180793463796.477,5.04962606805599
ESP,1986,251321075204.942,39.01004490287294
ESP,1987,318747935588.196,26.828971795648314
ESP,1988,376160409941.437,18.011873315287797
ESP,1989,414757056921.996,10.260688249081795
ESP,1990,536558591250.408,29.366958872822615
ESP,1991,577166174539.632,7.568154522433623
ESP,1992,630916018202.503,9.31271547674184
ESP,1993,525075636030.854,-16.775668887467965
ESP,1994,530562634455.347,1.0449920064793394
ESP,1995,614609020549.773,15.840992304462675
ESP,1996,642588992512.807,4.552483127892537
ESP,1997,590077272727.273,-8.171898429226122
ESP,1998,619214834614.099,4.937923087963614
ESP,1999,634907542858.302,2.534291390803456
ESP,2000,598363313494.903,-5.755834810038629
ESP,2001,627830029412.205,4.924552567434937
ESP,2002,708756677088.629,12.889897565458952
ESP,2003,907491523174.116,28.03992576152272
ESP,2004,1069055675273.75,17.803378651354684
ESP,2005,1153715822717.51,7.919152332462143
ESP,2006,1260398977831.76,9.246917916317043
ESP,2007,1474002579820.0,16.94730047748041
ESP,2008,1631863493552.34,10.709676895654919
ESP,2009,1491472923706.64,-8.603082941704232
ESP,2010,1422108199783.34,-4.650753146152542
ESP,2011,1480710495710.12,4.120804305587167
ESP,2012,1324750738725.0,-10.532765009565548
ESP,2013,1355579535912.55,2.3271394600029582
ESP,2014,1371820537888.62,1.1980855085081288
ESP,2015,1196156971279.69,-12.805141908670892
ESP,2016,1233554967011.68,3.126512375042245
ESP,2017,1313245330197.65,6.4602198780830955
ESP,2018,1421702715218.04,8.258729920940722
ESP,2019,1394320055129.41,-1.9260468307138678
ESP,2020,1278128867875.49,-8.33317908800616
ESP,2021,1445651653604.63,13.106877556689312
ESP,2022,1417800466262.65,-1.9265489907292044
EST,1960,,
EST,1961,,
EST,1962,,
EST,1963,,
EST,1964,,
EST,1965,,
EST,1966,,
EST,1967,,
EST,1968,,
EST,1969,,
EST,1970,,
EST,1971,,
EST,1972,,
EST,1973,,
EST,1974,,
EST,1975,,
EST,1976,,
EST,1977,,
EST,1978,,
EST,1979,,
EST,1980,,
EST,1981,,
EST,1982,,
EST,1983,,
EST,1984,,
EST,1985,,
EST,1986,,
EST,1987,,
EST,1988,,
EST,1989,,
EST,1990,,
EST,1991,,
EST,1992,,
EST,1993,,
EST,1994,,
EST,1995,4502970889.06373,
EST,1996,4786018988.16491,6.28580788271611
EST,1997,5154420649.23354,7.697455066092096
EST,1998,5674080542.88575,10.081829346417104
EST,1999,5756912265.75809,1.4598263497721309
EST,2000,5686579747.53524,-1.2217055771578278
EST,2001,6254649538.98487,9.98965664195337
EST,2002,7367975887.72723,17.799979707944647
EST,2003,9874013098.46432,34.01255987972724
EST,2004,12145911801.2422,23.0088686344889
EST,2005,14106790200.2239,16.144349070451458
EST,2006,17022870405.2189,20.671465043470462
EST,2007,22449129482.617,31.87628730190244
EST,2008,24341678628.9732,8.43038990808822
EST,2009,19633031397.6104,-19.34397090329766
EST,2010,19523477325.6235,-0.5580089481252215
EST,2011,23213994093.4631,18.902968494224126
EST,2012,23019150071.1867,-0.8393386398390934
EST,2013,25115753366.1114,9.108083002373935
EST,2014,26634083965.0987,6.045331696225276
EST,2015,22890762090.1508,-14.054629698746734
EST,2016,24072829276.7744,5.1639485918741235
EST,2017,26924385103.0659,11.84553669826711
EST,2018,30624720196.229,13.743433987436692
EST,2019,31081901909.2156,1.492851885852975
EST,2020,31370395572.7658,0.9281724921236689
EST,2021,37191166151.98,18.554979855808718
EST,2022,38100812958.5196,2.445867932245971
ETH,1960,,
ETH,1961,,
ETH,1962,,
ETH,1963,,
ETH,1964,,
ETH,1965,,
ETH,1966,,
ETH,1967,,
ETH,1968,,
ETH,1969,,
ETH,1970,,
ETH,1971,,
ETH,1972,,
ETH,1973,,
ETH,1974,,
ETH,1975,,
ETH,1976,,
ETH,1977,,
ETH,1978,,
ETH,1979,,
ETH,1980,,
ETH,1981,7324903188.4058,
ETH,1982,7707678019.32367,5.225664026846721
ETH,1983,8567890821.25604,11.160466223105804
ETH,1984,8096302367.14976,-5.504137061787928
ETH,1985,9480840483.09179,17.100869670575868
ETH,1986,9848600869.56522,3.878985066031837
ETH,1987,10527338647.343,6.89171778577462
ETH,1988,10908935748.7923,3.6248202345576797
ETH,1989,11476584879.2271,5.203524372188584
ETH,1990,12175166763.285,6.087018842359182
ETH,1991,13463868357.4879,10.584673041925496
ETH,1992,10492993077.6093,-22.06554016273008
ETH,1993,8830712713.90781,-15.841813211986032
ETH,1994,6927950564.55657,-21.547096038516923
ETH,1995,7663984567.90123,10.624123201891965
ETH,1996,8547939730.62374,11.533884950978956
ETH,1997,8589233860.17722,0.48308868399644656
ETH,1998,7818205592.92428,-8.976682668144653
ETH,1999,7700833482.00615,-1.5012666208772396
ETH,2000,8242349617.8638,7.031915923425203
ETH,2001,8231326016.47494,-0.13374343360742502
ETH,2002,7850809498.16803,-4.622785169064003
ETH,2003,8623691300.04079,9.844612865120617
ETH,2004,10131187261.4421,17.480866475289748
ETH,2005,12401139453.9738,22.405589137324753
ETH,2006,15280861834.6024,23.221433734509176
ETH,2007,19707616772.7996,28.969275333496803
ETH,2008,27066912635.2228,37.342393792538545
ETH,2009,32437389116.038,19.84148156530594
ETH,2010,29933790334.3418,-7.718249988431847
ETH,2011,31952763089.33,6.744794870404092
ETH,2012,43310721414.0829,35.54609125038599
ETH,2013,47648276605.0123,10.01496869437737
ETH,2014,55612228233.5179,16.714039197102547
ETH,2015,64589328550.5953,16.14231366414993
ETH,2016,74296745207.8721,15.029443524362707
ETH,2017,81770886825.6048,10.05985066616455
ETH,2018,84269196625.8784,3.055255846254701
ETH,2019,95912607722.3032,13.816924288618647
ETH,2020,107657734392.446,12.245654611069057
ETH,2021,111261882958.426,3.3477841479013115
ETH,2022,126783471597.671,13.950499691834972
EUU,1960,,
EUU,1961,,
EUU,1962,,
EUU,1963,,
EUU,1964,,
EUU,1965,,
EUU,1966,,
EUU,1967,,
EUU,1968,,
EUU,1969,,
EUU,1970,725882347880.346,
EUU,1971,820757859994.293,13.07037047959545
EUU,1972,990362172790.347,20.66435438062493
EUU,1973,1281934381027.14,29.440967784067084
EUU,1974,1451653955755.56,13.239334028348138
EUU,1975,1690761494478.92,16.471386846385762
EUU,1976,1769935318587.38,4.682731678418106
EUU,1977,2004765804618.25,13.267743943224609
EUU,1978,2442533896219.61,21.83637064204216
EUU,1979,2952640055239.03,20.88430215068573
EUU,1980,3302959936728.89,11.864632157525223
EUU,1981,2879790705886.44,-12.811818458250478
EUU,1982,2777190076954.51,-3.5627807507750187
EUU,1983,2701887970990.39,-2.7114494823017865
EUU,1984,2603220591295.78,-3.651793884645904
EUU,1985,2677481057422.58,2.8526382426099506
EUU,1986,3743790443177.26,39.825095411921964
EUU,1987,4630939521325.74,23.69654743270244
EUU,1988,5083941391067.04,9.782072679964848
EUU,1989,5193045049320.93,2.1460447684466866
EUU,1990,6497764960998.87,25.12437114036883
EUU,1991,6735918095931.52,3.6651546549021363
EUU,1992,7406346647462.83,9.953038947077575
EUU,1993,6761164498941.44,-8.711206472389566
EUU,1994,7161925326227.77,5.927393533304426
EUU,1995,8295832183149.5,15.832430600319691
EUU,1996,8431354015024.82,1.6336134685871917
EUU,1997,7733772686274.64,-8.273657202711194
EUU,1998,7969828384040.82,3.052270959361336
EUU,1999,7925877863372.77,-0.5514613182394212
EUU,2000,7276390991857.45,-8.194510219703755
EUU,2001,7393612739232.78,1.610987473137504
EUU,2002,8083519004561.54,9.331111726584007
EUU,2003,9932133486284.81,22.868932214795244
EUU,2004,11418900352971.1,14.969259814513691
EUU,2005,11910068707011.7,4.301362993440971
EUU,2006,12712635610430.1,6.73855813229618
EUU,2007,14727519982190.6,15.849462169020123
EUU,2008,16295383915395.2,10.645810938301592
EUU,2009,14762732184092.9,-9.405434933351364
EUU,2010,14556037351406.0,-1.40011232412397
EUU,2011,15765045684120.1,8.305889188978476
EUU,2012,14641507897977.1,-7.126765178198779
EUU,2013,15294695568087.0,4.461204915923633
EUU,2014,15651155752825.7,2.3306131406921837
EUU,2015,13553676666875.9,-13.40143257836479
EUU,2016,13888512857169.0,2.4704454630485095
EUU,2017,14765543450855.0,6.314791242989659
EUU,2018,15980992271824.9,8.231656525310749
EUU,2019,15693432719569.6,-1.7993848402159562
EUU,2020,15381174426002.4,-1.9897386323759148
EUU,2021,17315524857576.4,12.576090602704015
EUU,2022,16746223630459.1,-3.287808090138278
FCS,1960,,
FCS,1961,,
FCS,1962,,
FCS,1963,,
FCS,1964,,
FCS,1965,,
FCS,1966,,
FCS,1967,,
FCS,1968,44702995409.2719,
FCS,1969,48810492501.7773,9.188415798314619
FCS,1970,61465995002.7759,25.927832013860108
FCS,1971,61399014249.9906,-0.10897204671017624
FCS,1972,70634250872.8041,15.041343473710423
FCS,1973,86153958081.8353,21.971928656790872
FCS,1974,131587080078.986,52.73480523552385
FCS,1975,147968477634.526,12.449092681216856
FCS,1976,177928369331.057,20.247482555392835
FCS,1977,192708150116.276,8.306590365991307
FCS,1978,212462321542.409,10.250823026537148
FCS,1979,273171200189.151,28.57395052732872
FCS,1980,349510591210.244,27.945622001233517
FCS,1981,498814510411.368,42.7179956647757
FCS,1982,475070488573.674,-4.76009044286071
FCS,1983,405242033126.632,-14.69854624240945
FCS,1984,369274294231.899,-8.87561900161864
FCS,1985,373471488874.344,1.136606232279247
FCS,1986,363763056776.336,-2.5995109097268876
FCS,1987,374331340505.548,2.9052658131004216
FCS,1988,392458465605.443,4.842534711470781
FCS,1989,387026945952.055,-1.3839731154757562
FCS,1990,560666457491.649,44.86496698891467
FCS,1991,400453801388.403,-28.5753952216113
FCS,1992,364561464351.942,-8.96291580002977
FCS,1993,373427180677.432,2.4318852079580067
FCS,1994,387422713799.932,3.7478613894978974
FCS,1995,470647685122.63,21.48169644118387
FCS,1996,513501426607.119,9.105269788658
FCS,1997,573407469041.073,11.666188121379495
FCS,1998,589888835850.628,2.874285337984417
FCS,1999,455600793837.261,-22.76497432261484
FCS,2000,528316634352.732,15.960428844521468
FCS,2001,525114548136.429,-0.6060922575769401
FCS,2002,516350189034.186,-1.6690375715825656
FCS,2003,543431874619.906,5.244829218785663
FCS,2004,683098771421.209,25.700902601451304
FCS,2005,858449973771.2,25.66996306920113
FCS,2006,1064256763312.95,23.974232142804297
FCS,2007,1297384801980.81,21.905243800579697
FCS,2008,1646380142512.02,26.89990972596363
FCS,2009,1521389688352.31,-7.591834408850529
FCS,2010,1802880871890.26,18.502240792943027
FCS,2011,1689762063599.2,-6.2743362611895055
FCS,2012,1888886097184.67,11.784146293433473
FCS,2013,1958466454077.53,3.6836713974742974
FCS,2014,2080902833468.18,6.2516454716769365
FCS,2015,1656886439406.9,-20.37655902244048
FCS,2016,1562107520222.84,-5.720302667090871
FCS,2017,1654879733871.17,5.938913451687089
FCS,2018,1735106586568.33,4.847896258267048
FCS,2019,1838740662542.85,5.972778662519285
FCS,2020,1666563897599.33,-9.363841701603071
FCS,2021,1782595197351.42,6.9623072910214745
FCS,2022,1906134056805.45,6.930281178676134
FIN,1960,5224102195.52771,
FIN,1961,5921659485.03284,13.352673117733026
FIN,1962,6340580854.39073,7.074391400193236
FIN,1963,6885920328.66187,8.600781013517134
FIN,1964,7766655085.78588,12.79037100470144
FIN,1965,8589340019.02985,10.59252566461466
FIN,1966,9208524504.87684,7.208755090323304
FIN,1967,9368954010.3132,1.7421847045245409
FIN,1968,8823033880.32993,-5.826905857178188
FIN,1969,10070766720.5011,14.141766393449618
FIN,1970,11357516987.5425,12.777083441144121
FIN,1971,12527405512.9298,10.30056593065627
FIN,1972,14743186119.8738,17.68746612901646
FIN,1973,19472363466.6252,32.077037543306
FIN,1974,24848821490.4679,27.610711114024355
FIN,1975,29472623242.2822,18.607730566167934
FIN,1976,31849513771.3494,8.064740316896014
FIN,1977,33499799321.2336,5.181509399897766
FIN,1978,36256160288.8087,8.227992475847469
FIN,1979,44465255686.1548,22.641932659041196
FIN,1980,53645202422.6968,20.645212975578087
FIN,1981,52448332874.07,-2.2310840384123787
FIN,1982,52797582336.2526,0.6658923993278387
FIN,1983,50973526900.0854,-3.454808639816709
FIN,1984,52888800949.7428,3.7573897003665646
FIN,1985,55875863392.1719,5.647816529755589
FIN,1986,73531550551.255,31.598056991378208
FIN,1987,91594751792.2359,24.565239146412377
FIN,1988,109058990760.483,19.066855498294476
FIN,1989,119012054870.445,9.126312320110387
FIN,1990,141438345513.917,18.843713494305227
FIN,1991,127773856785.767,-9.661092031655205
FIN,1992,112532519246.084,-11.928369326158405
FIN,1993,89214114708.0254,-20.721480949934435
FIN,1994,103299943084.804,15.788789053030271
FIN,1995,134189814814.815,29.90308688229575
FIN,1996,132129174216.93,-1.5356162468282308
FIN,1997,126912152101.707,-3.9484255813615143
FIN,1998,134038718291.055,5.615353668919565
FIN,1999,135264083658.688,0.9141876192610532
FIN,2000,126019543413.334,-6.834438230240602
FIN,2001,129533107311.811,2.788110322660664
FIN,2002,140404460203.138,8.392721457038444
FIN,2003,171652458349.411,22.25570192076749
FIN,2004,197479443979.151,15.046091316191523
FIN,2005,204885494686.381,3.750289426585529
FIN,2006,217089269791.764,5.956388042044347
FIN,2007,256378067752.158,18.09799166862578
FIN,2008,285716311136.719,11.44335146987785
FIN,2009,253497520828.515,-11.276496669028768
FIN,2010,249424310816.667,-1.606804673487694
FIN,2011,275604356167.316,10.49618830856145
FIN,2012,258290060227.734,-6.282301259806888
FIN,2013,271362405890.589,5.061110617779518
FIN,2014,274862826772.156,1.2899431924178861
FIN,2015,234534382384.766,-14.672207537478233
FIN,2016,240771351298.833,2.659298330014126
FIN,2017,255647979916.471,6.178737020574299
FIN,2018,275708001767.843,7.846735913159297
FIN,2019,268514916972.549,-2.6089503203287068
FIN,2020,271886077382.102,1.25548347464719
FIN,2021,296776746825.577,9.154815753398914
FIN,2022,282896251391.052,-4.677083222656564
FJI,1960,112328422.113084,
FJI,1961,116987784.913739,4.14798206278042
FJI,1962,122906434.957814,5.059203444563987
FJI,1963,129454728.623599,5.3278688524588835
FJI,1964,140032741.468329,8.171206225681038
FJI,1965,147084750.031482,5.035971223021396
FJI,1966,150603925.515853,2.392617510392969
FJI,1967,162625885.863484,7.98250132355649
FJI,1968,166952937.135005,2.6607395548045476
FJI,1969,182182067.703568,9.121810511334761
FJI,1970,219878482.173564,20.69161632929348
FJI,1971,247749327.721267,12.675567555402178
FJI,1972,316656648.698957,27.813323092127582
FJI,1973,425950487.519894,34.51493574191198
FJI,1974,558587097.382833,31.138973601185093
FJI,1975,684282434.361095,22.502370278007945
FJI,1976,694540806.380644,1.4991429714438231
FJI,1977,719501765.783049,3.5938794629620574
FJI,1978,829267889.429373,15.25585187784262
FJI,1979,1019691460.17376,22.96285352076266
FJI,1980,1202618816.20852,17.939481027289194
FJI,1981,1235626770.50924,2.7446730298785527
FJI,1982,1194059943.22478,-3.364027736897357
FJI,1983,1123085190.06509,-5.943985774115301
FJI,1984,1178000677.99929,4.889699233859313
FJI,1985,1141168943.97661,-3.126630969791533
FJI,1986,1290267339.65006,13.065409504914282
FJI,1987,1177947965.12142,-8.705124207755489
FJI,1988,1110009522.75743,-5.767524914140576
FJI,1989,1182660265.76635,6.545055832354008
FJI,1990,1337017559.49728,13.051702014433374
FJI,1991,1383883249.591,3.505241181076313
FJI,1992,1532411039.05479,10.73268207471163
FJI,1993,1636101246.9394,6.766474871426631
FJI,1994,1825732092.54674,11.590410187760458
FJI,1995,1970301486.20561,7.918434158497378
FJI,1996,2128696643.62574,8.039133022488155
FJI,1997,2090221137.02876,-1.8074678095722496
FJI,1998,1653146716.58235,-20.910439221168208
FJI,1999,1936459986.03795,17.137817630688623
FJI,2000,1678219507.89829,-13.335699162471581
FJI,2001,1652462023.46215,-1.5348102149281506
FJI,2002,1833279985.36741,10.942336909287608
FJI,2003,2300492465.32276,25.485058675405515
FJI,2004,2708078476.63012,17.71733737237757
FJI,2005,2980403844.72096,10.056036796604095
FJI,2006,3076305452.86506,3.2177387072549024
FJI,2007,3378314599.76402,9.817267872983471
FJI,2008,3523185919.55826,4.288272021923589
FJI,2009,2870624635.68032,-18.521908828466216
FJI,2010,3140166712.79624,9.389666407988596
FJI,2011,3779411899.37483,20.357046139418443
FJI,2012,3972028104.47328,5.0964597198392525
FJI,2013,4189967998.51424,5.48686686772224
FJI,2014,4857104791.00386,15.922240759981632
FJI,2015,4682479912.05203,-3.5952462725379997
FJI,2016,4930213634.35692,5.2906521108026405
FJI,2017,5353469171.0611,8.584932988596305
FJI,2018,5581425324.91185,4.258101551849736
FJI,2019,5444407214.31758,-2.4548946302785812
FJI,2020,4432466237.09588,-18.586798110187665
FJI,2021,4305031630.81808,-2.875027117212603
FJI,2022,4979979546.0123,15.67811744662977
FRA,1960,62225478000.8822,
FRA,1961,67461644222.0352,8.414826835205291
FRA,1962,75607529809.9288,12.074839980305253
FRA,1963,84759195105.8693,12.104171792078166
FRA,1964,94007851047.3678,10.91168448443427
FRA,1965,101537248148.427,8.009327962688317
FRA,1966,110045852177.928,8.379785925518801
FRA,1967,118972977486.207,8.112186994422244
FRA,1968,129785441507.456,9.088167960243343
FRA,1969,141903068680.309,9.33666136363751
FRA,1970,148456359985.827,4.618146292721681
FRA,1971,165966615366.402,11.794883952595026
FRA,1972,203494148244.473,22.61149496555197
FRA,1973,264429876252.21,29.944707763552138
FRA,1974,285553737043.099,7.988454667180389
FRA,1975,360832186018.051,26.362270637554342
FRA,1976,372319038514.067,3.1834334466608105
FRA,1977,410279486493.715,10.195677376893997
FRA,1978,506709302325.581,23.503445579491135
FRA,1979,613953129818.07,21.164763899199258
FRA,1980,701288419745.421,14.225074469973098
FRA,1981,615552202776.101,-12.22552869195298
FRA,1982,584877732308.614,-4.983244366464302
FRA,1983,559869179791.72,-4.275859916598456
FRA,1984,530683779929.445,-5.2128963185886334
FRA,1985,553138414367.061,4.23126450946012
FRA,1986,771470783218.108,39.47156139948766
FRA,1987,934173305685.911,21.08991370860562
FRA,1988,1018847043277.17,9.064028813057101
FRA,1989,1025211803413.53,0.6247022237888977
FRA,1990,1269179616913.63,23.79682058749111
FRA,1991,1269276828275.78,0.007659385705127697
FRA,1992,1401465923172.24,10.41452045382638
FRA,1993,1322815612694.0,-5.612003058926596
FRA,1994,1393982750472.59,5.379974132120613
FRA,1995,1601094756209.75,14.857573070179274
FRA,1996,1605675086549.56,0.2860749073123614
FRA,1997,1452884917959.09,-9.51563425691565
FRA,1998,1503108739159.44,3.4568340946715015
FRA,1999,1493151737698.46,-0.6624272217689353
FRA,2000,1365639660792.16,-8.539793624916303
FRA,2001,1377657339291.34,0.8800036235187436
FRA,2002,1501409382971.38,8.982788401047337
FRA,2003,1844544792036.86,22.854220371688005
FRA,2004,2119633181634.37,14.913619381058263
FRA,2005,2196945232435.8,3.647425954231265
FRA,2006,2320536221304.7,5.625583516794008
FRA,2007,2660591246211.77,14.654157163548899
FRA,2008,2930303780828.12,10.137315718841622
FRA,2009,2700887366932.03,-7.82910002017797
FRA,2010,2645187882116.67,-2.0622661091798666
FRA,2011,2865157541994.17,8.315842566974151
FRA,2012,2683671716967.19,-6.33423546059756
FRA,2013,2811876903329.03,4.777230596100046
FRA,2014,2855964488590.19,1.5679059495443903
FRA,2015,2439188643162.5,-14.593173237718581
FRA,2016,2472964344587.17,1.3847105068871768
FRA,2017,2595151045197.65,4.940900214672417
FRA,2018,2790956878746.66,7.545065013127106
FRA,2019,2728870246705.88,-2.2245643604734466
FRA,2020,2647418691598.45,-2.9848086476721547
FRA,2021,2959355819170.5,11.782689627522025
FRA,2022,2779092236505.85,-6.091311544793465
FRO,1960,,
FRO,1961,,
FRO,1962,,
FRO,1963,,
FRO,1964,,
FRO,1965,57954522.4217259,
FRO,1966,64397131.0846457,11.116662503122644
FRO,1967,66225403.5588069,2.839058888753998
FRO,1968,65186666.6666667,-1.5684870704001375
FRO,1969,70106666.6666667,7.5475557373696045
FRO,1970,84933333.3333333,21.148725751236096
FRO,1971,99219082.8537991,16.81995626428472
FRO,1972,119335897.815202,20.27514706122142
FRO,1973,161236465.823622,35.11145328064256
FRO,1974,196771070.895339,22.038814166634403
FRO,1975,227404436.013679,15.568022768262324
FRO,1976,270470345.449357,18.938025216485865
FRO,1977,347798304.635267,28.590180212709846
FRO,1978,397833034.884512,14.386134027224774
FRO,1979,448568492.658561,12.752952451215393
FRO,1980,493014300.005217,9.908365851385614
FRO,1981,456244919.010912,-7.458075961268451
FRO,1982,444047495.320099,-2.6734377047432423
FRO,1983,486605127.702681,9.584027121221261
FRO,1984,426008864.692169,-12.452861583393904
FRO,1985,459307281.195335,7.816367043729744
FRO,1986,688914288.878298,49.98984712051961
FRO,1987,886508622.334316,28.68199087258654
FRO,1988,968576956.930265,9.257477313627271
FRO,1989,871935350.384909,-9.977690038347042
FRO,1990,960805408.949872,10.192276127551425
FRO,1991,909253214.82608,-5.365518724560148
FRO,1992,912670413.325883,0.37582473661714744
FRO,1993,760957189.757646,-16.623002274761532
FRO,1994,758739178.612171,-0.29147646875921085
FRO,1995,901404709.830684,18.80297409703635
FRO,1996,989536914.659081,9.777207048868352
FRO,1997,933763083.395627,-5.636356808646125
FRO,1998,1104744235.30111,18.31097790712719
FRO,1999,1127684827.35686,2.076552320682379
FRO,2000,1067109530.64798,-5.37165130179682
FRO,2001,1160268212.07291,8.730001817935351
FRO,2002,1275093689.27107,9.89645980156737
FRO,2003,1501941580.88903,17.79068420828289
FRO,2004,1724770770.83393,14.83607570229215
FRO,2005,1759739599.22694,2.0274478779636507
FRO,2006,2017680834.89917,14.657920739269859
FRO,2007,2339015313.29513,15.925932032358237
FRO,2008,2489873249.62815,6.4496344027990204
FRO,2009,2296065170.05552,-7.783853238375659
FRO,2010,2331796784.36009,1.5562108066691227
FRO,2011,2505740669.27039,7.459650260991135
FRO,2012,2427200388.91831,-3.1344137609798595
FRO,2013,2690110520.92548,10.831826379375965
FRO,2014,2914012679.27277,8.323158346306926
FRO,2015,2573905971.05459,-11.67142170098786
FRO,2016,2813278868.78208,9.299986107472801
FRO,2017,2980057377.87967,5.928260825767029
FRO,2018,3188600927.46688,6.997970949659682
FRO,2019,3266432734.22819,2.440939099366757
FRO,2020,3262045883.37293,-0.13430097026921883
FRO,2021,3655063937.93145,12.048207432083768
FRO,2022,3555929833.05051,-2.7122399652752427
FSM,1960,,
FSM,1961,,
FSM,1962,,
FSM,1963,,
FSM,1964,,
FSM,1965,,
FSM,1966,,
FSM,1967,,
FSM,1968,,
FSM,1969,,
FSM,1970,,
FSM,1971,,
FSM,1972,,
FSM,1973,,
FSM,1974,,
FSM,1975,,
FSM,1976,,
FSM,1977,,
FSM,1978,,
FSM,1979,,
FSM,1980,,
FSM,1981,,
FSM,1982,,
FSM,1983,106500000.0,
FSM,1984,,
FSM,1985,,
FSM,1986,112210000.0,
FSM,1987,116700000.0,4.00142589787007
FSM,1988,124700000.0,6.8551842330762724
FSM,1989,135200000.0,8.420208500400971
FSM,1990,147200000.0,8.875739644970416
FSM,1991,166200000.0,12.907608695652172
FSM,1992,178100000.0,7.160048134777375
FSM,1993,198400000.0,11.398090960134756
FSM,1994,202500000.0,2.066532258064524
FSM,1995,221575300.0,9.419901234567906
FSM,1996,218534700.0,-1.3722648688730188
FSM,1997,206626300.0,-5.449203261541536
FSM,1998,218873100.0,5.927028650273458
FSM,1999,220140500.0,0.5790569969539527
FSM,2000,233271800.0,5.964963284811287
FSM,2001,240970900.0,3.3004846706717217
FSM,2002,242517200.0,0.6416957400250389
FSM,2003,245432900.0,1.2022652413931967
FSM,2004,240236000.0,-2.117442282595361
FSM,2005,250281900.0,4.1816796816463775
FSM,2006,253541900.0,1.3025312657447552
FSM,2007,256787200.0,1.279985674951556
FSM,2008,263145100.0,2.4759411684071475
FSM,2009,280284600.0,6.513326677943088
FSM,2010,296944100.0,5.943780000756371
FSM,2011,311301600.0,4.835085122081906
FSM,2012,327248700.0,5.122717004988098
FSM,2013,317214400.0,-3.066261225789435
FSM,2014,319271200.0,0.6483942721389635
FSM,2015,316489900.0,-0.8711402719694061
FSM,2016,332265200.0,4.984456060051201
FSM,2017,366666800.0,10.35365725932178
FSM,2018,401932300.0,9.617860138959955
FSM,2019,416000000.0,3.5000172914692262
FSM,2020,408000000.0,-1.9230769230769273
FSM,2021,406000000.0,-0.4901960784313708
FSM,2022,424000000.0,4.4334975369458185
GAB,1960,141468977.799846,
GAB,1961,167637907.122782,18.49799845161848
GAB,1962,182796536.266025,9.042482934447804
GAB,1963,154480244.055222,-15.49060654496982
GAB,1964,215679855.342091,39.61646465614852
GAB,1965,226474285.779063,5.0048394273312535
GAB,1966,245849781.273234,8.555273914440242
GAB,1967,271543680.048895,10.45105618666593
GAB,1968,294468564.245272,8.44242966444626
GAB,1969,318124701.478771,8.033501740374248
GAB,1970,323802475.512425,1.7847636499968234
GAB,1971,381687072.622379,17.876514692591616
GAB,1972,430508358.514204,12.7909194189886
GAB,1973,722780701.295854,67.89005068109655
GAB,1974,1544216001.66059,113.64931284025803
GAB,1975,2157592940.04234,39.720928789893904
GAB,1976,3009409974.26856,39.479969479762225
GAB,1977,2809349069.22118,-6.647844818684268
GAB,1978,2389479271.66616,-14.945447760659302
GAB,1979,3030251120.09759,26.816380289611217
GAB,1980,4279637942.25144,41.230471424216915
GAB,1981,3862269120.53497,-9.752432970927917
GAB,1982,3618007841.13503,-6.324294651070483
GAB,1983,3391275731.53751,-6.266766672523028
GAB,1984,3561451560.50783,5.018047556197014
GAB,1985,3339914757.22872,-6.220407592670474
GAB,1986,3403638189.20049,1.907935878718181
GAB,1987,3281797043.04996,-3.5797326089806902
GAB,1988,3834503376.02992,16.841575689467337
GAB,1989,4186411463.85975,9.177409779573086
GAB,1990,5952293764.84777,42.18128858647658
GAB,1991,5402919784.57004,-9.229618059547839
GAB,1992,5592390827.39854,3.5068268710855444
GAB,1993,4378645081.01769,-21.703521514168887
GAB,1994,4190819344.22255,-4.289585780985128
GAB,1995,4958845648.04778,18.326399702340513
GAB,1996,5694040002.89863,14.825917300738833
GAB,1997,5326817114.53586,-6.449250236665538
GAB,1998,4483417309.83011,-15.833091066788729
GAB,1999,4662992036.2073,4.005309208747176
GAB,2000,5080483628.53013,8.95329842043655
GAB,2001,5023265413.2623,-1.1262355998258533
GAB,2002,5335451099.88223,6.214795773994042
GAB,2003,6511903365.47554,22.049724448215425
GAB,2004,7770219008.21293,19.323315659268836
GAB,2005,9582783990.85345,23.327077148336283
GAB,2006,10327598306.4575,7.772421003280039
GAB,2007,12455409587.3371,20.603156878682526
GAB,2008,15571348344.3379,25.016750634749485
GAB,2009,12113699068.2517,-22.205201499737058
GAB,2010,14372593020.2885,18.647433284495605
GAB,2011,18210307743.5816,26.701616875088185
GAB,2012,17170464016.0593,-5.710193052002666
GAB,2013,17595744798.3398,2.4768158966626874
GAB,2014,18203966895.8433,3.456643094533196
GAB,2015,14383107762.6952,-20.989156676727184
GAB,2016,14023890265.3665,-2.4974956960302053
GAB,2017,14929487485.1623,6.457532130241117
GAB,2018,16867326401.9626,12.979942672018897
GAB,2019,16874405465.391,0.04196909017883943
GAB,2020,15314577154.8076,-9.243752698621421
GAB,2021,20217946922.4528,32.01766342014815
GAB,2022,21071739224.8918,4.222942644541372
GBR,1960,73233967692.1028,
GBR,1961,77741965703.3544,6.155610781877274
GBR,1962,81247564156.8246,4.509274266162455
GBR,1963,86561961812.3249,6.540993210876356
GBR,1964,94407558351.1616,9.06356137797195
GBR,1965,101824755078.991,7.8565708692943215
GBR,1966,108572752102.045,6.627069240499739
GBR,1967,113116888210.787,4.185337500214681
GBR,1968,107759910067.889,-4.735789878621455
GBR,1969,116464702803.218,8.077951002227968
GBR,1970,130671946244.3,12.198754729222095
GBR,1971,148113896325.14,13.347891863668359
GBR,1972,169965034965.035,14.752929456347097
GBR,1973,192537971582.558,13.28092958776297
GBR,1974,206131369798.971,7.060112924574113
GBR,1975,241756637168.142,17.28279756929496
GBR,1976,232614555256.065,-3.781522616778732
GBR,1977,263066457352.172,13.091142152555824
GBR,1978,335883029721.956,27.67991522092954
GBR,1979,438994070309.191,30.69849663812736
GBR,1980,564947710899.373,28.691421845737185
GBR,1981,540765675241.158,-4.280402449939702
GBR,1982,515048916841.37,-4.75561959222347
GBR,1983,489618008185.539,-4.937571524621509
GBR,1984,461487097632.349,-5.745481187965185
GBR,1985,489285164271.047,6.0235847938794995
GBR,1986,601452653180.885,22.92476802907948
GBR,1987,745162608269.325,23.893810149212126
GBR,1988,910122732123.799,22.137466644710145
GBR,1989,926884816753.927,1.8417389258054584
GBR,1990,1093169389204.55,17.940154962616983
GBR,1991,1142797178130.51,4.539807775085247
GBR,1992,1179659529659.53,3.2256250045456625
GBR,1993,1061388722255.55,-10.025842578334021
GBR,1994,1140489745944.29,7.452596963781843
GBR,1995,1344240176739.78,17.86516989916389
GBR,1996,1419645865834.63,5.6095399021425685
GBR,1997,1560911918795.02,9.950795220140197
GBR,1998,1653694932096.72,5.944154323155271
GBR,1999,1687830448147.55,2.0641966899874076
GBR,2000,1665534876683.31,-1.3209603777861734
GBR,2001,1649827263567.01,-0.943097219770006
GBR,2002,1785729916067.15,8.237386755648068
GBR,2003,2054422857142.86,15.046672996747091
GBR,2004,2421525082387.4,17.868873682367337
GBR,2005,2543180000000.0,5.023896654940274
GBR,2006,2708441582336.71,6.4982259351170635
GBR,2007,3090510204081.63,14.106585286409977
GBR,2008,2929411764705.88,-5.212681037680689
GBR,2009,2412840006231.5,-17.633975690892502
GBR,2010,2485482596184.71,3.0106675024286877
GBR,2011,2663805834828.07,7.174592126176682
GBR,2012,2707089726614.64,1.624889142468744
GBR,2013,2784853502534.29,2.8725969130287243
GBR,2014,3064708247921.43,10.049172968433172
GBR,2015,2927911140916.73,-4.463625765926649
GBR,2016,2689106566899.61,-8.156141444318232
GBR,2017,2680148052335.3,-0.33314092771855597
GBR,2018,2871340347581.79,7.133646780441771
GBR,2019,2851407164907.81,-0.6942117708465867
GBR,2020,2697806592293.86,-5.386834069308244
GBR,2021,3141506156618.7,16.44667803808637
GBR,2022,3089072722400.14,-1.6690540016319977
GEO,1960,,
GEO,1961,,
GEO,1962,,
GEO,1963,,
GEO,1964,,
GEO,1965,,
GEO,1966,,
GEO,1967,,
GEO,1968,,
GEO,1969,,
GEO,1970,,
GEO,1971,,
GEO,1972,,
GEO,1973,,
GEO,1974,,
GEO,1975,,
GEO,1976,,
GEO,1977,,
GEO,1978,,
GEO,1979,,
GEO,1980,,
GEO,1981,,
GEO,1982,,
GEO,1983,,
GEO,1984,,
GEO,1985,,
GEO,1986,,
GEO,1987,,
GEO,1988,,
GEO,1989,,
GEO,1990,7500000000.0,
GEO,1991,6400000000.0,-14.66666666666666
GEO,1992,3730000000.0,-41.71875000000001
GEO,1993,2701301482.70181,-27.579048721131105
GEO,1994,2514070771.80273,-6.931129757194443
GEO,1995,2693768412.89179,7.147676314625251
GEO,1996,3095047603.8083,14.896573476623875
GEO,1997,3510520231.21387,13.423787953837984
GEO,1998,3613497316.55319,2.9333853263028287
GEO,1999,2800025882.71672,-22.512025402925072
GEO,2000,3057475335.18846,9.194538309836986
GEO,2001,3219462262.0075,5.298061605100579
GEO,2002,3395766677.67315,5.476206935120742
GEO,2003,3991377904.13162,17.539815982486616
GEO,2004,5125365191.98664,28.410922621012368
GEO,2005,6410912049.87105,25.082053858217268
GEO,2006,7745250733.95067,20.813554665852262
GEO,2007,10172931088.5655,31.344115742738875
GEO,2008,12795145130.9103,25.77638656465686
GEO,2009,10766920065.8251,-15.851520591082991
GEO,2010,12243217070.5734,13.71141418086832
GEO,2011,15107486236.2474,23.394742976160067
GEO,2012,16488822461.4203,9.143388936927565
GEO,2013,17190068235.7892,4.25285538739737
GEO,2014,17627332900.2581,2.54370522833951
GEO,2015,14953673796.1929,-15.167689401418471
GEO,2016,15141598622.5692,1.2567134266640467
GEO,2017,16242645072.2881,7.271665807319327
GEO,2018,17596922469.9152,8.337788528899527
GEO,2019,17470436258.5131,-0.7187973443558038
GEO,2020,15842922532.7202,-9.315816169157397
GEO,2021,18629365612.096,17.58793602393114
GEO,2022,24780791063.7131,33.02004791630153
GHA,1960,1223943661.97183,
GHA,1961,1309859154.92958,7.019562715765537
GHA,1962,1390140845.07042,6.1290322580641154
GHA,1963,1549295774.64789,11.448834853090561
GHA,1964,1740845070.42254,12.363636363636466
GHA,1965,2064788732.39437,18.608414239482094
GHA,1966,2138028169.01408,3.5470668485671153
GHA,1967,1748837209.30233,-18.203266231577274
GHA,1968,1666666666.66667,-4.698581560283732
GHA,1969,1961764705.88235,17.705882352940748
GHA,1970,2214705882.35294,12.893553223388432
GHA,1971,2427184466.01942,9.593986513493125
GHA,1972,2116541353.38346,-12.798496240601542
GHA,1973,3018103448.27586,42.596006614809625
GHA,1974,2894409937.8882,-4.098385377026159
GHA,1975,2810106382.97872,-2.912633549447685
GHA,1976,2765254237.28814,-1.5961013420081605
GHA,1977,3189428571.42857,15.339433474891418
GHA,1978,3662478184.99127,14.831798329028501
GHA,1979,4020227920.22792,9.767969040817714
GHA,1980,4445228215.76763,10.571547284702575
GHA,1981,4222441860.46512,-5.011809169038073
GHA,1982,4035994397.7591,-4.415631259526254
GHA,1983,4057275132.27513,0.5272736386315424
GHA,1984,4412279843.44423,8.749830849406326
GHA,1985,4504306722.68908,2.0856990605793824
GHA,1986,5735677433.82683,27.337630115975298
GHA,1987,5074829931.97279,-11.521699214753856
GHA,1988,5197765031.64557,2.4224476745172474
GHA,1989,5251858439.874,1.0407051472910434
GHA,1990,5889106573.46088,12.133764473708265
GHA,1991,6603185267.79643,12.125416401080734
GHA,1992,6416103925.83267,-2.833198439488749
GHA,1993,5968922939.37198,-6.9696655732186645
GHA,1994,5446383726.77047,-8.754330017476974
GHA,1995,6464382807.67884,18.69128456565823
GHA,1996,6932991739.37767,7.2490900622745436
GHA,1997,6891443192.24985,-0.5992874171742435
GHA,1998,7482069162.42008,8.570424999431925
GHA,1999,7718109982.26093,3.154753246954778
GHA,2000,4982850662.20851,-35.43949653916641
GHA,2001,5314872854.4405,6.663298074536916
GHA,2002,6166197847.85031,16.017786628678053
GHA,2003,7632723555.66221,23.783306082583255
GHA,2004,8881417906.71432,16.359748154717145
GHA,2005,10744568381.4456,20.978074608140517
GHA,2006,20885037596.6963,94.3776320765188
GHA,2007,24827339138.4906,18.87620035894939
GHA,2008,28679383241.0729,15.51533203415405
GHA,2009,26048720005.5233,-9.172663210490938
GHA,2010,32197655566.5347,23.605519041655775
GHA,2011,39336668080.559,22.17246066028602
GHA,2012,41271701060.954,4.919158319235839
GHA,2013,62824629066.0408,52.222049130602514
GHA,2014,54783320576.8882,-12.799611567462875
GHA,2015,49406009811.9819,-9.815598449092288
GHA,2016,56164928691.0359,13.680357723231529
GHA,2017,60405920071.5652,7.550960144290508
GHA,2018,67298913752.0241,11.411122738123192
GHA,2019,68337974418.3315,1.543948644009352
GHA,2020,70043095503.6675,2.49512968426322
GHA,2021,79524421861.2743,13.53641824283789
GHA,2022,73766052451.5256,-7.241007573489611
GIB,1960,,
GIB,1961,,
GIB,1962,,
GIB,1963,,
GIB,1964,,
GIB,1965,,
GIB,1966,,
GIB,1967,,
GIB,1968,,
GIB,1969,,
GIB,1970,,
GIB,1971,,
GIB,1972,,
GIB,1973,,
GIB,1974,,
GIB,1975,,
GIB,1976,,
GIB,1977,,
GIB,1978,,
GIB,1979,,
GIB,1980,,
GIB,1981,,
GIB,1982,,
GIB,1983,,
GIB,1984,,
GIB,1985,,
GIB,1986,,
GIB,1987,,
GIB,1988,,
GIB,1989,,
GIB,1990,,
GIB,1991,,
GIB,1992,,
GIB,1993,,
GIB,1994,,
GIB,1995,,
GIB,1996,,
GIB,1997,,
GIB,1998,,
GIB,1999,,
GIB,2000,,
GIB,2001,,
GIB,2002,,
GIB,2003,,
GIB,2004,,
GIB,2005,,
GIB,2006,,
GIB,2007,,
GIB,2008,,
GIB,2009,,
GIB,2010,,
GIB,2011,,
GIB,2012,,
GIB,2013,,
GIB,2014,,
GIB,2015,,
GIB,2016,,
GIB,2017,,
GIB,2018,,
GIB,2019,,
GIB,2020,,
GIB,2021,,
GIB,2022,,
GIN,1960,,
GIN,1961,,
GIN,1962,,
GIN,1963,,
GIN,1964,,
GIN,1965,,
GIN,1966,,
GIN,1967,,
GIN,1968,,
GIN,1969,,
GIN,1970,,
GIN,1971,,
GIN,1972,,
GIN,1973,,
GIN,1974,,
GIN,1975,,
GIN,1976,,
GIN,1977,,
GIN,1978,,
GIN,1979,,
GIN,1980,,
GIN,1981,,
GIN,1982,,
GIN,1983,,
GIN,1984,,
GIN,1985,,
GIN,1986,1995186720.74733,
GIN,1987,2041538039.57727,2.323156943054361
GIN,1988,2384295816.52755,16.78919375027923
GIN,1989,2432029298.17643,2.0019949419866068
GIN,1990,2666750819.15337,9.651262061396103
GIN,1991,3015058206.91718,13.06111486915713
GIN,1992,3284620423.06095,8.940531082462599
GIN,1993,3279096492.96264,-0.16817559982051922
GIN,1994,3383092768.69818,3.1714917800903297
GIN,1995,3693710532.91191,9.181473446063858
GIN,1996,3868968367.42785,4.744763644967498
GIN,1997,3783700461.64359,-2.2038925544627053
GIN,1998,3588375621.82568,-5.162270158485638
GIN,1999,3461282460.79752,-3.541802041434494
GIN,2000,2995361111.48224,-13.460945605922214
GIN,2001,2829435908.64657,-5.539405656287055
GIN,2002,2950198723.60858,4.2680880168717295
GIN,2003,3446441784.82252,16.820665578993687
GIN,2004,3635458213.65962,5.484393488655259
GIN,2005,2937071740.68756,-19.210411230914183
GIN,2006,4220019242.72882,43.681176876562276
GIN,2007,6281917649.94033,48.85992903383565
GIN,2008,6964179187.85579,10.860720817025381
GIN,2009,6716904516.97953,-3.5506649700722814
GIN,2010,6853467832.49407,2.0331287301959433
GIN,2011,6785137215.55736,-0.9970225089951823
GIN,2012,7638045226.04416,12.570239678148344
GIN,2013,8376613880.84932,9.66960305873541
GIN,2014,8778473643.31852,4.7974010523265775
GIN,2015,8794202394.29076,0.17917409804164564
GIN,2016,8595955600.36601,-2.2542896448852767
GIN,2017,10324668271.1032,20.110767797167117
GIN,2018,11857030367.2441,14.84175622794286
GIN,2019,13442861496.4128,13.374606288853496
GIN,2020,14177835841.3923,5.467395057039215
GIN,2021,16091817842.1318,13.499817758868504
GIN,2022,20999229260.4955,30.496314751432575
GMB,1960,,
GMB,1961,,
GMB,1962,,
GMB,1963,,
GMB,1964,,
GMB,1965,,
GMB,1966,44212081.3502297,
GMB,1967,46695006.9579374,5.615943723705263
GMB,1968,41160065.8561054,-11.85338960719684
GMB,1969,45168072.2689156,9.737609329445917
GMB,1970,52296083.6737339,15.78108395324136
GMB,1971,55728663.222684,6.563741121353117
GMB,1972,59160569.4804413,6.158242561900118
GMB,1973,75187749.0961317,27.090982653554473
GMB,1974,95796021.6888272,27.409083049349814
GMB,1975,115179719.077633,20.23434485804596
GMB,1976,112190829.470457,-2.59497907366959
GMB,1977,138093099.09774,23.087688850810917
GMB,1978,171833086.019624,24.432782769255823
GMB,1979,207112627.726094,20.531285635201215
GMB,1980,241083090.303623,16.40192727526728
GMB,1981,218767743.459101,-9.256288699642013
GMB,1982,216050552.301584,-1.2420437833080111
GMB,1983,213448584.936945,-1.2043326605372107
GMB,1984,177340880.086204,-16.91634772908315
GMB,1985,225726358.890914,27.283883321877166
GMB,1986,185646986.824927,-17.755734094552956
GMB,1987,220626484.224811,18.841941901740178
GMB,1988,266672211.934161,20.870444394350663
GMB,1989,284120329.401023,6.542907991916969
GMB,1990,317083695.477797,11.601903371809662
GMB,1991,690311080.515018,117.70626820619836
GMB,1992,714254256.122189,3.4684617244312266
GMB,1993,755040974.087322,5.710392008942478
GMB,1994,746493951.900959,-1.1319944850270436
GMB,1995,785999864.840299,5.292194643873205
GMB,1996,848239446.21576,7.918523165154356
GMB,1997,803633342.473706,-5.25866887481532
GMB,1998,840285264.631545,4.56077669015309
GMB,1999,814724032.065735,-3.041970821304152
GMB,2000,782913871.80966,-3.9044092237490835
GMB,2001,687410645.063943,-12.198433337880033
GMB,2002,578235309.327198,-15.882113045629298
GMB,2003,487038685.045496,-15.77154193295689
GMB,2004,961900651.423441,97.49984569163877
GMB,2005,1027701067.55688,6.840666552836416
GMB,2006,1054112487.74083,2.569951615087551
GMB,2007,1279703047.0221,21.400994856322676
GMB,2008,1561766955.73024,22.04135634157547
GMB,2009,1450142508.57808,-7.147317769952921
GMB,2010,1543294926.87301,6.423673379954198
GMB,2011,1409693596.93594,-8.65688907613854
GMB,2012,1415004738.26621,0.3767585624148584
GMB,2013,1375609453.43746,-2.784109746305219
GMB,2014,1229461721.40861,-10.6242168999091
GMB,2015,1378176608.93204,12.09593474395001
GMB,2016,1484578885.97132,7.720511025196686
GMB,2017,1504909462.69521,1.3694507523989374
GMB,2018,1670671327.81651,11.014740037877724
GMB,2019,1813609692.49994,8.555744167241075
GMB,2020,1812170891.19069,-0.07933356968701233
GMB,2021,2038414968.60683,12.48469879501739
GMB,2022,2187194563.48605,7.298788380704679
GNB,1960,,
GNB,1961,,
GNB,1962,,
GNB,1963,,
GNB,1964,,
GNB,1965,,
GNB,1966,,
GNB,1967,,
GNB,1968,,
GNB,1969,,
GNB,1970,78733594.8411852,
GNB,1971,78540057.1372471,-0.2458133714439037
GNB,1972,87702828.5651641,11.666367153139777
GNB,1973,89374237.2881356,1.905763759637047
GNB,1974,98775328.9473684,10.518793720078868
GNB,1975,108985740.155434,10.33700552240746
GNB,1976,112386489.005677,3.120361292580931
GNB,1977,114971207.205384,2.2998478042822734
GNB,1978,122666858.789625,6.693546820373486
GNB,1979,118537875.133044,-3.3660140133385585
GNB,1980,110653830.722704,-6.65107620791342
GNB,1981,154731969.69697,39.83426392595917
GNB,1982,165523634.503718,6.974424760366338
GNB,1983,163577538.326314,-1.1757210281413188
GNB,1984,138478900.628609,-15.343572200993005
GNB,1985,143856253.127248,3.88315654892486
GNB,1986,130225018.751151,-9.475593920856184
GNB,1987,173836362.010677,33.489220180389154
GNB,1988,164458120.318029,-5.394867669902115
GNB,1989,213143016.446378,29.60321815317006
GNB,1990,243961995.512687,14.459295725535704
GNB,1991,257150374.069711,5.405915183350007
GNB,1992,226313443.749086,-11.99178901923954
GNB,1993,236880821.656388,4.669354914248092
GNB,1994,235620043.500927,-0.5322415494192545
GNB,1995,253966922.278198,7.786637547751241
GNB,1996,270419779.418107,6.478346468240592
GNB,1997,268551010.941186,-0.6910620520962696
GNB,1998,206457553.397101,-23.121662184948455
GNB,1999,224446663.800548,8.713224635015738
GNB,2000,371095522.049969,65.33795413405605
GNB,2001,392621389.507734,5.80062711046847
GNB,2002,417806651.117672,6.414643288159905
GNB,2003,477458577.163666,14.27739981793479
GNB,2004,532062894.803123,11.436451296745552
GNB,2005,587029096.028696,10.330771373544456
GNB,2006,592365659.818537,0.9090799461122678
GNB,2007,696910784.011006,17.648748278976022
GNB,2008,868154627.875233,24.571845893766884
GNB,2009,830126428.788601,-4.380348599846117
GNB,2010,849878489.118426,2.379403864860552
GNB,2011,1099818591.95479,29.40892210316155
GNB,2012,989271155.135142,-10.051424628416573
GNB,2013,1046087367.45447,5.7432395581741735
GNB,2014,1054915581.35773,0.8439270158421275
GNB,2015,1048229633.00189,-0.6337898950392717
GNB,2016,1179004911.26676,12.47582344055278
GNB,2017,1350177012.24273,14.51835351491939
GNB,2018,1504630233.68158,11.439479419242481
GNB,2019,1439638410.99683,-4.319454788950095
GNB,2020,1431758231.68522,-0.5473721214588556
GNB,2021,1638517606.89496,14.440941957524366
GNB,2022,1633559092.08861,-0.30262200329641553
GNQ,1960,,
GNQ,1961,,
GNQ,1962,9122751.45318345,
GNQ,1963,10840095.1283649,18.824843403819468
GNQ,1964,12712471.3960211,17.27269221795682
GNQ,1965,64748333.3333333,409.3292351760886
GNQ,1966,69110000.0,6.7363381296816405
GNQ,1967,72317446.9327193,4.6410750003173185
GNQ,1968,67514285.7142857,-6.641773765744574
GNQ,1969,67225714.2857143,-0.4274227676681841
GNQ,1970,66331428.5714286,-1.330273279782379
GNQ,1971,64946954.756798,-2.087206388355911
GNQ,1972,65429198.238708,0.7425190044950014
GNQ,1973,81203226.9138345,24.108546489561846
GNQ,1974,94159862.7073691,15.955813932472186
GNQ,1975,104295643.388437,10.764438678684108
GNQ,1976,103653049.93797,-0.6161268386578156
GNQ,1977,103987520.075827,0.3226823890441821
GNQ,1978,,
GNQ,1979,,
GNQ,1980,50642880.7737503,
GNQ,1981,36731422.8456914,-27.46972074951475
GNQ,1982,44294647.733479,20.59061234725561
GNQ,1983,44442456.94764,0.33369542760643967
GNQ,1984,50320914.4065688,13.227120781946233
GNQ,1985,62118569.9654481,23.444835408911512
GNQ,1986,76407395.8727542,23.00250297979156
GNQ,1987,93345859.52973,22.168617924349164
GNQ,1988,100534656.881732,7.701249298274893
GNQ,1989,88265974.861049,-12.203435512905525
GNQ,1990,112119411.489965,27.02449802029243
GNQ,1991,110906028.536862,-1.0822237978047267
GNQ,1992,134707183.84662,21.46065062806497
GNQ,1993,136047906.245408,0.9952864877010414
GNQ,1994,100807002.540195,-25.903304709183995
GNQ,1995,141853360.867855,40.71776493036137
GNQ,1996,232463022.802961,63.87558347631563
GNQ,1997,442337870.69437,90.28311056133083
GNQ,1998,370687634.425712,-16.198078666921145
GNQ,1999,621117885.668503,67.55829652391027
GNQ,2000,1045998496.43872,68.40579229382875
GNQ,2001,1461139022.02954,39.68844381748509
GNQ,2002,1806742742.27311,23.653034723795272
GNQ,2003,2484745935.09329,37.52627183475865
GNQ,2004,4410764338.66733,77.5136957212379
GNQ,2005,8217369092.65224,86.30261019873575
GNQ,2006,10086528698.8604,22.746448226105763
GNQ,2007,13071718758.7373,29.595811889319034
GNQ,2008,19749893536.3204,51.08872751044557
GNQ,2009,15027795173.2187,-23.90948768618767
GNQ,2010,16314443436.2903,8.5617899914191
GNQ,2011,21357343668.9447,30.91064829975647
GNQ,2012,22388344143.9131,4.827381583354673
GNQ,2013,21948834283.7856,-1.9631191002886017
GNQ,2014,21765453081.9826,-0.8354940377788944
GNQ,2015,13185496881.4055,-39.42006705883633
GNQ,2016,11240808846.6928,-14.74868980823275
GNQ,2017,12200913887.6419,8.541245154538624
GNQ,2018,13097012124.2267,7.344517343839652
GNQ,2019,11364133546.2488,-13.231098524925699
GNQ,2020,9893816016.147,-12.93822819063174
GNQ,2021,12104994084.4108,22.34909224767363
GNQ,2022,12029633746.519,-0.6225557597657416
GRC,1960,4335186016.83942,
GRC,1961,4961400439.31722,14.44492623950524
GRC,1962,5213047711.42704,5.072101621058667
GRC,1963,5895278024.09202,13.086976188027698
GRC,1964,6669673257.1183,13.135856016655833
GRC,1965,7689154053.35866,15.28531843973473
GRC,1966,8591517943.60129,11.735541829188257
GRC,1967,9275600800.35644,7.9623049296502435
GRC,1968,10090675902.5364,8.787302512508276
GRC,1969,11615657031.2387,15.112774837203723
GRC,1970,13139863636.3636,13.122000770389096
GRC,1971,14591750000.0,11.04947816671713
GRC,1972,16885511363.6364,15.719576909119205
GRC,1973,22347848101.2658,32.349252681756234
GRC,1974,25351306818.1818,13.43958802344769
GRC,1975,28525876726.8863,12.522312681836656
GRC,1976,31152835820.8955,9.209038933878698
GRC,1977,36176234967.6226,16.12501402956612
GRC,1978,44270204081.6327,22.373718882725434
GRC,1979,54481876724.931,23.066694304070378
GRC,1980,56829664268.5851,4.309300054966259
GRC,1981,52346506765.0676,-7.888762957193373
GRC,1982,54617989795.9184,4.3393211337774185
GRC,1983,49428873839.0093,-9.500745040779378
GRC,1984,48020024183.7969,-2.8502564306867484
GRC,1985,47820851221.3175,-0.4147706417578334
GRC,1986,56379593476.1441,17.897511307810632
GRC,1987,65652750377.4535,16.447718632865204
GRC,1988,76261277924.5736,16.15854246186048
GRC,1989,79169043222.8284,3.812898731031944
GRC,1990,97891092003.4394,23.648193812215368
GRC,1991,105143232379.884,7.4083762148549726
GRC,1992,116224672863.783,10.53937589046301
GRC,1993,108809059155.767,-6.38041263123813
GRC,1994,116601801966.292,7.161851109629769
GRC,1995,136878365936.167,17.38958028773576
GRC,1996,145861612400.906,6.5629410486448325
GRC,1997,143157600149.757,-1.8538203483703053
GRC,1998,144428172489.335,0.8875339753173117
GRC,1999,142588875293.749,-1.2735030596068952
GRC,2000,130457756628.436,-8.507759557203553
GRC,2001,136309295225.34,4.485389560676012
GRC,2002,154564203586.954,13.392269640478926
GRC,2003,202370140236.265,30.92950084164641
GRC,2004,240963562236.127,19.070709717750155
GRC,2005,247875422204.414,2.8684253769098333
GRC,2006,273546728473.073,10.356535569504267
GRC,2007,318902829550.733,16.580750693249357
GRC,2008,355908689477.445,11.604117774321887
GRC,2009,331308500253.274,-6.91193835707965
GRC,2010,297124961971.501,-10.31773656747137
GRC,2011,282995942006.557,-4.755245022563659
GRC,2012,242029307133.408,-14.47605028633231
GRC,2013,238907690051.13,-1.2897682182585135
GRC,2014,235458133124.608,-1.4438869363241236
GRC,2015,195683527003.375,-16.892432464918794
GRC,2016,193148146586.933,-1.295653474397085
GRC,2017,199844406013.531,3.4669032786106113
GRC,2018,212049447242.111,6.107271888187649
GRC,2019,205252760889.364,-3.2052365338103184
GRC,2020,188480337285.605,-8.171594638281011
GRC,2021,214667807441.202,13.894006416125526
GRC,2022,217581324512.059,1.3572212366565584
GRD,1960,,
GRD,1961,,
GRD,1962,,
GRD,1963,,
GRD,1964,,
GRD,1965,,
GRD,1966,,
GRD,1967,,
GRD,1968,,
GRD,1969,,
GRD,1970,,
GRD,1971,,
GRD,1972,,
GRD,1973,,
GRD,1974,,
GRD,1975,,
GRD,1976,,
GRD,1977,71494495.1851852,
GRD,1978,88322386.2962963,23.537324191916408
GRD,1979,102244362.222222,15.762680912199833
GRD,1980,110900457.037037,8.466085196953443
GRD,1981,115651918.888889,4.28443847644846
GRD,1982,125435590.0,8.459583900644585
GRD,1983,131803552.222222,5.076678973026705
GRD,1984,145533310.740741,10.416834969189992
GRD,1985,167728455.185185,15.250903268450555
GRD,1986,187589522.592593,11.841203322048077
GRD,1987,215009569.62963,14.617046121807054
GRD,1988,236357523.703704,9.928839033000925
GRD,1989,267327642.222222,13.103081312250463
GRD,1990,278098762.962963,4.029183308992512
GRD,1991,300757888.888889,8.14787008921134
GRD,1992,310160444.444444,3.126287257265803
GRD,1993,309812185.185185,-0.11228358273821515
GRD,1994,325111814.814815,4.938356320777015
GRD,1995,342172518.518519,5.247641865436936
GRD,1996,366911444.444444,7.229956991588771
GRD,1997,392190592.592593,6.889713725453617
GRD,1998,445903592.592593,13.695637023042263
GRD,1999,482009370.37037,8.097216164563537
GRD,2000,520044370.37037,7.8909254338301205
GRD,2001,520444185.185185,0.0768809043217411
GRD,2002,540336925.925926,3.8222620805461904
GRD,2003,591018407.407407,9.37960725053777
GRD,2004,599118592.592593,1.37054702250623
GRD,2005,695555555.555555,16.09647307816737
GRD,2006,698700666.666667,0.4521725239617913
GRD,2007,758683592.592593,8.584924673407013
GRD,2008,825976037.037037,8.86963222896262
GRD,2009,771275555.555555,-6.622526444920251
GRD,2010,771014814.814815,-0.033806431289284955
GRD,2011,778655555.555555,0.9909979152054493
GRD,2012,799881481.481481,2.7259711658747188
GRD,2013,842618518.518518,5.342921173507187
GRD,2014,911496296.296296,8.174253978998491
GRD,2015,997007407.407407,9.381399733446028
GRD,2016,1061640740.74074,6.482733513625916
GRD,2017,1125685185.18519,6.032591062751069
GRD,2018,1166514814.81481,3.6270913188666487
GRD,2019,1213485185.18519,4.026555837427304
GRD,2020,1043411111.11111,-14.01533996050599
GRD,2021,1122800000.0,7.608591478803617
GRD,2022,1215379155.67282,8.245382585751692
GRL,1960,,
GRL,1961,,
GRL,1962,,
GRL,1963,,
GRL,1964,,
GRL,1965,,
GRL,1966,,
GRL,1967,,
GRL,1968,,
GRL,1969,,
GRL,1970,69520026.6666667,
GRL,1971,88466738.2497268,27.25360229492637
GRL,1972,106101297.801272,19.93354779483989
GRL,1973,140153748.243656,32.094282678958685
GRL,1974,169918948.629182,21.237534321079643
GRL,1975,211190630.329609,24.289040176734567
GRL,1976,240779417.7857,14.010464105302045
GRL,1977,282269749.160113,17.231676924869245
GRL,1978,355987433.41569,26.11604129557712
GRL,1979,420645821.540488,18.163109721150118
GRL,1980,476051740.773769,13.171631904097758
GRL,1981,435748993.418421,-8.466043478769858
GRL,1982,402403041.029269,-7.652559820633265
GRL,1983,416184071.019417,3.424683360965375
GRL,1984,379371901.490374,-8.845165418963264
GRL,1985,412876382.829174,8.831566388332025
GRL,1986,603016292.686978,46.05250330738186
GRL,1987,787390408.953269,30.57531255826258
GRL,1988,898607670.624413,14.124792530682795
GRL,1989,929799902.191124,3.4711735261548027
GRL,1990,1018977280.32928,9.591028986774974
GRL,1991,1016500069.25708,-0.24310758640266883
GRL,1992,1037916162.54976,2.106846220712244
GRL,1993,927214151.76793,-10.665795059003392
GRL,1994,1005887539.32049,8.484920921725859
GRL,1995,1208953287.06598,20.187718786403064
GRL,1996,1197515569.08202,-0.9460843612674408
GRL,1997,1072154433.84538,-10.468434688722938
GRL,1998,1149858069.75766,7.247429424284402
GRL,1999,1131555107.04907,-1.5917584256679218
GRL,2000,1068025016.00862,-5.6144054005577315
GRL,2001,1086170703.9816,1.698994658457842
GRL,2002,1169136716.03557,7.63839530470114
GRL,2003,1558759823.08169,33.325709619940305
GRL,2004,1822499769.23938,16.919857841618736
GRL,2005,1849802648.36391,1.4981005531718106
GRL,2006,2013106929.50031,8.828200201834346
GRL,2007,2249811295.6608,11.758161610384231
GRL,2008,2499092314.41875,11.080085660461258
GRL,2009,2529963903.22685,1.235312062302918
GRL,2010,2503167187.49305,-1.0591738364180592
GRL,2011,2684461375.46585,7.242592060115971
GRL,2012,2609678486.36749,-2.785768861561011
GRL,2013,2684946990.12448,2.8842060104407263
GRL,2014,2842065708.35962,5.851836882182027
GRL,2015,2499113022.81675,-12.06702169250038
GRL,2016,2707139544.46695,8.32401415025772
GRL,2017,2851613679.03433,5.336781949887537
GRL,2018,3055782146.15957,7.159751989770924
GRL,2019,2997309971.87623,-1.9134928959784303
GRL,2020,3082884653.2456,2.8550494334025567
GRL,2021,3235809504.29871,4.960446732644153
GRL,2022,,
GTM,1960,1043599900.0,
GTM,1961,1076699900.0,3.171713604035409
GTM,1962,1143600000.0,6.213439789490094
GTM,1963,1262800000.0,10.42322490381251
GTM,1964,1299099900.0,2.874556541019957
GTM,1965,1331399900.0,2.486336886023932
GTM,1966,1390700000.0,4.45396608487052
GTM,1967,1453500000.0,4.515711512188103
GTM,1968,1610500000.0,10.801513587891298
GTM,1969,1715399900.0,6.513498913380933
GTM,1970,1904000000.0,10.994526698993035
GTM,1971,1984800000.0,4.243697478991604
GTM,1972,2101300000.0,5.869609028617484
GTM,1973,2569200100.0,22.26717270261267
GTM,1974,3161499900.0,23.05386022676863
GTM,1975,3645900000.0,15.321844546001717
GTM,1976,4365300200.0,19.731758962121827
GTM,1977,5480500200.0,25.546925730331218
GTM,1978,6070600200.0,10.767265367493284
GTM,1979,6902600200.0,13.70539934420323
GTM,1980,7878700000.0,14.141044993450436
GTM,1981,8607500300.0,9.250260829832335
GTM,1982,8716999700.0,1.2721393689640648
GTM,1983,9050000400.0,3.820129763225766
GTM,1984,9470000100.0,4.64088045786164
GTM,1985,9721652086.95652,2.657359918681723
GTM,1986,7231963515.98174,-25.60972711947982
GTM,1987,7084399840.0,-2.040437229192915
GTM,1988,7841602824.42748,10.68831519294202
GTM,1989,8410724360.79545,7.257719488101233
GTM,1990,7650196845.21546,-9.042354533992391
GTM,1991,9406135143.41165,22.952851197474455
GTM,1992,10440781587.5435,10.999697839303856
GTM,1993,11400017301.4587,9.187393739369343
GTM,1994,12983233310.7467,13.887838653415185
GTM,1995,14655404433.2771,12.879466019810959
GTM,1996,15674835615.3139,6.956008526943425
GTM,1997,17790026221.6139,13.494180469959849
GTM,1998,19395491992.9939,9.024527290631257
GTM,1999,18318412251.3642,-5.553247847586262
GTM,2000,19288929030.0508,5.29803983756465
GTM,2001,18405220247.4412,-4.581430006989207
GTM,2002,20444205991.025,11.078301243731502
GTM,2003,21576351798.9145,5.537734301769959
GTM,2004,23577298094.6571,9.273793430839717
GTM,2005,26783389293.922,13.59821293514305
GTM,2006,29744246827.1839,11.054827679832924
GTM,2007,33567850824.1039,12.85493634831436
GTM,2008,38503720224.3166,14.704156742344733
GTM,2009,37126148264.6383,-3.5777632697640227
GTM,2010,40676578423.4871,9.56315245400907
GTM,2011,46876006272.2387,15.240780048431969
GTM,2012,49593929487.1263,5.798111722877786
GTM,2013,52996446269.442,6.860752550771232
GTM,2014,57852153058.502,9.162325270590488
GTM,2015,62186064718.7424,7.491357591925407
GTM,2016,66053403469.0024,6.218979714750161
GTM,2017,71653754066.2763,8.47851935427073
GTM,2018,73328365862.4329,2.3370887094173343
GTM,2019,77172317258.6478,5.2421069950287835
GTM,2020,77715183063.2054,0.7034462924550455
GTM,2021,86053083476.0294,10.728792089497908
GTM,2022,95003330315.8754,10.400843849295804
GUM,1960,,
GUM,1961,,
GUM,1962,,
GUM,1963,,
GUM,1964,,
GUM,1965,,
GUM,1966,,
GUM,1967,,
GUM,1968,,
GUM,1969,,
GUM,1970,,
GUM,1971,,
GUM,1972,,
GUM,1973,,
GUM,1974,,
GUM,1975,,
GUM,1976,,
GUM,1977,,
GUM,1978,,
GUM,1979,,
GUM,1980,,
GUM,1981,,
GUM,1982,,
GUM,1983,,
GUM,1984,,
GUM,1985,,
GUM,1986,,
GUM,1987,,
GUM,1988,,
GUM,1989,,
GUM,1990,,
GUM,1991,,
GUM,1992,,
GUM,1993,,
GUM,1994,,
GUM,1995,,
GUM,1996,,
GUM,1997,,
GUM,1998,,
GUM,1999,,
GUM,2000,,
GUM,2001,,
GUM,2002,3394000000.0,
GUM,2003,3569000000.0,5.156157925751326
GUM,2004,3869000000.0,8.405715886803033
GUM,2005,4213000000.0,8.891186353062807
GUM,2006,4238000000.0,0.5934013766911939
GUM,2007,4397000000.0,3.7517697026899555
GUM,2008,4658000000.0,5.935865362747328
GUM,2009,4828000000.0,3.649635036496357
GUM,2010,4949000000.0,2.5062137531068673
GUM,2011,4984000000.0,0.7072135785006983
GUM,2012,5265000000.0,5.638041733547361
GUM,2013,5399000000.0,2.5451092117758867
GUM,2014,5610000000.0,3.908131135395454
GUM,2015,5799000000.0,3.3689839572192515
GUM,2016,5901000000.0,1.7589239524055778
GUM,2017,6013000000.0,1.8979833926453082
GUM,2018,6056000000.0,0.7151172459670674
GUM,2019,6366000000.0,5.11889035667108
GUM,2020,5886000000.0,-7.540056550424124
GUM,2021,6123000000.0,4.026503567787976
GUM,2022,,
GUY,1960,170216241.126064,
GUY,1961,185849535.376162,9.18437285812217
GUY,1962,194949512.626218,4.896421845573906
GUY,1963,175757893.938598,-9.84440454817479
GUY,1964,194774513.063717,10.81978094922016
GUY,1965,213235294.117647,9.4780270598807
GUY,1966,228705882.352941,7.255172413793054
GUY,1967,250176470.588235,9.387860082304478
GUY,1968,229750000.0,-8.16482482953198
GUY,1969,249300000.0,8.509249183895529
GUY,1970,267800000.0,7.420778178900922
GUY,1971,282050000.0,5.321135175504099
GUY,1972,285380952.380952,1.1809793940620539
GUY,1973,307047619.047619,7.592190889371064
GUY,1974,433954545.454545,41.331350101511276
GUY,1975,494791666.666667,14.01923815509254
GUY,1976,454440000.0,-8.15528421052637
GUY,1977,449880000.0,-1.0034327964087653
GUY,1978,507080000.0,12.71450164488308
GUY,1979,530440000.0,4.606768162814556
GUY,1980,603200000.0,13.716914259859747
GUY,1981,570357107.142857,-5.444776667298246
GUY,1982,482000000.0,-15.491541358268057
GUY,1983,489333333.333333,1.5214384508989598
GUY,1984,437631605.263158,-10.565748243223783
GUY,1985,453488372.093023,3.623313910413284
GUY,1986,504651139.534884,11.28204615384627
GUY,1987,354591846.938775,-29.73525289854936
GUY,1988,413799990.0,16.697547778487998
GUY,1989,379779389.705882,-8.22150824462755
GUY,1990,396582263.291139,4.424377425607506
GUY,1991,348533094.812165,-12.115813773471796
GUY,1992,373573141.486811,7.184410045232803
GUY,1993,454101382.488479,21.55621806245702
GUY,1994,540874934.201012,19.10884993060653
GUY,1995,621626785.915493,14.929856535830922
GUY,1996,705406001.424501,13.477414005836819
GUY,1997,749138009.56454,6.199551471312459
GUY,1998,717530683.169567,-4.219159352673318
GUY,1999,694754988.258295,-3.1741771391105233
GUY,2000,712667896.727512,2.5783058447875984
GUY,2001,712167450.162898,-0.07022156700365878
GUY,2002,726131434.715338,1.9607726454285324
GUY,2003,743063950.317749,2.331880262014696
GUY,2004,787814379.183843,6.02241958406915
GUY,2005,824880550.343965,4.704937119645081
GUY,2006,2379817990.6918,188.50455859329514
GUY,2007,2730971595.39574,14.755481556884176
GUY,2008,3025187433.33637,10.77330274824757
GUY,2009,3165663152.73351,4.643537714362855
GUY,2010,3432912516.92427,8.442128909388025
GUY,2011,3691384317.52178,7.529227713297182
GUY,2012,4063088535.76331,10.069507433218838
GUY,2013,4167800935.59876,2.57716264151695
GUY,2014,4127660158.47257,-0.9631164670877768
GUY,2015,4279840193.7046,3.686835383471676
GUY,2016,4482697336.56174,4.739829845879084
GUY,2017,4748174334.14044,5.922260140416324
GUY,2018,4787637005.53562,0.8311125206889258
GUY,2019,5173760191.84652,8.06500546855271
GUY,2020,5471256594.72422,5.750100349578102
GUY,2021,8041362110.31175,46.974684354336645
GUY,2022,14718388489.2086,83.03352451116011
HIC,1960,1069197896768.27,
HIC,1961,1132150856599.29,5.887867907456612
HIC,1962,1222092258455.51,7.944294820072151
HIC,1963,1316051012188.71,7.688351929497195
HIC,1964,1436550565253.7,9.156146072528637
HIC,1965,1560159896845.17,8.604593153993157
HIC,1966,1711488832313.27,9.699578599225966
HIC,1967,1836230315691.62,7.288477787479808
HIC,1968,1991173819679.08,8.438130155208778
HIC,1969,2190645844017.67,10.017810718842156
HIC,1970,2399019628554.92,9.511979542758509
HIC,1971,2663395721346.97,11.020172142205453
HIC,1972,3090312537483.64,16.029041899968345
HIC,1973,3740188872264.32,21.029469572998494
HIC,1974,4217063891607.13,12.750025082399352
HIC,1975,4705191478675.08,11.575057898445174
HIC,1976,5127550630961.83,8.976449825707844
HIC,1977,5807869990333.98,13.267920852193239
HIC,1978,6962555327812.4,19.881390929896135
HIC,1979,8047464903015.52,15.582060380466544
HIC,1980,8986821327712.01,11.672699862841252
HIC,1981,9125111440010.14,1.5388100781718705
HIC,1982,9032642362011.81,-1.0133473832756534
HIC,1983,9335135045025.06,3.348883647662504
HIC,1984,9736197166684.45,4.29626480736478
HIC,1985,10222452715917.8,4.994306718615271
HIC,1986,12419208445396.0,21.489517149417004
HIC,1987,14394060946709.8,15.901597191131046
HIC,1988,16205961615906.3,12.587835190531592
HIC,1989,16954908332195.5,4.621427188585359
HIC,1990,19038584120519.8,12.289513735486434
HIC,1991,20141226030673.2,5.791617187356746
HIC,1992,21667616559850.2,7.578439002930848
HIC,1993,21845057481105.6,0.8189221955505532
HIC,1994,23425501389994.8,7.234789426652544
HIC,1995,26014334904341.4,11.051347295611391
HIC,1996,26238484750119.7,0.8616397328724101
HIC,1997,25790805396452.4,-1.7061936233389363
HIC,1998,25887178510680.1,0.3736723717862711
HIC,1999,27193488574949.8,5.046166246857542
HIC,2000,27763709846117.0,2.096903711326248
HIC,2001,27490207880780.3,-0.9851059777407634
HIC,2002,28660779913534.8,4.258141800276816
HIC,2003,32123363956699.7,12.08126245556118
HIC,2004,35770309886950.3,11.35293904824679
HIC,2005,37829846771041.5,5.757671349787663
HIC,2006,39961525167019.7,5.634911526022868
HIC,2007,43754245600209.2,9.49093013176494
HIC,2008,46622467342703.7,6.555299270159942
HIC,2009,43665289317606.3,-6.342817516199506
HIC,2010,45764260594016.4,4.806956072460444
HIC,2011,49420915501761.6,7.990197722594261
HIC,2012,49446936532750.0,0.052651859489483144
HIC,2013,50053500714034.2,1.2266971905983803
HIC,2014,51135722778258.4,2.1621306178106314
HIC,2015,48269197364265.6,-5.605719951242327
HIC,2016,49296300074775.0,2.1278636617019453
HIC,2017,51568259173072.7,4.608782190248539
HIC,2018,54836830985504.1,6.338340414908061
HIC,2019,55313082529074.3,0.8684884502098367
HIC,2020,53947360960778.9,-2.4690751371116093
HIC,2021,60197703636296.2,11.586002659261618
HIC,2022,61667467133645.3,2.4415607383117877
HKG,1960,1320796651.69457,
HKG,1961,1383681651.13776,4.761141646029232
HKG,1962,1612346412.26475,16.52582159624405
HKG,1963,1935298266.45384,20.02992978013094
HKG,1964,2206466461.26434,14.011700393210047
HKG,1965,2435078534.03141,10.3610037487754
HKG,1966,2489845016.64894,2.2490643259402754
HKG,1967,2692474989.12571,8.138256442543067
HKG,1968,2716964388.42418,0.9095497413115217
HKG,1969,3189740055.13982,17.40087830116339
HKG,1970,3800766535.62088,19.155996097439854
HKG,1971,4476001946.01486,17.76576919591499
HKG,1972,5710090213.15035,27.571218288549694
HKG,1973,8030117555.62033,40.630309782618724
HKG,1974,9388695366.84578,16.918529545991177
HKG,1975,10048089558.0636,7.02327816009809
HKG,1976,12876366008.8077,28.147404881303075
HKG,1977,15719433719.4337,22.079736694975004
HKG,1978,18315136409.1427,16.512698459995857
HKG,1979,22526184533.17,22.99217450504596
HKG,1980,28861857810.6515,28.12581628349964
HKG,1981,31055226088.6943,7.599539476746142
HKG,1982,32291215843.6433,3.9799734557365296
HKG,1983,29907227184.179,-7.382777629085768
HKG,1984,33511383985.6741,12.051123226166904
HKG,1985,35699772165.7093,6.530282906163221
HKG,1986,41075396884.8952,15.057868420654398
HKG,1987,50622896162.6006,23.24383938263621
HKG,1988,59707404560.5944,17.945453710934235
HKG,1989,68790219177.9733,15.212208074060829
HKG,1990,76928784620.8158,11.830992167340671
HKG,1991,88959997899.9293,15.639416817015505
HKG,1992,104272507639.282,17.212803620541518
HKG,1993,120354212475.0,15.42276598099155
HKG,1994,135811771026.33,12.843388057182326
HKG,1995,144652295363.667,6.509394782594402
HKG,1996,159718183550.734,10.415243082863102
HKG,1997,177353174849.714,11.041317216945611
HKG,1998,168885443660.072,-4.774502174442274
HKG,1999,165768095391.557,-1.8458359707953842
HKG,2000,171668891194.349,3.5596691805222624
HKG,2001,169404327616.605,-1.319146155129669
HKG,2002,166348866131.028,-1.8036501951072315
HKG,2003,161385558801.811,-2.983673676084786
HKG,2004,169099768875.193,4.779987832031107
HKG,2005,181569311742.213,7.37407445909839
HKG,2006,193535442896.365,6.59039296857673
HKG,2007,211596944503.8,9.332399966194638
HKG,2008,219278749139.734,3.630394878313603
HKG,2009,214047795659.045,-2.385526869890886
HKG,2010,228638668727.291,6.816642527581851
HKG,2011,248513617677.287,8.692732974972772
HKG,2012,262628865879.697,5.679869109120483
HKG,2013,275696879834.966,4.9758482988899955
HKG,2014,291459995978.893,5.717553333705805
HKG,2015,309385622601.348,6.150287130228715
HKG,2016,320860317562.562,3.7088649642906812
HKG,2017,341273289534.466,6.361949687942903
HKG,2018,361731070995.726,5.994545160322007
HKG,2019,363074545072.389,0.3714013487878809
HKG,2020,344943149590.058,-4.993849259995908
HKG,2021,368911387845.418,6.948460430028747
HKG,2022,359838583490.063,-2.4593451582895387
HND,1960,335650000.0,
HND,1961,356200000.0,6.1224489795918435
HND,1962,387750000.0,8.857383492419979
HND,1963,410200000.0,5.789813023855572
HND,1964,457000000.0,11.40906874695271
HND,1965,508650000.0,11.30196936542669
HND,1966,549950000.0,8.11953209476064
HND,1967,598100000.0,8.755341394672245
HND,1968,646800000.0,8.142451095134584
HND,1969,668000050.0,3.277682436611018
HND,1970,723000000.0,8.233524832820006
HND,1971,731000000.0,1.1065006915629283
HND,1972,802996336.516486,9.849020043294953
HND,1973,912499493.750253,13.636819030682922
HND,1974,1034500000.0,13.369925910680891
HND,1975,1124000000.0,8.651522474625416
HND,1976,1347999950.0,19.92882117437722
HND,1977,1669499950.0,23.85014925260198
HND,1978,3097242093.2,85.51914860494605
HND,1979,3544281976.3,14.43348209949351
HND,1980,3968160046.0,11.959490597373424
HND,1981,4043894878.6,1.9085629541666815
HND,1982,4266503525.6,5.504807955766333
HND,1983,4476697184.85,4.926602263159752
HND,1984,4915311846.5,9.797729074335336
HND,1985,5278120712.5,7.381197314232302
HND,1986,5677828959.0,7.572927340471458
HND,1987,6190521241.5,9.02972397023909
HND,1988,5902717091.41631,-4.649110129116574
HND,1989,5432344901.72414,-7.968740198919278
HND,1990,4923009551.55642,-9.375975925351588
HND,1991,4648668478.56753,-5.57262930562784
HND,1992,4943700431.07368,6.346590510086525
HND,1993,4926728932.95069,-0.3432954395115706
HND,1994,4642280682.14252,-5.773572174952402
HND,1995,5347445005.21376,15.190040657899019
HND,1996,5215028986.48649,-2.4762483503460886
HND,1997,5737099650.19011,10.010887092985342
HND,1998,6366340265.87888,10.967922017319642
HND,1999,6414520529.61672,0.7567968679913051
HND,2000,7186638029.05875,12.037025930107447
HND,2001,7651162302.3456,6.463721581754545
HND,2002,7858255412.86038,2.706688243318167
HND,2003,8230391346.67228,4.735604969048013
HND,2004,8869299234.3377,7.76278867861786
HND,2005,9757012696.56212,10.008834280701873
HND,2006,10917477066.1429,11.893644147759176
HND,2007,12361257680.5627,13.224489556265961
HND,2008,13881731875.7466,12.300319550612947
HND,2009,14587496229.1811,5.084123218570258
HND,2010,15839344591.9842,8.581653377218213
HND,2011,17710275685.4074,11.811922409782149
HND,2012,18528554397.5695,4.620361233768566
HND,2013,18499729214.904,-0.1555716762732584
HND,2014,19756533971.8698,6.7936386655501835
HND,2015,20979791685.416,6.191661529739623
HND,2016,21717604952.1835,3.5167807089351966
HND,2017,23136247990.5977,6.532226005296993
HND,2018,24067750760.499,4.026161762615321
HND,2019,25089937021.5418,4.247120020539907
HND,2020,23827859226.8834,-5.030215076167
HND,2021,28488721680.8502,19.560558964139997
HND,2022,31717699764.3621,11.334232963083002
HPC,1960,15152664081.5753,
HPC,1961,16021940790.7186,5.736791262998331
HPC,1962,16845051101.5485,5.137394536539053
HPC,1963,18113653277.2232,7.5310081757964165
HPC,1964,19786049553.0782,9.232793905566993
HPC,1965,21936940148.6962,10.87074299418893
HPC,1966,23724564497.9833,8.148922945360471
HPC,1967,24575642156.8128,3.58732679329834
HPC,1968,25604378671.2037,4.186000544061952
HPC,1969,27540605696.3552,7.562093382602186
HPC,1970,29377450919.7279,6.669589055609593
HPC,1971,31104926324.8995,5.88027671254332
HPC,1972,33778914292.9758,8.596670315646326
HPC,1973,41314823603.0361,22.309507181606982
HPC,1974,48533151935.3025,17.471521605954376
HPC,1975,56702425640.3388,16.832357634481298
HPC,1976,61705881254.2075,8.82405921327849
HPC,1977,70990175561.9013,15.046044427184558
HPC,1978,83576725987.3932,17.729989151128112
HPC,1979,96166216635.351,15.063392947286314
HPC,1980,106548459883.928,10.796144022120613
HPC,1981,106329101226.376,-0.20587689187713254
HPC,1982,103442031043.238,-2.7152210917229413
HPC,1983,101110842670.083,-2.253618137274005
HPC,1984,105358309004.826,4.200802033271711
HPC,1985,101951663360.838,-3.2333905851051226
HPC,1986,118925024229.266,16.648439376956613
HPC,1987,129512120892.956,8.902328784293513
HPC,1988,139262053659.572,7.528200989523204
HPC,1989,141692711288.93,1.7453840191814063
HPC,1990,164021216548.024,15.758400736339384
HPC,1991,178848812133.215,9.040047316591892
HPC,1992,133471906673.795,-25.37165604746715
HPC,1993,137981322384.669,3.3785504554864954
HPC,1994,116865539463.731,-15.303363205978492
HPC,1995,136391947077.548,16.70843920579084
HPC,1996,148210088017.774,8.66483776604976
HPC,1997,154524113488.514,4.260186034018698
HPC,1998,163053123872.592,5.519533612928296
HPC,1999,163851765874.226,0.4898047842726738
HPC,2000,177609052466.514,8.396178410947485
HPC,2001,172625858368.129,-2.8057095227871476
HPC,2002,186767852588.124,8.192280318651246
HPC,2003,211405013752.738,13.191328605649243
HPC,2004,243337539451.888,15.104904624683435
HPC,2005,279216950627.647,14.74470862842474
HPC,2006,329779224429.823,18.10859752193339
HPC,2007,395383048262.461,19.89325553969168
HPC,2008,470413768080.616,18.976716414090824
HPC,2009,476559744369.175,1.3065043384329122
HPC,2010,525994492647.268,10.37325306264172
HPC,2011,589555494365.611,12.08396715304907
HPC,2012,610600221849.418,3.5695922919778855
HPC,2013,678796388932.861,11.16870984371523
HPC,2014,721566723616.048,6.30090780984065
HPC,2015,700456747973.292,-2.9255749956103583
HPC,2016,734760223878.46,4.897301083103556
HPC,2017,813073071032.464,10.65828614682307
HPC,2018,774573998850.906,-4.735007658373281
HPC,2019,802980678249.156,3.6673938759100855
HPC,2020,811638956819.199,1.0782673611676064
HPC,2021,901695869344.623,11.095686298542851
HPC,2022,980688371242.572,8.760437369571505
HRV,1960,,
HRV,1961,,
HRV,1962,,
HRV,1963,,
HRV,1964,,
HRV,1965,,
HRV,1966,,
HRV,1967,,
HRV,1968,,
HRV,1969,,
HRV,1970,,
HRV,1971,,
HRV,1972,,
HRV,1973,,
HRV,1974,,
HRV,1975,,
HRV,1976,,
HRV,1977,,
HRV,1978,,
HRV,1979,,
HRV,1980,,
HRV,1981,,
HRV,1982,,
HRV,1983,,
HRV,1984,,
HRV,1985,,
HRV,1986,,
HRV,1987,,
HRV,1988,,
HRV,1989,,
HRV,1990,,
HRV,1991,,
HRV,1992,,
HRV,1993,,
HRV,1994,,
HRV,1995,22778297035.8477,
HRV,1996,24147533301.9114,6.011144133860591
HRV,1997,24172615103.9149,0.10386900264267585
HRV,1998,25885224259.1919,7.084914676855258
HRV,1999,23770159784.2572,-8.170933555592574
HRV,2000,22128719418.4376,-6.905466268286142
HRV,2001,23063323722.5007,4.2234902363323945
HRV,2002,26757255951.7786,16.016478256662015
HRV,2003,35254833028.402,31.75802889480732
HRV,2004,41855265955.2919,18.722065486943194
HRV,2005,45025332739.6707,7.573878010391666
HRV,2006,49601608068.5472,10.163779033762621
HRV,2007,59319172946.6829,19.591229511564336
HRV,2008,68519137406.1683,15.509259489768157
HRV,2009,62085753435.5869,-9.389178285251221
HRV,2010,58819429750.2234,-5.260987432088216
HRV,2011,62736258335.3541,6.659072693773993
HRV,2012,57354547991.2213,-8.57830939703973
HRV,2013,59491066217.9088,3.7251069034917927
HRV,2014,59342363988.804,-0.24995724326088986
HRV,2015,50857353544.2847,-14.298403154481932
HRV,2016,52512987755.9635,3.2554470421610526
HRV,2017,56061675144.3829,6.757732782051429
HRV,2018,61481309636.1289,9.667271764156382
HRV,2019,61470295887.8384,-0.017913978013284204
HRV,2020,57760024673.9359,-6.035876613759006
HRV,2021,69081236641.2469,19.600427858576875
HRV,2022,71600049650.195,3.646160855557379
HTI,1960,273187199.78145,
HTI,1961,271065999.783147,-0.7764639046045962
HTI,1962,281896799.774483,3.9956320600889494
HTI,1963,294883399.764093,4.606863220866364
HTI,1964,325281199.739775,10.30841342713773
HTI,1965,353251799.717399,8.598898430035451
HTI,1966,368948599.704841,4.443515928298014
HTI,1967,369124199.704701,0.04759470560411483
HTI,1968,367968799.705625,-0.31301117618415253
HTI,1969,391820399.686544,6.481962601177127
HTI,1970,331199999.73504,-15.47147621716487
HTI,1971,362799999.70976,9.541062801932366
HTI,1972,371998971.855067,2.5355491049245282
HTI,1973,466798975.004938,25.483942247777392
HTI,1974,565399296.718132,21.12265171793726
HTI,1975,681400000.13628,20.516598462622014
HTI,1976,879000000.1758,28.99911945993543
HTI,1977,947000000.1894,7.736063708759944
HTI,1978,974200000.19484,2.8722280887011564
HTI,1979,1080600000.21612,10.921781974953815
HTI,1980,1383800000.27676,28.058486026281713
HTI,1981,1479400000.29588,6.9085127908657284
HTI,1982,1474200000.29484,-0.35149384885764245
HTI,1983,1623600000.32472,10.13431013431012
HTI,1984,1816200000.24216,11.862527708728754
HTI,1985,2009400000.0,10.637594963774898
HTI,1986,2318000000.0,15.357818254205235
HTI,1987,2047200000.0,-11.682484900776535
HTI,1988,2613926800.0,27.683020711215313
HTI,1989,2736243800.0,4.679434787538805
HTI,1990,3096289800.0,13.158403501910175
HTI,1991,3473562850.25798,12.184681493895688
HTI,1992,2257129873.66261,-35.019748570405916
HTI,1993,1878253818.03275,-16.785744588771212
HTI,1994,2167569095.07336,15.403417486121974
HTI,1995,2813313278.81082,29.791169527428863
HTI,1996,2907517543.41886,3.348516687336711
HTI,1997,3338949151.59927,14.838486844454346
HTI,1998,3723903723.63772,11.529213371041225
HTI,1999,4153725966.80203,11.542249076848732
HTI,2000,6813565983.23285,64.03503836529305
HTI,2001,6331970412.79653,-7.068186785325825
HTI,2002,6205847136.95396,-1.991848786717032
HTI,2003,5071947798.02544,-18.271467438772206
HTI,2004,6087360734.62315,20.020177198846966
HTI,2005,7030149790.90123,15.487648874096905
HTI,2006,7638739123.63747,8.656847305357651
HTI,2007,9228637766.35319,20.81362665987512
HTI,2008,10432962724.6183,13.049867041655649
HTI,2009,11597002929.7039,11.157331199304066
HTI,2010,11859312627.1744,2.2618748918191267
HTI,2011,13008746038.8867,9.692243116000586
HTI,2012,13708925402.9447,5.382373996424961
HTI,2013,14902488489.1696,8.706467145619733
HTI,2014,15146883647.3239,1.6399620662811865
HTI,2015,14849629407.8872,-1.962477869097634
HTI,2016,14069277532.5199,-5.255025926457302
HTI,2017,15093357143.2889,7.278835806614303
HTI,2018,16403864522.0538,8.682676533282741
HTI,2019,15016090929.5125,-8.4600405634632
HTI,2020,14508222518.3018,-3.3821612668350376
HTI,2021,20877414952.6375,43.90057035795465
HTI,2022,20253551884.6055,-2.9882198990981212
HUN,1960,,
HUN,1961,,
HUN,1962,,
HUN,1963,,
HUN,1964,,
HUN,1965,,
HUN,1966,,
HUN,1967,,
HUN,1968,,
HUN,1969,,
HUN,1970,,
HUN,1971,,
HUN,1972,,
HUN,1973,,
HUN,1974,,
HUN,1975,,
HUN,1976,,
HUN,1977,,
HUN,1978,,
HUN,1979,,
HUN,1980,,
HUN,1981,,
HUN,1982,,
HUN,1983,,
HUN,1984,,
HUN,1985,,
HUN,1986,,
HUN,1987,,
HUN,1988,,
HUN,1989,,
HUN,1990,,
HUN,1991,34753569692.915,
HUN,1992,38730585922.2189,11.443475488834952
HUN,1993,40124916940.5945,3.600077264970314
HUN,1994,43166678735.2183,7.580730445192385
HUN,1995,46425677734.1435,7.549802519938353
HUN,1996,46658755151.6017,0.5020441894094008
HUN,1997,47296952928.7561,1.367798551591859
HUN,1998,48706787306.2574,2.9808143869753057
HUN,1999,49073380173.7159,0.752652531059872
HUN,2000,47218405892.4258,-3.780001040734582
HUN,2001,53749989092.0197,13.832705861511553
HUN,2002,67608919144.3684,25.78406114394234
HUN,2003,85285062818.0077,26.144691998247495
HUN,2004,104120820258.669,22.085646440638108
HUN,2005,113211158292.936,8.730567058234584
HUN,2006,115715618613.052,2.2122027173643533
HUN,2007,140186716681.425,21.14761893137631
HUN,2008,158325614580.628,12.939098887966495
HUN,2009,131069255620.567,-17.215381751245673
HUN,2010,132175349953.713,0.843900675188114
HUN,2011,141942264554.475,7.389361635268843
HUN,2012,128814279315.132,-9.248820483841659
HUN,2013,135684315697.713,5.333287908069639
HUN,2014,141033843265.669,3.9426278125425096
HUN,2015,125174166987.372,-11.245298228469702
HUN,2016,128609822750.039,2.7447003206449105
HUN,2017,143112196040.326,11.2762563388904
HUN,2018,160565642983.587,12.195639104261247
HUN,2019,164020460331.659,2.1516541670282052
HUN,2020,157227094449.074,-4.141779549239411
HUN,2021,182090041757.269,15.813398699069726
HUN,2022,177337436677.365,-2.610030199366631
IBD,1960,322368517172.599,
IBD,1961,317696787509.863,-1.449189177563126
IBD,1962,322205643058.635,1.4192323391472916
IBD,1963,355289052660.65,10.26779335332575
IBD,1964,403092988661.61,13.454942009322002
IBD,1965,441790286680.337,9.600092064913767
IBD,1966,446545376934.335,1.07632295171729
IBD,1967,464147516106.012,3.9418478123143696
IBD,1968,488259685156.442,5.194936569459685
IBD,1969,543141228550.762,11.240236509949742
IBD,1970,591904051733.013,8.9779270324152
IBD,1971,641734200042.946,8.418619227903124
IBD,1972,721889665838.245,12.490446323405369
IBD,1973,909459634653.183,25.983190741085792
IBD,1974,1125975805749.21,23.80712269639038
IBD,1975,1242410971586.51,10.34082306589399
IBD,1976,1334405842352.63,7.404544298948523
IBD,1977,1514583336315.77,13.502450921938225
IBD,1978,1751601359237.49,15.649057878734318
IBD,1979,2128021823938.98,21.490076079031706
IBD,1980,2596874392444.66,22.03231955759888
IBD,1981,2748801332981.64,5.850376936943724
IBD,1982,2647427168038.69,-3.687940766275355
IBD,1983,2712710354664.81,2.465910579684971
IBD,1984,2787073855272.39,2.7412989551097278
IBD,1985,2781760678989.83,-0.19063636482071766
IBD,1986,2841105388481.56,2.133350648743826
IBD,1987,2980906413497.77,4.920656079249741
IBD,1988,3239207812132.96,8.665196514240826
IBD,1989,3272833501995.44,1.0380837480241212
IBD,1990,3651722902871.0,11.576800367160512
IBD,1991,3532186083374.32,-3.273436201928137
IBD,1992,3751674050194.39,6.213941214852192
IBD,1993,4178561247227.87,11.378579037572866
IBD,1994,4359648199588.92,4.3337154021898305
IBD,1995,4917192704220.2,12.788749896926376
IBD,1996,5368935707824.06,9.187010369069926
IBD,1997,5694558884719.09,6.064948336418063
IBD,1998,5541013125786.2,-2.6963591393341813
IBD,1999,5397084617176.04,-2.5975125007439592
IBD,2000,5873696631999.67,8.830916108056353
IBD,2001,5951097981281.81,1.3177621203734002
IBD,2002,6039799127447.15,1.4905005167842322
IBD,2003,6784137742762.89,12.323896864933491
IBD,2004,8080737354198.09,19.112224141061596
IBD,2005,9655876822627.41,19.492521528508867
IBD,2006,11448899080449.6,18.569232921659196
IBD,2007,14215804352690.4,24.167435251181768
IBD,2008,17052207760183.9,19.95246513755444
IBD,2009,16531766759462.7,-3.0520446855943573
IBD,2010,20098100461405.3,21.57261080338706
IBD,2011,23790827490517.8,18.37351264217084
IBD,2012,25288537909920.5,6.295327138157059
IBD,2013,26673612339015.9,5.477083863168075
IBD,2014,27568004914940.8,3.353098802507004
IBD,2015,25819766400979.8,-6.341548905534045
IBD,2016,26009532000369.7,0.7349624951784817
IBD,2017,28726091683851.0,10.44447736869194
IBD,2018,30560357864180.0,6.385366309194684
IBD,2019,31223142705198.9,2.1687731667427768
IBD,2020,30066587396556.6,-3.704160467004247
IBD,2021,35660094024046.0,18.603729627559918
IBD,2022,37752366428370.0,5.867265529118226
IBT,1960,359232500370.088,
IBT,1961,358391115918.098,-0.23421724123602328
IBT,1962,365922240334.883,2.1013702857818783
IBT,1963,400480300137.009,9.44409931752148
IBT,1964,450427551844.512,12.471837363889193
IBT,1965,494225443097.022,9.723626157670973
IBT,1966,504433981815.715,2.0655631678373476
IBT,1967,524205869447.46,3.919618492111865
IBT,1968,550681495834.528,5.050616166311639
IBT,1969,612292415498.199,11.1881223774013
IBT,1970,675447930893.263,10.314600311303334
IBT,1971,722469583982.12,6.961551133434085
IBT,1972,803649615553.958,11.236463564928023
IBT,1973,1000121890284.43,24.44750435113978
IBT,1974,1251783764543.8,25.16312028604819
IBT,1975,1398158025914.71,11.6932544994506
IBT,1976,1495897443714.79,6.990584468171002
IBT,1977,1685127265306.45,12.64991944379168
IBT,1978,1942137564094.02,15.251684788378949
IBT,1979,2352338242854.42,21.12109287952282
IBT,1980,2868497575421.75,21.942394302147726
IBT,1981,3199800593216.85,11.54970534518891
IBT,1982,3066738949132.89,-4.158435508951175
IBT,1983,3047533988441.28,-0.6262339576389553
IBT,1984,3093550459418.38,1.5099575969170997
IBT,1985,3093468478566.3,-0.0026500570511345245
IBT,1986,3157278550007.72,2.062735466145549
IBT,1987,3322412416375.81,5.230259660418191
IBT,1988,3573011552485.81,7.542685997524701
IBT,1989,3610765456156.28,1.0566409628371742
IBT,1990,4035818991051.45,11.771840072593553
IBT,1991,3947474577664.37,-2.1890083173443764
IBT,1992,4128966254640.9,4.597665505015458
IBT,1993,4577141433970.3,10.854416134441824
IBT,1994,4783054163518.11,4.498718960694159
IBT,1995,5429299294434.37,13.511139720001065
IBT,1996,5961126871332.41,9.795510397506035
IBT,1997,6315971522962.08,5.952643842159255
IBT,1998,6191844899227.05,-1.9652815609405572
IBT,1999,5898574066305.06,-4.736404701587416
IBT,2000,6445789744803.7,9.277084128256497
IBT,2001,6523917271838.95,1.2120706713747875
IBT,2002,6654344248634.86,1.9992126104803498
IBT,2003,7471198634863.8,12.275505379760254
IBT,2004,8885336661740.95,18.927860119769502
IBT,2005,10593544069621.4,19.225016146385986
IBT,2006,12565507315212.8,18.614764167983267
IBT,2007,15527372361492.2,23.571392479263675
IBT,2008,18615302047187.1,19.88700736869653
IBT,2009,18075505351682.8,-2.899747176468015
IBT,2010,21881244963110.8,21.05467890043633
IBT,2011,25596991001243.8,16.981419678803977
IBT,2012,27192415324133.4,6.232858865372393
IBT,2013,28739943780302.3,5.691029787984525
IBT,2014,29796533207352.6,3.6763795890737416
IBT,2015,27995761337401.7,-6.043561703703649
IBT,2016,28205801019225.1,0.7502552950499508
IBT,2017,31023477908118.7,9.989707035701855
IBT,2018,32938136046145.4,6.171642469284988
IBT,2019,33691655159935.7,2.287679887940963
IBT,2020,32484256023829.4,-3.583674148315741
IBT,2021,38289419290330.6,17.870697922842147
IBT,2022,40573962163607.5,5.9665122000265525
IDA,1960,36335206183.1512,
IDA,1961,38920664574.2195,7.115573744197401
IDA,1962,41208521042.6581,5.8782564312996
IDA,1963,43299968848.4647,5.075279949119227
IDA,1964,46330896491.8466,6.999837930574793
IDA,1965,51170068157.27,10.444804723938383
IDA,1966,55257958919.3882,7.98883196628577
IDA,1967,57355088093.2423,3.7951622080602876
IDA,1968,59780563021.369,4.228874906762581
IDA,1969,66287957707.555,10.885469050968766
IDA,1970,78290322738.3578,18.106403403999984
IDA,1971,77613970749.6433,-0.8639024148295316
IDA,1972,80623120327.4787,3.877072064180198
IDA,1973,92464662763.6283,14.687526838518616
IDA,1974,124485069784.34,34.6298856921881
IDA,1975,149914725885.071,20.427876326683815
IDA,1976,156723325478.032,4.541648295565492
IDA,1977,168420371196.302,7.463500204958051
IDA,1978,189810965737.569,12.700716896256715
IDA,1979,225287410809.288,18.690408604088994
IDA,1980,273355726039.662,21.33644088575599
IDA,1981,411313604587.26,50.46826000183413
IDA,1982,385007577605.575,-6.395613149747925
IDA,1983,323795809032.706,-15.898847745687238
IDA,1984,303033999286.011,-6.412006940027415
IDA,1985,306878294087.627,1.2686018105802388
IDA,1986,311752344070.844,1.588268077971411
IDA,1987,334526368463.695,7.305165406447034
IDA,1988,333803971257.027,-0.21594626755003787
IDA,1989,337902718127.907,1.2278903859187507
IDA,1990,384692691432.104,13.847172808620467
IDA,1991,417465134693.552,8.51912292366286
IDA,1992,377852524737.402,-9.488842699457622
IDA,1993,399076025459.223,5.616874132724359
IDA,1994,424030668562.542,6.253105050498409
IDA,1995,513311732244.713,21.05533167797333
IDA,1996,594243503316.516,15.766592888475039
IDA,1997,623440212234.452,4.913256729772741
IDA,1998,653834021707.685,4.875176300274187
IDA,1999,501461374257.225,-23.304484378541957
IDA,2000,572649240694.606,14.196081710745112
IDA,2001,573243742621.806,0.10381606836307178
IDA,2002,615648870425.62,7.397399160410978
IDA,2003,688254226071.794,11.793306076559396
IDA,2004,805822065270.628,17.082036658147626
IDA,2005,938785562620.654,16.50035449269702
IDA,2006,1118003774779.81,19.090431222532
IDA,2007,1312220682193.71,17.37175775208368
IDA,2008,1563730603418.07,19.16673960693085
IDA,2009,1544429951522.68,-1.234269627594542
IDA,2010,1783739113511.21,15.49498323006433
IDA,2011,1806066652278.98,1.2517267014355848
IDA,2012,1903732425291.46,5.40765053655361
IDA,2013,2066331441286.42,8.541064586325264
IDA,2014,2228528292411.84,7.84950796782351
IDA,2015,2174433091741.08,-2.427395732643578
IDA,2016,2194655385067.49,0.9300030156466077
IDA,2017,2296811772816.6,4.6547803561409085
IDA,2018,2377791328230.69,3.5257375624988097
IDA,2019,2468157129022.84,3.8004092167074566
IDA,2020,2416944259558.17,-2.074943643679017
IDA,2021,2630708113522.2,8.844384934351247
IDA,2022,2822821779326.05,7.30273589899082
IDB,1960,12062060259.0308,
IDB,1961,12908490535.3329,7.017294376956729
IDB,1962,13804264743.5784,6.939418716647028
IDB,1963,14609998946.4359,5.836849827386281
IDB,1964,15943425914.9181,9.126810846262856
IDB,1965,17311888391.6935,8.583239788475726
IDB,1966,18831144035.8073,8.775793892264016
IDB,1967,18927886745.9412,0.5137378268146753
IDB,1968,19979704286.4594,5.556972918510028
IDB,1969,22857671325.3296,14.404452626561891
IDB,1970,31420461400.7547,37.46134045569327
IDB,1971,29181222030.5924,-7.126691558095688
IDB,1972,32766077738.017,12.284803232936525
IDB,1973,34955385152.5516,6.6816279691433555
IDB,1974,50389609913.4513,44.15406866078564
IDB,1975,57963377028.3863,15.030414261875858
IDB,1976,69949819917.6516,20.679338409484327
IDB,1977,73746260968.0102,5.427377875780026
IDB,1978,80172332918.6958,8.713759675860878
IDB,1979,98413393345.6183,22.752313376512422
IDB,1980,126245554510.935,28.280867287618918
IDB,1981,243007316653.656,92.48782073558675
IDB,1982,222104110072.691,-8.601883625898022
IDB,1983,168541349430.496,-24.11606008761603
IDB,1984,144636750328.835,-14.183225174377112
IDB,1985,145297277751.84,0.4566802154385208
IDB,1986,131000150285.823,-9.839914200206646
IDB,1987,134022865355.856,2.307413436883765
IDB,1988,137601818399.492,2.670404810502447
IDB,1989,132627241311.299,-3.615197201646414
IDB,1990,146279086047.285,10.29339417830668
IDB,1991,157325761051.649,7.5517801641125315
IDB,1992,151862384792.499,-3.472652045431013
IDB,1993,161704299771.583,6.4808115535204935
IDB,1994,179925426234.566,11.268176844228272
IDB,1995,253248829885.236,40.752107795526
IDB,1996,307301651328.227,21.343759600976608
IDB,1997,322680919144.555,5.004616066934675
IDB,1998,337878207132.533,4.709695270568481
IDB,1999,181301356226.561,-46.34121041270786
IDB,2000,223926346786.424,23.510574574300037
IDB,2001,223607794993.703,-0.14225739726144715
IDB,2002,245790557167.044,9.92038858661688
IDB,2003,276922900686.399,12.66620812377135
IDB,2004,335978761902.387,21.32574123324882
IDB,2005,397895729455.572,18.428833775860486
IDB,2006,493902796512.371,24.128700046155906
IDB,2007,573019713708.32,16.018722257622862
IDB,2008,672162101824.388,17.301741239313408
IDB,2009,626150635593.919,-6.845293137709529
IDB,2010,735134171647.773,17.40532227528293
IDB,2011,840905605485.165,14.38804478375828
IDB,2012,934909812511.599,11.178925008140217
IDB,2013,1017046114859.84,8.785478689926784
IDB,2014,1104016218004.08,8.551244813144532
IDB,2015,1047797673744.04,-5.092184638526054
IDB,2016,978035938194.536,-6.657939533328805
IDB,2017,960766047737.056,-1.7657725839155147
IDB,2018,1049969368721.42,9.28460380073477
IDB,2019,1070881784785.96,1.9917167764623045
IDB,2020,1003544540837.38,-6.2880184260524
IDB,2021,1097399972030.71,9.352393179780027
IDB,2022,1175091814528.12,7.0796286201505465
IDN,1960,,
IDN,1961,,
IDN,1962,,
IDN,1963,,
IDN,1964,,
IDN,1965,,
IDN,1966,,
IDN,1967,5667756627.92093,
IDN,1968,7076465299.81141,24.854784077191905
IDN,1969,8337423312.88344,17.819037607739485
IDN,1970,9150684931.50685,9.75435201145074
IDN,1971,9333536369.94567,1.998226797310454
IDN,1972,10997590361.4458,17.828762063417326
IDN,1973,16273253012.0482,47.97107800175269
IDN,1974,25802409638.5542,58.557171202653294
IDN,1975,30463855421.6867,18.065932013447792
IDN,1976,37269156626.506,22.33893612813931
IDN,1977,45808915662.6506,22.913743720379998
IDN,1978,51455719075.8254,12.326865483477967
IDN,1979,51400186342.8889,-0.10792334444820195
IDN,1980,72482337397.4439,41.015709386570464
IDN,1981,85518233419.0479,17.984927762641
IDN,1982,90158449294.9921,5.425995943118567
IDN,1983,81052283383.7155,-10.100180274265657
IDN,1984,84853700027.651,4.690079643949008
IDN,1985,85289488375.4435,0.5135761288552976
IDN,1986,79954072544.5279,-6.255654632877095
IDN,1987,75929617557.7521,-5.0334584076808575
IDN,1988,84300174485.7973,11.024099945819632
IDN,1989,94451427876.6628,12.041794044656173
IDN,1990,106140727333.636,12.375990199150188
IDN,1991,116621996217.133,9.874879461256047
IDN,1992,128026966579.964,9.779433325422282
IDN,1993,158006700301.533,23.416733616697872
IDN,1994,176892143931.505,11.95230556294884
IDN,1995,202132028723.115,14.26851652687482
IDN,1996,227369679374.973,12.485725696855843
IDN,1997,215748998609.635,-5.110919273529612
IDN,1998,95445547872.715,-55.76083852634274
IDN,1999,140001351215.462,46.68190851831673
IDN,2000,165021012077.81,17.871013847461192
IDN,2001,160446947784.909,-2.771807199160947
IDN,2002,195660611165.183,21.94723169647361
IDN,2003,234772463823.808,19.989640442043545
IDN,2004,256836875295.452,9.398210979377408
IDN,2005,285868619196.085,11.303573082033648
IDN,2006,364570515618.357,27.530792517064697
IDN,2007,432216737774.861,18.555044705622347
IDN,2008,510228634990.598,18.04925408889948
IDN,2009,539580085616.492,5.752607480847249
IDN,2010,755094157621.936,39.941072280162174
IDN,2011,892969104563.171,18.259305220351973
IDN,2012,917869913332.649,2.78854090720857
IDN,2013,912524136718.018,-0.5824111387659925
IDN,2014,890814755533.537,-2.3790473381406496
IDN,2015,860854232686.214,-3.3632719553886026
IDN,2016,931877364037.698,8.250308664901729
IDN,2017,1015618744159.73,8.986309073888421
IDN,2018,1042271532988.63,2.62429075695636
IDN,2019,1119099871350.2,7.3712402123533804
IDN,2020,1059054842698.48,-5.36547543154261
IDN,2021,1186505455736.54,12.034373282625754
IDN,2022,1319100220407.72,11.175234300871374
IDX,1960,25771325625.9674,
IDX,1961,27620719423.0348,7.176168676414285
IDX,1962,29065395252.5962,5.230406230319207
IDX,1963,30403212288.3039,4.602782876617528
IDX,1964,32125445430.8146,5.6646420324909075
IDX,1965,35868600072.4931,11.651681685596426
IDX,1966,38556110752.3203,7.492655621896405
IDX,1967,40825259867.3951,5.88531641495571
IDX,1968,42227317884.7012,3.4342904903976956
IDX,1969,45916675943.51,8.736898869310949
IDX,1970,48516441044.2751,5.661919220728251
IDX,1971,50631935423.4042,4.360365957590617
IDX,1972,49439209545.9466,-2.3556790146052164
IDX,1973,60074696046.1148,21.51225029252146
IDX,1974,76596325243.0542,27.501810719536547
IDX,1975,95780298562.2124,25.0455531101315
IDX,1976,87971699495.289,-8.152615082789138
IDX,1977,96388777296.177,9.567938154177359
IDX,1978,112459399086.057,16.672710496678754
IDX,1979,129238111866.52,14.919795870173092
IDX,1980,147925673267.151,14.459791411941957
IDX,1981,154846967959.749,4.678900247490003
IDX,1982,151556187537.994,-2.1251823430022965
IDX,1983,149946142430.464,-1.062342048638809
IDX,1984,156468472690.696,4.349781964718891
IDX,1985,159771864905.473,2.1112190577248446
IDX,1986,180951752534.385,13.25633123293819
IDX,1987,201416522978.542,11.309517679453363
IDX,1988,196709924042.386,-2.3367491735806767
IDX,1989,206149921760.455,4.79894329888253
IDX,1990,239664058778.39,16.257166983976965
IDX,1991,261663913756.548,9.17945523008128
IDX,1992,226421090353.133,-13.468736631450417
IDX,1993,237758033526.585,5.007017303807948
IDX,1994,244184968263.645,2.703140937755677
IDX,1995,258714064134.224,5.950036963328564
IDX,1996,284804315906.762,10.084589664596688
IDX,1997,298505284428.304,4.8106604276416
IDX,1998,313613696468.959,5.061354967162646
IDX,1999,321538153870.176,2.526821210438235
IDX,2000,349607946078.511,8.729848035287402
IDX,2001,350543839418.75,0.26769796016845593
IDX,2002,370610252657.101,5.72436625091568
IDX,2003,412110772900.101,11.19788779329789
IDX,2004,470420842537.961,14.14912530131669
IDX,2005,541377938354.81,15.083748295256093
IDX,2006,624110705644.315,15.281887463113296
IDX,2007,739402914762.469,18.47303820868278
IDX,2008,892113844684.537,20.65327670112389
IDX,2009,919028869316.024,3.016994388312022
IDX,2010,1049403737086.95,14.186155856883564
IDX,2011,965429726326.58,-8.002068964750809
IDX,2012,968834387413.756,0.3526575776914065
IDX,2013,1049285326426.59,8.303889710974532
IDX,2014,1124512074407.76,7.169331933513234
IDX,2015,1126635417997.04,0.18882354735036966
IDX,2016,1216619446872.95,7.986969647722031
IDX,2017,1336045725079.54,9.816239458735332
IDX,2018,1327821959509.27,-0.6155302483962788
IDX,2019,1397275344236.88,5.2306248010296486
IDX,2020,1413399718720.79,1.1539869038994954
IDX,2021,1533308141491.49,8.48368803124031
IDX,2022,1647744371550.23,7.463355014043338
IMN,1960,,
IMN,1961,,
IMN,1962,,
IMN,1963,,
IMN,1964,,
IMN,1965,,
IMN,1966,,
IMN,1967,,
IMN,1968,,
IMN,1969,,
IMN,1970,,
IMN,1971,,
IMN,1972,,
IMN,1973,,
IMN,1974,,
IMN,1975,,
IMN,1976,,
IMN,1977,,
IMN,1978,,
IMN,1979,,
IMN,1980,,
IMN,1981,,
IMN,1982,,
IMN,1983,,
IMN,1984,,
IMN,1985,,
IMN,1986,,
IMN,1987,,
IMN,1988,,
IMN,1989,,
IMN,1990,,
IMN,1991,,
IMN,1992,,
IMN,1993,,
IMN,1994,,
IMN,1995,914762873.689153,
IMN,1996,1023005862.77927,11.832901422155807
IMN,1997,1180968165.4086,15.440996809166174
IMN,1998,1382605389.32055,17.073891559319556
IMN,1999,1567402513.69642,13.36586171320251
IMN,2000,1563667799.61578,-0.2382740902866276
IMN,2001,1659131243.73837,6.105097524298109
IMN,2002,1947332921.74718,17.370637741679285
IMN,2003,2328658227.8481,19.5819267389979
IMN,2004,2822358473.16983,21.20106074037129
IMN,2005,3032409189.13713,7.442382601788666
IMN,2006,3422735301.67301,12.871815384748487
IMN,2007,4466353634.79678,30.490769549537067
IMN,2008,5928788780.55394,32.743380066538364
IMN,2009,5486918994.75922,-7.452952064071249
IMN,2010,5920366628.33329,7.89965432309232
IMN,2011,6565668780.73505,10.899699172573474
IMN,2012,6690228489.39991,1.8971366485976526
IMN,2013,7001180245.83103,4.647849575299201
IMN,2014,7708459144.9826,10.10228096288095
IMN,2015,7084795708.28406,-8.090636857101074
IMN,2016,6846373276.59372,-3.365268971856994
IMN,2017,6979791187.12712,1.948738480116563
IMN,2018,7491654051.07858,7.333498241258174
IMN,2019,7314966839.12782,-2.358453964185947
IMN,2020,6684229268.50545,-8.622562268478774
IMN,2021,,
IMN,2022,,
IND,1960,37029883876.1839,
IND,1961,39232435784.0358,5.948038927738808
IND,1962,42161481858.0819,7.465878718746222
IND,1963,48421923459.1235,14.848722874861519
IND,1964,56480289940.9899,16.641979306478927
IND,1965,59554854575.8085,5.4436063236057874
IND,1966,45865462034.2857,-22.986190863915745
IND,1967,50134942204.0,9.308704154168868
IND,1968,53085455870.6667,5.885144246623453
IND,1969,58447995017.3333,10.101710645061557
IND,1970,62422483054.6667,6.800041705715887
IND,1971,67351404351.833,7.896067339791313
IND,1972,71463193831.0092,6.104979575031377
IND,1973,85515269585.4,19.66337495021575
IND,1974,99525899116.054,16.383775200126415
IND,1975,98472796456.884,-1.058119211705899
IND,1976,102717164466.397,4.310193436388676
IND,1977,121486641441.309,18.272970318463443
IND,1978,137300295313.3,13.016784137234282
IND,1979,152991653793.77,11.428495797962057
IND,1980,186325345086.661,21.78791487398668
IND,1981,193491368445.573,3.8459734801934875
IND,1982,200715624830.902,3.733632380279084
IND,1983,218262146413.158,8.741980898118173
IND,1984,212157645177.652,-2.796866674237919
IND,1985,232511554840.372,9.59376676983592
IND,1986,248985994040.59,7.085428167872476
IND,1987,279033584092.223,12.067984051638913
IND,1988,296589670895.932,6.29174687370484
IND,1989,296042052944.66,-0.18463824098047255
IND,1990,320979026420.035,8.423456474285619
IND,1991,270105341879.226,-15.849535437943342
IND,1992,288208070278.013,6.7020993634703485
IND,1993,279295648982.529,-3.0923566043403516
IND,1994,327275583530.004,17.17890512160336
IND,1995,360281909643.489,10.085178294536302
IND,1996,392896866204.516,9.052621208014733
IND,1997,415867563592.829,5.846495445539124
IND,1998,421351317224.941,1.31862980241495
IND,1999,458820417337.807,8.892603056195725
IND,2000,468394937255.803,2.0867684950791388
IND,2001,485441014538.638,3.639253101816875
IND,2002,514937948874.212,6.076316885504163
IND,2003,607699285436.048,18.014080485743243
IND,2004,709148514815.787,16.693985300138237
IND,2005,820381595510.643,15.685442241072822
IND,2006,940259888794.351,14.612503978601609
IND,2007,1216736438842.41,29.404269324151567
IND,2008,1198895139014.62,-1.4663241157439
IND,2009,1341888016984.36,11.927054611904332
IND,2010,1675615519489.35,24.869996473698276
IND,2011,1823051829900.81,8.798934403304637
IND,2012,1827637590787.19,0.2515430889657999
IND,2013,1856721507681.08,1.591339390287061
IND,2014,2039126479228.11,9.82403504200484
IND,2015,2103588360066.32,3.161249755464479
IND,2016,2294796885682.55,9.089636035550285
IND,2017,2651474262735.28,15.542873501270327
IND,2018,2702929641707.38,1.9406327904166965
IND,2019,2835606256616.03,4.908622587188072
IND,2020,2671595405986.86,-5.783978302576398
IND,2021,3150306839142.13,17.91856027609986
IND,2022,3416645826052.87,8.454382398613202
INX,1960,,
INX,1961,,
INX,1962,,
INX,1963,,
INX,1964,,
INX,1965,,
INX,1966,,
INX,1967,,
INX,1968,,
INX,1969,,
INX,1970,,
INX,1971,,
INX,1972,,
INX,1973,,
INX,1974,,
INX,1975,,
INX,1976,,
INX,1977,,
INX,1978,,
INX,1979,,
INX,1980,,
INX,1981,,
INX,1982,,
INX,1983,,
INX,1984,,
INX,1985,,
INX,1986,,
INX,1987,,
INX,1988,,
INX,1989,,
INX,1990,,
INX,1991,,
INX,1992,,
INX,1993,,
INX,1994,,
INX,1995,,
INX,1996,,
INX,1997,,
INX,1998,,
INX,1999,,
INX,2000,,
INX,2001,,
INX,2002,,
INX,2003,,
INX,2004,,
INX,2005,,
INX,2006,,
INX,2007,,
INX,2008,,
INX,2009,,
INX,2010,,
INX,2011,,
INX,2012,,
INX,2013,,
INX,2014,,
INX,2015,,
INX,2016,,
INX,2017,,
INX,2018,,
INX,2019,,
INX,2020,,
INX,2021,,
INX,2022,,
IRL,1960,1939329775.43739,
IRL,1961,2088012282.35667,7.6666954121171305
IRL,1962,2260349684.08625,8.253658428439348
IRL,1963,2430843768.44553,7.542818952289787
IRL,1964,2766608945.87402,13.812700831991531
IRL,1965,2945704142.99765,6.473455433256059
IRL,1966,3104034393.23162,5.374954257043862
IRL,1967,3343636773.36759,7.719063315098107
IRL,1968,3278584478.33023,-1.945555078096639
IRL,1969,3787077343.72783,15.509524575574552
IRL,1970,4395995085.99509,16.078830374979034
IRL,1971,5098250287.46646,15.974885952639916
IRL,1972,6318060582.21873,23.926057489783336
IRL,1973,7481173065.79201,18.409327806173504
IRL,1974,7896860614.98803,5.556448775350087
IRL,1975,9483808362.36934,20.09593210204732
IRL,1976,9453756014.71837,-0.3168805874464442
IRL,1977,11248340431.3779,18.982766361492452
IRL,1978,14647996073.6937,30.22361976911958
IRL,1979,18319334300.4513,25.063757583543776
IRL,1980,21747855640.0712,18.71531619757294
IRL,1981,20670190138.1671,-4.955272463361704
IRL,1982,21474752962.2178,3.8923823084002107
IRL,1983,20766047763.5314,-3.3001785861438426
IRL,1984,20106648454.8404,-3.1753722046667487
IRL,1985,21270013325.5601,5.785971109668631
IRL,1986,28714571852.4799,35.00025323432072
IRL,1987,33920518492.5094,18.129981762482352
IRL,1988,37772896220.7559,11.357072059783558
IRL,1989,39238392677.7542,3.8797566605258904
IRL,1990,49305632408.4929,25.656605797836907
IRL,1991,49787501584.4847,0.9773106082476835
IRL,1992,55918538121.3989,12.314408921504949
IRL,1993,52417477613.676,-6.261001494928409
IRL,1994,57097656065.96,8.928660182349013
IRL,1995,69139823232.3232,21.090475504724605
IRL,1996,75790786290.3226,9.619583543988641
IRL,1997,82856648758.3572,9.322851515180552
IRL,1998,90199410115.5097,8.862006208538453
IRL,1999,98893958262.6438,9.639251671379911
IRL,2000,100207610429.909,1.3283442086283737
IRL,2001,109346669229.695,9.120124470165258
IRL,2002,128596035288.401,17.603980253180396
IRL,2003,164670771259.602,28.052759084132383
IRL,2004,194372115041.065,18.036803710987126
IRL,2005,211876989655.907,9.005856941539037
IRL,2006,232180617162.279,9.582743052629517
IRL,2007,270079279419.5,16.322922524894622
IRL,2008,275447471451.063,1.987635646503949
IRL,2009,236443115853.695,-14.160360736619658
IRL,2010,221913560882.367,-6.145053079201734
IRL,2011,239170638711.314,7.776486376195235
IRL,2012,225118718207.156,-5.875269882570777
IRL,2013,238112475390.796,5.771957697308405
IRL,2014,259681883575.706,9.05849563300276
IRL,2015,292364226871.756,12.585530744782192
IRL,2016,298559265006.398,2.118945330941413
IRL,2017,337241811320.896,12.956404589778536
IRL,2018,386693357874.056,14.66352773977524
IRL,2019,398933010007.356,3.165208784704898
IRL,2020,428608687830.239,7.438762167697233
IRL,2021,513391778882.86,19.781001519549555
IRL,2022,533140011838.276,3.8466204110997104
IRN,1960,4199134389.9037,
IRN,1961,4426949094.8403,5.425277778304793
IRN,1962,4693566416.48346,6.022597412604291
IRN,1963,4928628018.38759,5.008166094733646
IRN,1964,5379845647.70139,9.15503518687979
IRN,1965,6197319929.04038,15.195125192639413
IRN,1966,6789938671.75094,9.562500395268847
IRN,1967,7555383690.16,11.27322433107738
IRN,1968,8623172959.89803,14.132826518508912
IRN,1969,9743089607.49587,12.987291949332347
IRN,1970,10976245153.5894,12.656719744677257
IRN,1971,13731802833.0363,25.10473883271267
IRN,1972,17153463263.1086,24.91778007357044
IRN,1973,27081698249.5083,57.87889497365837
IRN,1974,46209092072.1383,70.62848735114784
IRN,1975,51776222349.8869,12.04769457287238
IRN,1976,68055295080.7538,31.44121373100226
IRN,1977,80600122701.9632,18.433286647752855
IRN,1978,77994316621.4814,-3.2330051036241536
IRN,1979,90391877325.9285,15.895466799990565
IRN,1980,94362275580.0229,4.392428137960036
IRN,1981,100499312749.923,6.50369772472863
IRN,1982,125948756439.485,25.323002708375732
IRN,1983,156365156618.241,24.14982175180924
IRN,1984,162276728619.519,3.780619755148429
IRN,1985,180183629599.684,11.034792932109362
IRN,1986,209094561833.48,16.045260214830705
IRN,1987,134009995923.169,-35.90938245926611
IRN,1988,123057861333.908,-8.172625119353116
IRN,1989,120496362916.271,-2.0815398462732726
IRN,1990,124813263926.225,3.582598599223852
IRN,1991,,
IRN,1992,,
IRN,1993,63743623231.2312,
IRN,1994,71841461172.2365,12.703761616483945
IRN,1995,96419225744.9927,34.211114545446385
IRN,1996,120403931883.348,24.875439470743622
IRN,1997,113919163421.479,-5.385844432515463
IRN,1998,110276913362.445,-3.1972233201523537
IRN,1999,113848450088.686,3.238698488506375
IRN,2000,109591707801.431,-3.7389549738613748
IRN,2001,126878750295.583,15.774042435285661
IRN,2002,128626917504.398,1.3778250532436642
IRN,2003,153544751396.211,19.37217681591492
IRN,2004,190043433963.866,23.77071325184723
IRN,2005,226452138295.726,19.15809642693711
IRN,2006,266298911663.707,17.596112656681882
IRN,2007,349881601462.439,31.386793613442787
IRN,2008,412336172443.795,17.850201531120135
IRN,2009,416397025729.898,0.9848404184468196
IRN,2010,486807616876.696,16.909484649506325
IRN,2011,626133112195.928,28.62023733587593
IRN,2012,644035512181.481,2.859200326072364
IRN,2013,492775566425.881,-23.486274109831516
IRN,2014,460382791480.428,-6.573535124803154
IRN,2015,408212917874.964,-11.33184701315706
IRN,2016,457954614593.746,12.185233377160776
IRN,2017,486630147094.486,6.261653794269173
IRN,2018,329691934144.504,-32.24999805026676
IRN,2019,283649531542.631,-13.965280261206715
IRN,2020,239735486745.704,-15.48179704655247
IRN,2021,359096907772.985,49.788799583889684
IRN,2022,413493207349.265,15.148083539240176
IRQ,1960,1683918766.43249,
IRQ,1961,1831479827.40807,8.762956023597223
IRQ,1962,1954399498.2402,6.711494660909656
IRQ,1963,1978199488.7202,1.217764868514859
IRQ,1964,2340239343.90426,18.301483609131974
IRQ,1965,,
IRQ,1966,,
IRQ,1967,,
IRQ,1968,2896598841.36046,
IRQ,1969,3007758796.89648,3.8376027066216567
IRQ,1970,3281318687.47253,9.095140569726512
IRQ,1971,3865346534.65347,17.798571330808265
IRQ,1972,4113848002.40312,6.428957029383864
IRQ,1973,5134367778.1446,24.806939273044094
IRQ,1974,11516762614.2906,124.30731712118211
IRQ,1975,13458516762.6143,16.860242876885124
IRQ,1976,17754825601.0836,31.92260272249159
IRQ,1977,19838130714.5276,11.733740225062261
IRQ,1978,23762275651.8794,19.780820047113213
IRQ,1979,37816457839.4853,59.14493373236469
IRQ,1980,52569000000.0,39.01090425531903
IRQ,1981,37823000000.0,-28.050752344537656
IRQ,1982,42382333333.3333,12.054393711057543
IRQ,1983,40712903225.8064,-3.938976399427996
IRQ,1984,46938387096.7742,15.291181364392848
IRQ,1985,48425161290.3226,3.16750166656361
IRQ,1986,47264516129.0323,-2.396781198790232
IRQ,1987,56774193548.3871,20.12012012012001
IRQ,1988,62684516129.0323,10.410227272727335
IRQ,1989,65831935483.871,5.021047539650669
IRQ,1990,180408064516.129,174.04338515966836
IRQ,1991,407796349.663785,-99.77395891322402
IRQ,1992,553671957.671958,35.771680675524145
IRQ,1993,1031944881.13189,86.3820023450242
IRQ,1994,3991349282.75729,286.7793092184704
IRQ,1995,12894029888.1122,223.04939945533386
IRQ,1996,10433698621.3427,-19.081166153010333
IRQ,1997,20764857056.3795,99.01722112141378
IRQ,1998,20617405044.2425,-0.7101036705268293
IRQ,1999,36881601583.8194,78.88575940898413
IRQ,2000,48364250943.9051,31.133814332844324
IRQ,2001,36176430128.8057,-25.200061155160547
IRQ,2002,32928454672.4246,-8.97815357904782
IRQ,2003,21921569478.8163,-33.42666791717328
IRQ,2004,36627901762.063,67.08612856145191
IRQ,2005,49954890353.2609,36.38479942905492
IRQ,2006,65140147197.1215,30.39793849306156
IRQ,2007,88837055195.2619,36.378345794078214
IRQ,2008,131614433712.245,48.15263002916896
IRQ,2009,111657581662.35,-15.163118122384379
IRQ,2010,138516722649.573,24.054919144178164
IRQ,2011,185749664444.444,34.099089908706134
IRQ,2012,218002481737.691,17.363593839973547
IRQ,2013,234637675128.645,7.630735787205434
IRQ,2014,228415656174.957,-2.651756138598216
IRQ,2015,166774104959.102,-26.98657011874883
IRQ,2016,166602488747.885,-0.10290339214176214
IRQ,2017,187217660050.676,12.373867556076767
IRQ,2018,227367469034.031,21.445524408588
IRQ,2019,233636097800.338,2.7570473440810206
IRQ,2020,180924091442.953,-22.561584812305814
IRQ,2021,207691599310.345,14.794883121373603
IRQ,2022,264182173793.103,27.19925826096916
ISL,1960,248434096.968726,
ISL,1961,253885656.329253,2.1943684168334032
ISL,1962,284916516.159537,12.222376119603018
ISL,1963,340061650.119898,19.354839341599583
ISL,1964,434267936.914583,27.70270824759864
ISL,1965,523694949.370689,20.592589241442315
ISL,1966,628893310.399926,20.087717316283292
ISL,1967,621225962.154708,-1.2191810786382984
ISL,1968,474399471.622359,-23.634957242141773
ISL,1969,414709311.35296,-12.582256903716527
ISL,1970,526704545.454545,27.005719677768614
ISL,1971,670251136.363636,27.253721682847942
ISL,1972,839652164.06073,25.274261915639286
ISL,1973,1154440252.96794,37.490296861122864
ISL,1974,1515190595.29765,31.24894002979022
ISL,1975,1406875081.32726,-7.148639537926393
ISL,1976,1669488389.96542,18.66642690056093
ISL,1977,2208509076.28099,32.28657890377631
ISL,1978,2511826196.009,13.73402187863222
ISL,1979,2853435053.88542,13.600019715504086
ISL,1980,3381419251.29231,18.503459424736278
ISL,1981,3492997010.04956,3.2997315761601254
ISL,1982,3206626644.5371,-8.198414275436129
ISL,1983,2765950335.71095,-13.742675954398953
ISL,1984,2864441387.40507,3.560839485167544
ISL,1985,2984052356.55071,4.175717110902277
ISL,1986,3989622739.28212,33.69814810802303
ISL,1987,5520318404.64149,38.36692753648177
ISL,1988,6106635816.24587,10.621079594093752
ISL,1989,5672569449.07068,-7.1081096079189106
ISL,1990,6468736355.55678,14.035384028952414
ISL,1991,6909730288.17061,6.817311888665967
ISL,1992,7080981738.05606,2.4784100499353867
ISL,1993,6218581531.64347,-12.17910507772817
ISL,1994,6389460342.78656,2.747874419167262
ISL,1995,7123633418.19739,11.490376902326037
ISL,1996,7426082270.67669,4.245710506476819
ISL,1997,7569672925.33739,1.9335990287596916
ISL,1998,8503693098.62271,12.33897663079928
ISL,1999,8982047589.4895,5.625255819077779
ISL,2000,9025660361.75842,0.48555490086643616
ISL,2001,8234846804.60582,-8.761835981589394
ISL,2002,9318395054.85934,13.158086312516271
ISL,2003,11429333037.8443,22.653450197780046
ISL,2004,13825302535.7699,20.9633360931226
ISL,2005,16852963067.0496,21.899416113653224
ISL,2006,17465318552.2941,3.633518229454613
ISL,2007,21652505596.7528,23.97429529797328
ISL,2008,18074622987.0185,-16.52410430629733
ISL,2009,13154414219.207,-27.221639817025654
ISL,2010,13751161917.7398,4.536482496206307
ISL,2011,15221622925.9319,10.693358255749441
ISL,2012,14751508133.5443,-3.0884669438677403
ISL,2013,16125060515.3117,9.311267494365548
ISL,2014,17867662177.8911,10.806791459323195
ISL,2015,17517210519.0912,-1.9613738793065938
ISL,2016,20793168030.9524,18.701365199047437
ISL,2017,24728285177.4603,18.925048557536517
ISL,2018,26260850582.0687,6.197621038458911
ISL,2019,24681343649.2952,-6.0146830653383665
ISL,2020,21565767851.144,-12.623201728485178
ISL,2021,25595940169.5879,18.687822043999745
ISL,2022,28064529851.3098,9.644457931086215
ISR,1960,2598500000.0,
ISR,1961,3138500000.0,20.781219934577642
ISR,1962,2510000000.0,-20.025489883702406
ISR,1963,2992333333.33333,19.21646746347929
ISR,1964,3405333333.33333,13.801938286732774
ISR,1965,3663333333.33333,7.576350822239641
ISR,1966,3980000000.0,8.644222020018288
ISR,1967,4030000000.0,1.2562814070351758
ISR,1968,4619000000.0,14.615384615384608
ISR,1969,5329333333.33333,15.378509056794321
ISR,1970,,
ISR,1971,,
ISR,1972,,
ISR,1973,,
ISR,1974,,
ISR,1975,,
ISR,1976,,
ISR,1977,,
ISR,1978,,
ISR,1979,,
ISR,1980,,
ISR,1981,,
ISR,1982,,
ISR,1983,,
ISR,1984,,
ISR,1985,,
ISR,1986,,
ISR,1987,,
ISR,1988,,
ISR,1989,,
ISR,1990,,
ISR,1991,,
ISR,1992,,
ISR,1993,,
ISR,1994,,
ISR,1995,104892955202.072,
ISR,1996,114505860826.519,9.16449117667446
ISR,1997,118859377862.817,3.802003674636145
ISR,1998,120056692192.311,1.0073368639670122
ISR,1999,120922937410.923,0.7215301394647877
ISR,2000,136035771711.672,12.497905380343365
ISR,2001,134635822098.58,-1.0291040330621226
ISR,2002,125060622862.932,-7.111925404694341
ISR,2003,131299915899.958,4.989014842716988
ISR,2004,139973148371.263,6.605664909879638
ISR,2005,147083996033.603,5.080151261211374
ISR,2006,158670456932.537,7.877445005156725
ISR,2007,184052121662.082,15.996465391371938
ISR,2008,220531065217.391,19.8198984211027
ISR,2009,211970040942.96,-3.8820037739317415
ISR,2010,238364092298.023,12.451783864194987
ISR,2011,266791854430.897,11.926193185730005
ISR,2012,262282344091.849,-1.6902728715865067
ISR,2013,297732778479.129,13.516134496215116
ISR,2014,314330061977.263,5.5745570181811255
ISR,2015,303414276832.04,-3.472714342547556
ISR,2016,322102790386.835,6.159404807816737
ISR,2017,358245427458.541,11.22083948055832
ISR,2018,376691526553.276,5.14901173354676
ISR,2019,402470513619.148,6.843527196310872
ISR,2020,413267669231.522,2.6827196644251927
ISR,2021,488526545878.891,18.210685773536106
ISR,2022,525002447652.773,7.466513760937898
ITA,1960,40385288344.1911,
ITA,1961,44842760293.1924,11.03736566398057
ITA,1962,50383891898.9911,12.356803126233729
ITA,1963,57710743059.8341,14.542050811659735
ITA,1964,63175417019.0094,9.46907572045912
ITA,1965,67978153850.5191,7.602224184866979
ITA,1966,73654870011.2757,8.35079483511636
ITA,1967,81133120065.4202,10.153096533874372
ITA,1968,87942231678.3505,8.392517885963091
ITA,1969,97085082807.3751,10.396428376374022
ITA,1970,113395315985.13,16.79993744262005
ITA,1971,124672365792.759,9.944899143019104
ITA,1972,145260039840.637,16.513422134060217
ITA,1973,175492055795.417,20.812341775444352
ITA,1974,199564489431.378,13.71710732252398
ITA,1975,227695851126.928,14.096376452396475
ITA,1976,224717278436.846,-1.3081365669775025
ITA,1977,257596313364.055,14.631289216351572
ITA,1978,315058323066.393,22.30700003114108
ITA,1979,393677161500.816,24.95374115790474
ITA,1980,477256775943.929,21.230496106119624
ITA,1981,430702851303.015,-9.754481651693393
ITA,1982,427272645669.291,-0.7964204609620107
ITA,1983,443042373788.883,3.6907881371366136
ITA,1984,437887689001.543,-1.1634744422429177
ITA,1985,452217492140.757,3.272483675411908
ITA,1986,640386352773.087,41.61025698974083
ITA,1987,805713128174.485,25.816723714594758
ITA,1988,891608957155.608,10.660845154123088
ITA,1989,928661332204.347,4.1556755067762685
ITA,1990,1181222653522.95,27.196278402063157
ITA,1991,1246220156079.29,5.502561465654887
ITA,1992,1320161644933.23,5.9332605473631395
ITA,1993,1064958075550.63,-19.331236471084377
ITA,1994,1099216688280.5,3.216897783713857
ITA,1995,1174662070605.02,6.863558671269709
ITA,1996,1312426527795.21,11.728007623437886
ITA,1997,1241879604365.62,-5.375304593096275
ITA,1998,1270052525928.4,2.2685710807829107
ITA,1999,1252446659833.79,-1.3862313357268508
ITA,2000,1146676894209.73,-8.445051515255475
ITA,2001,1168023426056.38,1.8615995451239709
ITA,2002,1276769338449.3,9.310250973311485
ITA,2003,1577621707050.51,23.563564658171554
ITA,2004,1806542968545.56,14.510529391931136
ITA,2005,1858217147203.73,2.8603902347129173
ITA,2006,1949551719389.64,4.915172175832705
ITA,2007,2213102482751.46,13.518531503454124
ITA,2008,2408655348718.59,8.836141457127965
ITA,2009,2199928804118.63,-8.665687463796058
ITA,2010,2136099955236.67,-2.9014052074077035
ITA,2011,2294994296589.5,7.4385255691475916
ITA,2012,2086957656821.6,-9.064799859287442
ITA,2013,2141924094298.56,2.6338070299266603
ITA,2014,2162009615996.54,0.9377326559537824
ITA,2015,1836637711060.55,-15.049512385541153
ITA,2016,1877071687633.78,2.2015216354172473
ITA,2017,1961796197354.36,4.513653382486571
ITA,2018,2091932426266.98,6.633524373638755
ITA,2019,2011302198827.45,-3.8543418719988676
ITA,2020,1897461635591.91,-5.660042697805778
ITA,2021,2155360298998.03,13.5917722165523
ITA,2022,2049737165407.98,-4.900486180391805
JAM,1960,699064380.374248,
JAM,1961,748043500.7826,7.006381927531602
JAM,1962,777727688.908924,3.968243570764063
JAM,1963,826706669.317332,6.297703052995418
JAM,1964,897949000.8204,8.617606963531287
JAM,1965,972159611.136156,8.264457140433844
JAM,1966,1096759561.29618,12.81682027649811
JAM,1967,1148014310.8255,4.673289510122514
JAM,1968,1083839132.92869,-5.590102605137714
JAM,1969,1191239047.00876,9.909211691762776
JAM,1970,1404720441.88818,17.92095343209903
JAM,1971,1539861815.89381,9.620517362442405
JAM,1972,1875146587.4443,21.773692164441027
JAM,1973,1905917553.19149,1.6409898806433398
JAM,1974,2375122375.12238,24.618316838794986
JAM,1975,2860442750.44275,20.43348925527948
JAM,1976,2966042856.04286,3.6917398743171903
JAM,1977,3249733139.73314,9.564605012780047
JAM,1978,2644527821.53011,-18.623231267928908
JAM,1979,2425064229.04184,-8.298781759886698
JAM,1980,2679379371.51261,10.486944610586724
JAM,1981,2979027966.45373,11.183507573694484
JAM,1982,3293496311.93093,10.556072283253748
JAM,1983,3619262277.47712,9.891189626236386
JAM,1984,2373564549.4932,-34.41855363000271
JAM,1985,2100239018.82467,-11.515403308786777
JAM,1986,2754549581.92409,31.15409994932783
JAM,1987,3287007321.56699,19.330119999908348
JAM,1988,3828342820.3494,16.468947155382164
JAM,1989,4404937853.39452,15.061217349194855
JAM,1990,4592208086.69235,4.251370610223648
JAM,1991,4106207649.05547,-10.583153647702714
JAM,1992,3535460089.80719,-13.899627296723926
JAM,1993,5440075675.74067,53.87178860891484
JAM,1994,5452558947.03045,0.2294687065741874
JAM,1995,6577520642.82297,20.631811718517824
JAM,1996,7393891920.80358,12.41153501922323
JAM,1997,8400041723.54861,13.60785109549829
JAM,1998,8787195622.43502,4.608952093667185
JAM,1999,8887057997.36228,1.136453303398599
JAM,2000,9005064474.93003,1.3278463761885684
JAM,2001,9194727831.07318,2.1061854323327633
JAM,2002,9719009494.84779,5.7019813245893225
JAM,2003,9430234810.78586,-2.971235743879186
JAM,2004,10174664853.9476,7.894077486917883
JAM,2005,11243865777.7131,10.508463316613991
JAM,2006,11930179089.8855,6.103891008133222
JAM,2007,12799600047.1845,7.287576747578761
JAM,2008,13709401520.0326,7.1080461068643075
JAM,2009,12120458114.8318,-11.590173377583168
JAM,2010,13220549908.2494,9.0763218930761
JAM,2011,14444661522.1463,9.259158071277174
JAM,2012,14807086555.5283,2.509058677673659
JAM,2013,14264205152.6126,-3.6663620549513998
JAM,2014,13899217721.6818,-2.5587645930902014
JAM,2015,14188936958.4343,2.084428365350055
JAM,2016,14077096714.1279,-0.7882214476956917
JAM,2017,14808985171.3441,5.19914348873991
JAM,2018,15730792835.5811,6.224651139638726
JAM,2019,15830766570.7266,0.6355289030275157
JAM,2020,13812421803.4084,-12.749507475212319
JAM,2021,14657586127.0331,6.11887137284024
JAM,2022,17097760723.9201,16.647861221750325
JOR,1960,,
JOR,1961,,
JOR,1962,,
JOR,1963,,
JOR,1964,,
JOR,1965,599759760.096096,
JOR,1966,657999736.800105,9.71055088702142
JOR,1967,631679747.328101,-3.999999999999959
JOR,1968,561119775.55209,-11.170212765957398
JOR,1969,698879720.448112,24.550898203592798
JOR,1970,639519744.192102,-8.493589743589824
JOR,1971,678159728.736109,6.042031523642866
JOR,1972,788479684.608126,16.26754748142021
JOR,1973,943783839.718052,19.696659044184763
JOR,1974,1197483948.68547,26.881166882790563
JOR,1975,1363073497.77355,13.828122645807039
JOR,1976,1708521219.46003,25.343293831971337
JOR,1977,2096778602.16785,22.724762109219032
JOR,1978,2602208588.95706,24.105071764212394
JOR,1979,3271368780.65347,25.715086582071557
JOR,1980,3910044474.28044,19.52319461517242
JOR,1981,4383944702.85958,12.120072589873843
JOR,1982,4681240992.70338,6.781479010213731
JOR,1983,4920692190.95569,5.115122221341339
JOR,1984,4967162160.40472,0.9443787102644263
JOR,1985,4993601520.43079,0.5322830053109406
JOR,1986,6402050484.90425,28.205073206401043
JOR,1987,6756209762.48231,5.531966335053928
JOR,1988,6277451829.05325,-7.086191078430327
JOR,1989,4221373673.80468,-32.75338801856904
JOR,1990,4160087507.83472,-1.4518062295755807
JOR,1991,4344467193.25095,4.432110744521278
JOR,1992,5310833193.59005,22.243602203748523
JOR,1993,5606400221.69269,5.565360788574125
JOR,1994,6236295978.24531,11.23529772482852
JOR,1995,6727597031.96347,7.878090703712837
JOR,1996,6927503526.09309,2.9714397752993227
JOR,1997,7245839210.15515,4.595243912370739
JOR,1998,7912270803.94922,9.197438343098408
JOR,1999,8149929478.13822,3.0036721451745407
JOR,2000,8460789844.8519,3.8142706332312093
JOR,2001,8975814652.8196,6.087195373149168
JOR,2002,9582510578.27927,6.75922965130622
JOR,2003,10195627644.5698,6.398292611127254
JOR,2004,11411706629.055,11.927455835765887
JOR,2005,12588998589.5628,10.316528445537942
JOR,2006,15056981664.3159,19.604284305816357
JOR,2007,17110437235.543,13.637896472263478
JOR,2008,22658715989.3302,32.42628272679045
JOR,2009,24537876056.338,8.293321068557823
JOR,2010,27133804225.3521,10.579270035654066
JOR,2011,29524149154.9296,8.809472161460175
JOR,2012,31634561690.1408,7.1480892612237446
JOR,2013,34454440140.8451,8.91391661539329
JOR,2014,36847643521.1268,6.945994102642827
JOR,2015,38587017887.3239,4.720449396444626
JOR,2016,39892551126.7606,3.383348366668093
JOR,2017,41608435915.493,4.301266126801684
JOR,2018,43370860704.2254,4.2357390994266275
JOR,2019,44502816901.4085,2.6099463529272615
JOR,2020,43700383098.5916,-1.8031078899895525
JOR,2021,46296100140.8451,5.939803860294202
JOR,2022,48653381780.6397,5.091749915485577
JPN,1960,44307342950.4,
JPN,1961,53508617739.3778,20.76692975987795
JPN,1962,60723018683.7333,13.48268979679943
JPN,1963,69498131797.3333,14.451048883626584
JPN,1964,81749006381.5111,17.627631516632892
JPN,1965,90950278257.7778,11.255515245440018
JPN,1966,105628070343.111,16.138259680451263
JPN,1967,123781880217.6,17.18653935030727
JPN,1968,146601072685.511,18.435002302272686
JPN,1969,172204199480.889,17.46448803297771
JPN,1970,217223652719.444,26.143063510800847
JPN,1971,245364056622.363,12.954576332101286
JPN,1972,324933841268.585,32.429274988996035
JPN,1973,441460582535.921,35.86168212347476
JPN,1974,490035789970.299,11.00329437236347
JPN,1975,532861438884.724,8.739290025534796
JPN,1976,598883902155.605,12.390174715788337
JPN,1977,737069290927.712,23.073819195127253
JPN,1978,1035611588216.59,40.50396631137865
JPN,1979,1077910077676.37,4.08439707908459
JPN,1980,1129377244854.04,4.774718062625105
JPN,1981,1245221410764.15,10.257349033544717
JPN,1982,1158731426905.85,-6.945751423052049
JPN,1983,1270859919742.9,9.676831941674834
JPN,1984,1345824500836.76,5.8987288787127445
JPN,1985,1427019759717.41,6.033123845654997
JPN,1986,2120083812109.91,48.56723585451586
JPN,1987,2580748422781.09,21.728603748581342
JPN,1988,3125724434400.79,21.116975479245603
JPN,1989,3109455047823.93,-0.5204997087332464
JPN,1990,3185904656663.85,2.4586175926042397
JPN,1991,3648065760648.88,14.506432357237763
JPN,1992,3980702922117.66,9.118178873223325
JPN,1993,4536940479038.25,13.973350129446027
JPN,1994,4998797547740.97,10.1799234712602
JPN,1995,5545563663889.7,10.93795279618439
JPN,1996,4923391533851.63,-11.219276664144795
JPN,1997,4492448605638.94,-8.752968868099698
JPN,1998,4098362709531.24,-8.772184852889398
JPN,1999,4635982224063.88,13.117909580875796
JPN,2000,4968359075956.59,7.169502293763119
JPN,2001,4374711694090.87,-11.948560335313951
JPN,2002,4182846045873.61,-4.385789547604302
JPN,2003,4519561645253.53,8.049916150083769
JPN,2004,4893116005656.56,8.265278576194191
JPN,2005,4831467035389.8,-1.259912297102539
JPN,2006,4601663122649.92,-4.75640030360549
JPN,2007,4579750920354.81,-0.4761800616663092
JPN,2008,5106679115127.3,11.505608141930734
JPN,2009,5289493117993.89,3.579899945642717
JPN,2010,5759071769013.11,8.877573721039544
JPN,2011,6233147172341.35,8.231802317154969
JPN,2012,6272362996105.03,0.6291496523248341
JPN,2013,5212328181166.18,-16.900087185596625
JPN,2014,4896994405353.29,-6.0497682581133745
JPN,2015,4444930651964.18,-9.23145333584461
JPN,2016,5003677627544.24,12.570431786897608
JPN,2017,4930837369151.42,-1.4557344380431214
JPN,2018,5040880939324.86,2.2317420335519644
JPN,2019,5117993853016.51,1.5297507443605252
JPN,2020,5048789595589.43,-1.3521754698140431
JPN,2021,5005536736792.29,-0.8566975901496243
JPN,2022,4232173916086.67,-15.450147733831553
KAZ,1960,,
KAZ,1961,,
KAZ,1962,,
KAZ,1963,,
KAZ,1964,,
KAZ,1965,,
KAZ,1966,,
KAZ,1967,,
KAZ,1968,,
KAZ,1969,,
KAZ,1970,,
KAZ,1971,,
KAZ,1972,,
KAZ,1973,,
KAZ,1974,,
KAZ,1975,,
KAZ,1976,,
KAZ,1977,,
KAZ,1978,,
KAZ,1979,,
KAZ,1980,,
KAZ,1981,,
KAZ,1982,,
KAZ,1983,,
KAZ,1984,,
KAZ,1985,,
KAZ,1986,,
KAZ,1987,,
KAZ,1988,,
KAZ,1989,,
KAZ,1990,26932016269.6107,
KAZ,1991,24923076923.0769,-7.459297983569934
KAZ,1992,24917355371.9008,-0.02295684113867713
KAZ,1993,23409260879.9427,-6.0523858549562215
KAZ,1994,21250792886.1054,-9.220573024100464
KAZ,1995,20374302652.3819,-4.1245060286507425
KAZ,1996,21035357936.8796,3.2445541610741646
KAZ,1997,22165932062.966,5.374636977791836
KAZ,1998,22135245507.3656,-0.13844017708449785
KAZ,1999,16870817181.7799,-23.78301304060052
KAZ,2000,18291990662.0356,8.423856799245822
KAZ,2001,22152689179.8815,21.105950627116
KAZ,2002,24636598527.4437,11.21267638160166
KAZ,2003,30833692900.1091,25.154017774662396
KAZ,2004,43151647002.6096,39.949655535606986
KAZ,2005,57123671733.8952,32.37889096200812
KAZ,2006,81003864630.018,41.804373163136724
KAZ,2007,104849915058.376,29.4381638916537
KAZ,2008,133441648851.982,27.269200721514487
KAZ,2009,115308686941.38,-13.588682444051392
KAZ,2010,148047348240.643,28.392189840741565
KAZ,2011,192626464617.071,30.111391325947334
KAZ,2012,207998568865.789,7.980265992669677
KAZ,2013,236634603409.089,13.767419025742122
KAZ,2014,221415613595.469,-6.43143039706231
KAZ,2015,184388404706.042,-16.722943918976053
KAZ,2016,137278320084.171,-25.54937480855991
KAZ,2017,166805788827.233,21.509200232751603
KAZ,2018,179339977690.485,7.514240933349203
KAZ,2019,181667184854.501,1.2976510837045208
KAZ,2020,171082365861.423,-5.826489248212596
KAZ,2021,197112255360.612,15.21482904922722
KAZ,2022,225496328925.494,14.399953728373728
KEN,1960,791265459.493816,
KEN,1961,792959472.816211,0.21408912799993907
KEN,1962,868111400.75544,9.477398343237574
KEN,1963,926589349.36426,6.736226313573557
KEN,1964,998759334.496266,7.788777755919862
KEN,1965,997919320.832272,-0.08410571345675022
KEN,1966,1164519674.19213,16.694771799879792
KEN,1967,1232559506.9762,5.842737936675202
KEN,1968,1353295458.68182,9.795547478418909
KEN,1969,1458379416.64823,7.765041794255878
KEN,1970,1603447358.62106,9.947201689546414
KEN,1971,1778391288.64348,10.910487898578047
KEN,1972,2107279157.08834,18.493560474856395
KEN,1973,2509001324.34591,19.06354769876031
KEN,1974,2969958812.01648,18.37215003426673
KEN,1975,3259345083.26283,9.743780623336939
KEN,1976,3474542391.69992,6.602470832013374
KEN,1977,4494378764.32011,29.351674483995428
KEN,1978,5303735110.55151,18.008191758485115
KEN,1979,6234391113.46434,17.547181062292072
KEN,1980,7265315820.20777,16.536092907564857
KEN,1981,6854491705.88377,-5.654594025786642
KEN,1982,6431579356.95926,-6.169857183742589
KEN,1983,5979198313.76093,-7.033747359563137
KEN,1984,6191437070.18411,3.5496189503318343
KEN,1985,6135034213.78998,-0.9109816631383882
KEN,1986,7239126568.14092,17.99651502952051
KEN,1987,7970820369.2949,10.107487336581912
KEN,1988,8355380879.12955,4.824603892919854
KEN,1989,8283114514.17081,-0.8649080874248427
KEN,1990,8572359038.16958,3.491977848476302
KEN,1991,8151488783.19064,-4.909620013638705
KEN,1992,8209120763.04955,0.7070117053679104
KEN,1993,5751786642.55871,-29.934193824406375
KEN,1994,7148148564.04239,24.277011792330704
KEN,1995,9046320255.40507,26.554731961100053
KEN,1996,12045865396.1323,33.15762714607675
KEN,1997,13115764358.2846,8.8818771169054
KEN,1998,14093998843.7334,7.458463408813043
KEN,1999,12896010459.3711,-8.499989234034611
KEN,2000,12705350097.8044,-1.478444532651213
KEN,2001,12986007425.8781,2.208969653832682
KEN,2002,13147736898.5176,1.245413369448789
KEN,2003,14904517649.8476,13.36184900024946
KEN,2004,16095337093.8366,7.989654358262133
KEN,2005,18737895512.7378,16.418161381119
KEN,2006,25825512284.2891,37.8250415940959
KEN,2007,31958195182.2406,23.746606961528904
KEN,2008,35895153327.8497,12.319087868256396
KEN,2009,42347217912.9176,17.974751427129256
KEN,2010,45405615063.7551,7.222191448625392
KEN,2011,46869473150.61,3.2239582809294953
KEN,2012,56396704671.5777,20.327157274315777
KEN,2013,61671440407.8387,9.352914797022382
KEN,2014,68285796514.2896,10.725152619607359
KEN,2015,70120446896.8359,2.686723266327262
KEN,2016,74815144163.8931,6.695190168944909
KEN,2017,82036510877.2599,9.652279353425275
KEN,2018,92202979985.2863,12.392615189640498
KEN,2019,100378436207.371,8.866802595088942
KEN,2020,100657505750.545,0.2780174245766043
KEN,2021,109703658904.994,8.98706270038887
KEN,2022,113420008178.793,3.387625637005831
KGZ,1960,,
KGZ,1961,,
KGZ,1962,,
KGZ,1963,,
KGZ,1964,,
KGZ,1965,,
KGZ,1966,,
KGZ,1967,,
KGZ,1968,,
KGZ,1969,,
KGZ,1970,,
KGZ,1971,,
KGZ,1972,,
KGZ,1973,,
KGZ,1974,,
KGZ,1975,,
KGZ,1976,,
KGZ,1977,,
KGZ,1978,,
KGZ,1979,,
KGZ,1980,,
KGZ,1981,,
KGZ,1982,,
KGZ,1983,,
KGZ,1984,,
KGZ,1985,,
KGZ,1986,,
KGZ,1987,,
KGZ,1988,,
KGZ,1989,,
KGZ,1990,2675000000.0,
KGZ,1991,2569444444.44444,-3.946002076843369
KGZ,1992,2316562500.0,-9.84189189189173
KGZ,1993,2028295454.54545,-12.443741338925673
KGZ,1994,1681006993.00699,-17.122183100109
KGZ,1995,1661018518.51852,-1.1890774144082794
KGZ,1996,1827570586.16784,10.027104803013831
KGZ,1997,1767864035.71943,-3.266990117936086
KGZ,1998,1645963749.83146,-6.895342821902184
KGZ,1999,1249061487.01457,-24.11366974865219
KGZ,2000,1369688498.06778,9.657411769337742
KGZ,2001,1525116370.27939,11.34768032518869
KGZ,2002,1605643104.73021,5.280038692133893
KGZ,2003,1919008090.49641,19.51647815402
KGZ,2004,2211534585.0034,15.24363007929368
KGZ,2005,2460246766.41401,11.24613574199329
KGZ,2006,2834168889.42019,15.198561709775094
KGZ,2007,3802570552.56105,34.168805774273196
KGZ,2008,5139958909.17936,35.17063886474303
KGZ,2009,4690061380.60253,-8.752940179606627
KGZ,2010,4794361863.01353,2.2238617780648395
KGZ,2011,6197765984.28468,29.271969062198224
KGZ,2012,6605142884.36215,6.572963566395251
KGZ,2013,7335033800.59056,11.050342574063698
KGZ,2014,7468102412.68237,1.8141513142188481
KGZ,2015,6678177511.66313,-10.577317467925795
KGZ,2016,6813095379.1187,2.0202797427882446
KGZ,2017,7702938379.42036,13.060774153095212
KGZ,2018,8271106235.41552,7.37598859044637
KGZ,2019,9371275264.36735,13.301352898129725
KGZ,2020,8270468614.24051,-11.746604587664455
KGZ,2021,9249133946.26531,11.833251266315003
KGZ,2022,11543966558.842,24.81132423758783
KHM,1960,637142865.714286,
KHM,1961,642857134.285714,0.8968582838986938
KHM,1962,660000008.571429,2.666669368889041
KHM,1963,728571437.142857,10.389610254680282
KHM,1964,782857128.571429,7.4509771672435
KHM,1965,868571428.571429,10.948907134104147
KHM,1966,914285714.285714,5.26315789473677
KHM,1967,962857134.285714,5.312499062499998
KHM,1968,1065714248.57143,10.682489709339848
KHM,1969,978873232.394366,-8.148621104904308
KHM,1970,718401157.724163,-26.609377603786044
KHM,1971,969911421.39418,35.00972415840493
KHM,1972,505549441.375077,-47.87674108957446
KHM,1973,702899155.982033,39.036679393843585
KHM,1974,588443893.689773,-16.283311954237956
KHM,1975,,
KHM,1976,,
KHM,1977,,
KHM,1978,,
KHM,1979,,
KHM,1980,,
KHM,1981,,
KHM,1982,,
KHM,1983,,
KHM,1984,,
KHM,1985,,
KHM,1986,,
KHM,1987,,
KHM,1988,,
KHM,1989,,
KHM,1990,,
KHM,1991,,
KHM,1992,,
KHM,1993,2533727592.04165,
KHM,1994,2791435272.26653,10.171088677185791
KHM,1995,3441205692.9166,23.277287748910737
KHM,1996,3506695719.57259,1.9031128185913015
KHM,1997,3443413388.65696,-1.8046142573026835
KHM,1998,3120425502.66241,-9.379875418342543
KHM,1999,3517242477.2548,12.716758475849455
KHM,2000,3654031716.39855,3.8891046047673683
KHM,2001,3984000517.07441,9.03026646416416
KHM,2002,4284028482.51213,7.530821448237179
KHM,2003,4658246918.32119,8.735199528589987
KHM,2004,5337833248.01434,14.58888593947849
KHM,2005,6293046161.75932,17.895143391755752
KHM,2006,7274595706.57406,15.59736762745012
KHM,2007,8639235912.59077,18.758983468778666
KHM,2008,10351914177.4839,19.824418296033365
KHM,2009,10401851767.7083,0.48239957720106474
KHM,2010,11242275287.581,8.079556781242792
KHM,2011,12829541141.062,14.118724305162722
KHM,2012,14054443213.4887,9.547512720515794
KHM,2013,15227991395.1207,8.35001546347771
KHM,2014,16702610842.3529,9.683610983026236
KHM,2015,18049954289.4721,8.066663708063725
KHM,2016,20016747857.6367,10.896390852977177
KHM,2017,22177200588.1826,10.793225482538382
KHM,2018,24571753583.3935,10.797363651419879
KHM,2019,27089390032.798,10.246059325232748
KHM,2020,25872797891.7664,-4.491028183206169
KHM,2021,26961061151.7337,4.206206319547778
KHM,2022,29504829319.3169,9.434970505304552
KIR,1960,,
KIR,1961,,
KIR,1962,,
KIR,1963,,
KIR,1964,,
KIR,1965,,
KIR,1966,,
KIR,1967,,
KIR,1968,,
KIR,1969,,
KIR,1970,14295279.5446937,
KIR,1971,15278632.4786325,6.8788646690285615
KIR,1972,18936526.9461078,23.941242598713885
KIR,1973,31710657.7257811,67.45762206569185
KIR,1974,85637174.3722131,170.05801996528493
KIR,1975,55083908.1467944,-35.677573961772836
KIR,1976,41110421.3207151,-25.367638746403088
KIR,1977,38746985.2798492,-5.74899493835882
KIR,1978,45212147.9890896,16.685588988526234
KIR,1979,42618212.2214385,-5.7372539970387155
KIR,1980,42129522.0918105,-1.146669707984993
KIR,1981,43667369.5580977,3.65028462211332
KIR,1982,40573588.8252222,-7.08488000120856
KIR,1983,37837326.5226146,-6.743949406089089
KIR,1984,42123036.1231362,11.326671291007106
KIR,1985,32125260.5812577,-23.734698307720492
KIR,1986,31417658.3282865,-2.2026350609091305
KIR,1987,35709784.4809478,13.661508785321974
KIR,1988,44534450.9136594,24.71218059974518
KIR,1989,44282882.2146502,-0.564885597213105
KIR,1990,42933296.4887589,-3.047646536080284
KIR,1991,47516817.8376576,10.675912924829323
KIR,1992,47736272.5168325,0.46184632970303063
KIR,1993,46920900.8812969,-1.7080756258211927
KIR,1994,54834542.2522082,16.865919499141047
KIR,1995,56336650.0300586,2.739345887016875
KIR,1996,66517302.7155493,18.071100571402066
KIR,1997,67538482.0911695,1.535208635844909
KIR,1998,65333691.831027,-3.2644948359459414
KIR,1999,69034484.9833866,5.664448232821417
KIR,2000,67253121.6174144,-2.580396401017404
KIR,2001,63099901.6262189,-6.175505153235994
KIR,2002,72197909.0093629,14.418417697443209
KIR,2003,90231037.5286819,24.9773556696502
KIR,2004,102370652.883761,13.453924156884778
KIR,2005,112136256.341291,9.539456067178321
KIR,2006,110237181.027024,-1.6935426384193542
KIR,2007,132674851.389707,20.353995043816052
KIR,2008,141045213.047045,6.308928609802367
KIR,2009,132421039.331955,-6.114474592068175
KIR,2010,155305602.21032,17.281666866393962
KIR,2011,180672702.310454,16.333667130552733
KIR,2012,189629954.825062,4.957723219978494
KIR,2013,184543120.916973,-2.6825054684961214
KIR,2014,177868200.039122,-3.6169979377633332
KIR,2015,170292316.823055,-4.2592679379454434
KIR,2016,178507954.868147,4.824432598229644
KIR,2017,188540710.231323,5.620340768895482
KIR,2018,196501525.688652,4.222332379867333
KIR,2019,175181629.286475,-10.849735811190309
KIR,2020,177553274.584763,1.3538207790096735
KIR,2021,227610079.145208,28.192554982447348
KIR,2022,223353014.294593,-1.87033230980036
KNA,1960,12366635.7500773,
KNA,1961,12483302.125078,0.943396226414861
KNA,1962,12541635.3125784,0.4672897196264625
KNA,1963,12833301.2500802,2.3255813953486415
KNA,1964,13416633.1250839,4.545454545454963
KNA,1965,13593932.3220537,1.3214880016233055
KNA,1966,14469078.1796966,6.437768240343034
KNA,1967,16742338.2519864,15.71116033832547
KNA,1968,14600000.0,-12.795932203389937
KNA,1969,15850000.0,8.56164383561644
KNA,1970,16300000.0,2.8391167192429068
KNA,1971,19624746.4503043,20.39721748652945
KNA,1972,22944849.1155047,16.917939162209763
KNA,1973,24196018.3767228,5.452941768846231
KNA,1974,31514856.3078422,30.248108664689678
KNA,1975,33364055.2995392,5.867705610438856
KNA,1976,30095602.2944551,-9.796330139547639
KNA,1977,44496296.2962963,47.84982822721054
KNA,1978,49433333.3333333,11.095388713167885
KNA,1979,58840740.7407407,19.0304937439125
KNA,1980,68459259.2592593,16.34669855857005
KNA,1981,80888888.8888889,18.156243237394442
KNA,1982,86022222.2222222,6.346153846153801
KNA,1983,86874074.0740741,0.9902695255318061
KNA,1984,98603703.7037037,13.50187585266025
KNA,1985,111007407.407407,12.579348683468773
KNA,1986,130685185.185185,17.72654477512372
KNA,1987,147748148.148148,13.056539606064943
KNA,1988,172692592.592593,16.88308432768515
KNA,1989,192518518.518518,11.480472687498079
KNA,1990,217259259.259259,12.851096575606169
KNA,1991,220540740.740741,1.510398908967181
KNA,1992,242137037.037037,9.792429382326118
KNA,1993,263755555.555556,8.92821634519807
KNA,1994,295159259.259259,11.906366725643537
KNA,1995,313485185.185185,6.208826371199527
KNA,1996,333944444.444444,6.526387920747534
KNA,1997,374641307.974641,12.186716745026583
KNA,1998,383257331.40548,2.2998060404546328
KNA,1999,406595484.373262,6.089421142237872
KNA,2000,421695769.843918,3.713835015637734
KNA,2001,458643829.014199,8.761780841187129
KNA,2002,481077373.669966,4.8912779888449
KNA,2003,469869869.86987,-2.329667619700748
KNA,2004,506900000.0,7.880933106092858
KNA,2005,547203703.703704,7.951016710140846
KNA,2006,644414814.814815,17.765068191816958
KNA,2007,689285185.185185,6.96296381442818
KNA,2008,777691333.333333,12.825772270790448
KNA,2009,774273111.111111,-0.4395345654130911
KNA,2010,778718518.518518,0.5741394533290256
KNA,2011,836092592.592593,7.36775519134012
KNA,2012,825381481.481481,-1.2810914970432297
KNA,2013,874896296.296296,5.999021776686897
KNA,2014,953166666.666667,8.946245480945958
KNA,2015,957025925.925926,0.40488818946589067
KNA,2016,1007348148.14815,5.258187982058793
KNA,2017,1058366666.66667,5.064636155068092
KNA,2018,1076240740.74074,1.6888356972130092
KNA,2019,1107155555.55556,2.872481373780955
KNA,2020,883933333.333333,-20.161775922283688
KNA,2021,858592592.592592,-2.8668158315945047
KNA,2022,965638864.921867,12.467644521138933
KOR,1960,3958811881.18812,
KOR,1961,2417628736.52655,-38.930446581337165
KOR,1962,2814615384.61538,16.420496749190193
KOR,1963,3988461538.46154,41.705383984695565
KOR,1964,3459019942.79079,-13.274331231860659
KOR,1965,3120861498.91442,-9.776134554562255
KOR,1966,3929055143.5021,25.896491877925598
KOR,1967,4855892445.82682,23.589317748760298
KOR,1968,6119394892.37109,26.019984187049495
KOR,1969,7678698837.59346,25.481342071359347
KOR,1970,9005144969.11666,17.274360664194433
KOR,1971,9903571248.53268,9.976810839772089
KOR,1972,10862211760.8252,9.679745702183462
KOR,1973,13876472208.2678,27.74996947043138
KOR,1974,19543973941.3681,40.8425257373666
KOR,1975,21784297520.6612,11.46298898071636
KOR,1976,29902479338.843,37.26620888501064
KOR,1977,38446487603.3058,28.572909181360863
KOR,1978,51972107438.0165,35.180378437347045
KOR,1979,66946900826.4463,28.813134826770657
KOR,1980,65398377597.5108,-2.3130618592037577
KOR,1981,72933533011.7706,11.521930193183572
KOR,1982,78358416171.4889,7.438119251459807
KOR,1983,87760553261.9279,11.998886079910331
KOR,1984,97510744119.1162,11.109992467900831
KOR,1985,101296177099.377,3.8820675756885192
KOR,1986,116836246284.832,15.341219807544526
KOR,1987,147948709376.434,26.62911902848517
KOR,1988,199591287824.777,34.90573095635865
KOR,1989,246928837311.406,23.71724237191508
KOR,1990,283365844161.092,14.756075979791161
KOR,1991,330647042837.334,16.685567315361727
KOR,1992,355524903068.056,7.523992961570514
KOR,1993,392665710525.411,10.446752713197505
KOR,1994,463619823515.164,18.069852061900704
KOR,1995,566581003128.204,22.208105518954866
KOR,1996,610167053824.007,7.692818935890178
KOR,1997,569755022973.035,-6.623109294037388
KOR,1998,383331833681.821,-32.71988517423513
KOR,1999,497514040642.262,29.786779215215486
KOR,2000,576179387819.613,15.81168384228886
KOR,2001,547656279894.587,-4.95038672469067
KOR,2002,627246933729.618,14.532957396261526
KOR,2003,702714855193.904,12.031612656207468
KOR,2004,793175561887.027,12.87303178871344
KOR,2005,934901071332.984,17.868113473993198
KOR,2006,1053216909887.56,12.65543940236169
KOR,2007,1172614086539.86,11.336427998012933
KOR,2008,1047339010225.25,-10.683401960850624
KOR,2009,943941876218.743,-9.872365394302406
KOR,2010,1143672241149.72,21.159180449866245
KOR,2011,1253289537500.81,9.58467753321468
KOR,2012,1278046536287.01,1.9753614823569077
KOR,2013,1370632955321.2,7.244369935321182
KOR,2014,1484488526271.8,8.306787787976312
KOR,2015,1466038936206.43,-1.242824699474443
KOR,2016,1499679823909.61,2.294679006973066
KOR,2017,1623074183501.9,8.228046922082699
KOR,2018,1725373496825.43,6.302811933266783
KOR,2019,1651422932447.77,-4.286061221742655
KOR,2020,1644312831906.17,-0.4305438904776082
KOR,2021,1818432106880.04,10.58918179042745
KOR,2022,1673916469026.56,-7.94726607095777
KWT,1960,,
KWT,1961,,
KWT,1962,,
KWT,1963,,
KWT,1964,,
KWT,1965,2097199161.12034,
KWT,1966,2391199043.52038,14.018691588784682
KWT,1967,2441599023.36039,2.107728337236625
KWT,1968,2662798934.88043,9.059633027523128
KWT,1969,2769198892.32044,3.995793901156386
KWT,1970,2873638850.54446,3.771486349848452
KWT,1971,3880392195.40688,35.034094304218975
KWT,1972,4450537925.33189,14.692992388755876
KWT,1973,5408804607.3129,21.531479970694754
KWT,1974,13006948296.2705,140.47731875329043
KWT,1975,12022811620.7867,-7.56623808342487
KWT,1976,13132252801.9372,9.22780141736852
KWT,1977,14137406740.5065,7.6540861170524055
KWT,1978,15503557496.1916,9.663375898854243
KWT,1979,24749063922.4796,59.63474143633889
KWT,1980,28638868355.9196,15.716975985935733
KWT,1981,25058020338.2535,-12.503455000958319
KWT,1982,21577153356.4192,-13.891228975181324
KWT,1983,20871081080.1538,-3.2723143067217575
KWT,1984,21700082752.9369,3.972011174693746
KWT,1985,21445970613.7595,-1.1710192171640932
KWT,1986,17903989745.178,-16.515833824322236
KWT,1987,22368704133.6668,24.93698025989577
KWT,1988,20690322152.8945,-7.503259780910565
KWT,1989,24313855653.3993,17.513180673206087
KWT,1990,18427777777.7778,-24.208739080831755
KWT,1991,11009993703.1474,-40.253275050752805
KWT,1992,19858555214.7239,80.36845206411864
KWT,1993,23941391390.7285,20.559583171375074
KWT,1994,24848483838.3838,3.7888042213226614
KWT,1995,27186980646.5448,9.4110241227221
KWT,1996,31492373308.7516,15.836229547446901
KWT,1997,30350190704.4361,-3.626854645464561
KWT,1998,25943705784.2996,-14.518804718721034
KWT,1999,30122365849.2518,16.10664297419302
KWT,2000,37718743480.0751,25.218396419589297
KWT,2001,34889559869.8326,-7.500736634392435
KWT,2002,38135788413.8276,9.304297778780125
KWT,2003,47874582231.588,25.537150857039116
KWT,2004,59439090600.6108,24.155841847518957
KWT,2005,80798630136.9863,35.93517215782571
KWT,2006,101557330723.423,25.691896695825566
KWT,2007,114634043361.692,12.876187809505923
KWT,2008,147379737229.753,28.56541818449354
KWT,2009,105968691905.415,-28.098194570520608
KWT,2010,115416580893.0,8.915736164807964
KWT,2011,154079839408.071,33.49887703822627
KWT,2012,174047996684.957,12.95961713978786
KWT,2013,174167897908.593,0.06888974646057644
KWT,2014,162650272167.89,-6.612944106811048
KWT,2015,114585576961.43,-29.550946681999356
KWT,2016,109406328917.014,-4.519982515914145
KWT,2017,120687539805.505,10.311296430618677
KWT,2018,138202535799.918,14.512679620977798
KWT,2019,136191825724.364,-1.4549010001270846
KWT,2020,105948807280.731,-22.20619209910678
KWT,2021,137384258875.558,29.670415742890754
KWT,2022,175363265306.122,27.644365330794706
LAC,1960,,
LAC,1961,,
LAC,1962,,
LAC,1963,,
LAC,1964,,
LAC,1965,,
LAC,1966,,
LAC,1967,,
LAC,1968,,
LAC,1969,,
LAC,1970,,
LAC,1971,,
LAC,1972,,
LAC,1973,,
LAC,1974,,
LAC,1975,,
LAC,1976,,
LAC,1977,,
LAC,1978,,
LAC,1979,,
LAC,1980,,
LAC,1981,,
LAC,1982,,
LAC,1983,,
LAC,1984,,
LAC,1985,,
LAC,1986,,
LAC,1987,,
LAC,1988,,
LAC,1989,876428610667.087,
LAC,1990,1034484672147.54,18.03410563698391
LAC,1991,1095638269672.05,5.911503492609338
LAC,1992,1181416426983.13,7.829058155914481
LAC,1993,1418252033554.78,20.046750761408873
LAC,1994,1613772281405.57,13.786001586807384
LAC,1995,1697846829141.45,5.209814835997317
LAC,1996,1853064187275.03,9.142011839317021
LAC,1997,2021893656590.15,9.110826838836438
LAC,1998,2038842224327.46,0.8382521841377777
LAC,1999,1810327292197.44,-11.208073356701199
LAC,2000,2002282207830.28,10.603326617246012
LAC,2001,1952748301924.99,-2.4738723498405446
LAC,2002,1758576865594.34,-9.943495336251917
LAC,2003,1795413112644.71,2.094662324465446
LAC,2004,2045083492610.1,13.90601295083651
LAC,2005,2471730285037.07,20.862072085010517
LAC,2006,2882204938855.39,16.60677365581431
LAC,2007,3402756410322.05,18.060876395326233
LAC,2008,3932031090439.41,15.554292352865406
LAC,2009,3645669594935.6,-7.282788180390732
LAC,2010,4557840753623.71,25.02067548730298
LAC,2011,5320735122195.71,16.73806545271379
LAC,2012,5298047169004.05,-0.42640636435774537
LAC,2013,5435190412910.42,2.588562153782248
LAC,2014,5456297685293.46,0.38834467202664147
LAC,2015,4636644702280.91,-15.022145606567394
LAC,2016,4499238665636.1,-2.9634799616458873
LAC,2017,5012709868269.08,11.412401981578068
LAC,2018,4870478423342.98,-2.837416261141257
LAC,2019,4805258641141.59,-1.339083690193732
LAC,2020,4051085288658.45,-15.694750455804185
LAC,2021,5086948752431.8,25.57002358536826
LAC,2022,5844139513999.47,14.88496932872967
LAO,1960,,
LAO,1961,,
LAO,1962,,
LAO,1963,,
LAO,1964,,
LAO,1965,,
LAO,1966,,
LAO,1967,,
LAO,1968,,
LAO,1969,,
LAO,1970,,
LAO,1971,,
LAO,1972,,
LAO,1973,,
LAO,1974,,
LAO,1975,,
LAO,1976,,
LAO,1977,,
LAO,1978,,
LAO,1979,,
LAO,1980,,
LAO,1981,,
LAO,1982,,
LAO,1983,,
LAO,1984,1757142855.91837,
LAO,1985,2366666615.55556,34.68834406856593
LAO,1986,1776842097.16343,-24.922163287188315
LAO,1987,1087273103.69639,-38.808681681274635
LAO,1988,598961269.297879,-44.911608016275096
LAO,1989,714046821.093797,19.214189246464098
LAO,1990,865559879.400406,21.218924842283737
LAO,1991,1028087972.31085,18.777221169612336
LAO,1992,1127806944.61513,9.69945909202108
LAO,1993,1327748689.88094,17.728366208459654
LAO,1994,1543606345.11684,16.25741805516343
LAO,1995,1763536304.53964,14.247800944751422
LAO,1996,1873671550.34636,6.245136293662523
LAO,1997,1747011857.33107,-6.759973112249917
LAO,1998,1280177838.71905,-26.721857476411614
LAO,1999,1454430642.44959,13.611609142124959
LAO,2000,1731198022.46763,19.029259418785415
LAO,2001,1768619058.34647,2.1615687745241807
LAO,2002,1758176653.07746,-0.5904270464422656
LAO,2003,2023324407.28414,15.080836942213583
LAO,2004,2366398119.86321,16.95594198063224
LAO,2005,2735558734.7379,15.60010599129571
LAO,2006,3455031447.60194,26.30075910005911
LAO,2007,4223152219.21266,22.231947328405788
LAO,2008,5446434031.67898,28.966083839014022
LAO,2009,5836138127.08912,7.155215562025363
LAO,2010,7131773632.68946,22.200220032258922
LAO,2011,8750107401.55382,22.69188356521168
LAO,2012,10192848926.2582,16.488272183358376
LAO,2013,11983252626.5452,17.565292228305985
LAO,2014,13279248478.6917,10.81505908734346
LAO,2015,14426381187.0894,8.638536361740833
LAO,2016,15912495368.8717,10.301364995902574
LAO,2017,17071162084.4067,7.28148972663083
LAO,2018,18141651381.3884,6.270746488661816
LAO,2019,18740559554.1632,3.301288070110431
LAO,2020,18981800705.0794,1.287267598488584
LAO,2021,18827148528.9934,-0.8147392256869224
LAO,2022,15468785203.7532,-17.837875555442682
LBN,1960,,
LBN,1961,,
LBN,1962,,
LBN,1963,,
LBN,1964,,
LBN,1965,,
LBN,1966,,
LBN,1967,,
LBN,1968,,
LBN,1969,,
LBN,1970,,
LBN,1971,,
LBN,1972,,
LBN,1973,,
LBN,1974,,
LBN,1975,,
LBN,1976,,
LBN,1977,,
LBN,1978,,
LBN,1979,,
LBN,1980,,
LBN,1981,,
LBN,1982,,
LBN,1983,,
LBN,1984,,
LBN,1985,,
LBN,1986,,
LBN,1987,,
LBN,1988,3313540067.93246,
LBN,1989,2717998687.71002,-17.972964503611333
LBN,1990,2838485353.96187,4.432918485084447
LBN,1991,4690415092.53663,65.24358971906948
LBN,1992,5843579160.90122,24.585544042775688
LBN,1993,7941744492.23595,35.905483156167996
LBN,1994,9599127050.17558,20.86925057284237
LBN,1995,11718795528.5556,22.081887939396005
LBN,1996,13690217333.5879,16.82273404488088
LBN,1997,15751867489.4446,15.059294572326465
LBN,1998,17247179005.5219,9.492915789694889
LBN,1999,17391056369.2265,0.8342080966315502
LBN,2000,17260364842.4544,-0.751486994219408
LBN,2001,17649751243.7811,2.255956956187566
LBN,2002,19152238805.9701,8.512797384146719
LBN,2003,20082918739.6352,4.859379329454638
LBN,2004,21159827992.0398,5.362314444260696
LBN,2005,21497336498.8391,1.5950437164530262
LBN,2006,22022709851.4096,2.4438997482263414
LBN,2007,24827355014.9254,12.735240950996252
LBN,2008,29118916105.4726,17.28561535438331
LBN,2009,35399582928.6899,21.569026815654446
LBN,2010,38443907042.1227,8.599886952242874
LBN,2011,39927125961.5257,3.8581378260483357
LBN,2012,44016799515.7546,10.24284482226383
LBN,2013,46880103080.597,6.505024436902906
LBN,2014,48095213746.6003,2.591953912546363
LBN,2015,49929337836.8159,3.813527266723593
LBN,2016,51147308774.1294,2.439389325158281
LBN,2017,53027680685.9038,3.676384851602399
LBN,2018,54901519155.5556,3.5336987124724883
LBN,2019,51605959131.2741,-6.002675472319819
LBN,2020,31712128253.7961,-38.54948384327576
LBN,2021,23131941556.7843,-27.056483337679193
LBN,2022,,
LBR,1960,,
LBR,1961,,
LBR,1962,,
LBR,1963,,
LBR,1964,,
LBR,1965,,
LBR,1966,,
LBR,1967,,
LBR,1968,,
LBR,1969,,
LBR,1970,,
LBR,1971,,
LBR,1972,,
LBR,1973,,
LBR,1974,,
LBR,1975,,
LBR,1976,,
LBR,1977,,
LBR,1978,,
LBR,1979,,
LBR,1980,,
LBR,1981,,
LBR,1982,,
LBR,1983,,
LBR,1984,,
LBR,1985,,
LBR,1986,,
LBR,1987,,
LBR,1988,,
LBR,1989,,
LBR,1990,,
LBR,1991,,
LBR,1992,,
LBR,1993,,
LBR,1994,,
LBR,1995,,
LBR,1996,,
LBR,1997,,
LBR,1998,,
LBR,1999,,
LBR,2000,874000000.0,
LBR,2001,906000000.0,3.661327231121292
LBR,2002,927000000.0,2.3178807947019875
LBR,2003,748000000.0,-19.30960086299892
LBR,2004,897000000.0,19.919786096256686
LBR,2005,949000000.0,5.797101449275366
LBR,2006,1119000000.0,17.913593256059013
LBR,2007,1373000000.0,22.698838248436104
LBR,2008,1726000000.0,25.710123816460296
LBR,2009,1768000000.0,2.4333719582850577
LBR,2010,1998000000.0,13.009049773755654
LBR,2011,2398000000.0,20.020020020020013
LBR,2012,2791614000.0,16.414261884904093
LBR,2013,3177198100.0,13.812228338158494
LBR,2014,3225652000.0,1.5250512708036679
LBR,2015,3227075700.0,0.04413681327062324
LBR,2016,3398419600.0,5.309571758728815
LBR,2017,3390703400.0,-0.22705259821359514
LBR,2018,3422754800.0,0.9452728893951656
LBR,2019,3319596500.0,-3.0138968762822294
LBR,2020,3039982500.0,-8.423132148741574
LBR,2021,3509000000.0,15.428296051046342
LBR,2022,4001046970.0,14.022427187232832
LBY,1960,,
LBY,1961,,
LBY,1962,,
LBY,1963,,
LBY,1964,,
LBY,1965,,
LBY,1966,,
LBY,1967,,
LBY,1968,,
LBY,1969,,
LBY,1970,,
LBY,1971,,
LBY,1972,,
LBY,1973,,
LBY,1974,,
LBY,1975,,
LBY,1976,,
LBY,1977,,
LBY,1978,,
LBY,1979,,
LBY,1980,,
LBY,1981,,
LBY,1982,,
LBY,1983,,
LBY,1984,,
LBY,1985,,
LBY,1986,,
LBY,1987,,
LBY,1988,,
LBY,1989,,
LBY,1990,28904164239.3038,
LBY,1991,31991785107.4578,10.682270009922878
LBY,1992,33887005288.2892,5.924083868610364
LBY,1993,30660029871.1833,-9.522751832606147
LBY,1994,28610532505.2321,-6.6845902452217665
LBY,1995,25541383196.7184,-10.727340737025559
LBY,1996,27884630117.8887,9.17431488781455
LBY,1997,30700890193.4192,10.099685969023486
LBY,1998,27251275902.7007,-11.236202823388929
LBY,1999,35975878804.2949,32.01539235353585
LBY,2000,38270983031.7,6.379564040367791
LBY,2001,34112079628.7572,-10.866988703943047
LBY,2002,20481889763.7795,-39.95707682825401
LBY,2003,26265625000.0,28.238289058896072
LBY,2004,33122307692.3077,26.105157186656335
LBY,2005,47334697612.4308,42.90881556970674
LBY,2006,60094248771.565,26.95602127557133
LBY,2007,68032985519.1,13.21047672583835
LBY,2008,86710739535.8756,27.45396791609549
LBY,2009,60808538331.5875,-29.871964352894665
LBY,2010,75380800665.2029,23.964171370397345
LBY,2011,48169243832.0503,-36.09878986827203
LBY,2012,92540964666.6463,92.11629102857633
LBY,2013,75351117629.3591,-18.575392097120403
LBY,2014,57372352561.9874,-23.859984606740092
LBY,2015,48717506273.4399,-15.085395494626875
LBY,2016,49912085228.2887,2.4520527552126747
LBY,2017,67157451661.405,34.55148458382207
LBY,2018,76686048497.4801,14.188443129314177
LBY,2019,69254143966.8182,-9.69133848499979
LBY,2020,46808208746.0839,-32.410963351866485
LBY,2021,39798423941.0335,-14.975545941259405
LBY,2022,45752336035.9846,14.960170542865182
LCA,1960,,
LCA,1961,,
LCA,1962,,
LCA,1963,,
LCA,1964,,
LCA,1965,,
LCA,1966,,
LCA,1967,,
LCA,1968,,
LCA,1969,,
LCA,1970,,
LCA,1971,,
LCA,1972,,
LCA,1973,,
LCA,1974,,
LCA,1975,,
LCA,1976,,
LCA,1977,,
LCA,1978,,
LCA,1979,,
LCA,1980,170370370.37037,
LCA,1981,194444444.444444,14.130434782608692
LCA,1982,183333333.333333,-5.714285714285683
LCA,1983,197037037.037037,7.474747474747656
LCA,1984,251481481.481481,27.631578947368208
LCA,1985,284444444.444444,13.107511045655418
LCA,1986,340000000.0,19.531250000000178
LCA,1987,375555555.555556,10.457516339869422
LCA,1988,429629629.62963,14.398422090729746
LCA,1989,486666666.666667,13.275862068965495
LCA,1990,579629629.62963,19.101978691019774
LCA,1991,613703703.703704,5.878594249201274
LCA,1992,674074074.074074,9.8370549185274
LCA,1993,684814814.814815,1.5934065934066322
LCA,1994,713703703.703704,4.218496484586276
LCA,1995,762962962.962963,6.901920083030566
LCA,1996,788888888.888889,3.398058252427183
LCA,1997,805925925.925926,2.1596244131455444
LCA,1998,877407407.407407,8.869485294117595
LCA,1999,921851851.851852,5.065428450823206
LCA,2000,932592592.592592,1.1651265568500602
LCA,2001,892592592.592592,-4.28911834789516
LCA,2002,900000000.0,0.8298755186722628
LCA,2003,987407407.407407,9.711934156378565
LCA,2004,1066666666.66667,8.027006751688305
LCA,2005,1135555555.55556,6.4583333333334325
LCA,2006,1268319185.18519,11.69151337247225
LCA,2007,1336088814.81481,5.343262990989528
LCA,2008,1437731111.11111,7.607450580325992
LCA,2009,1401507888.88889,-2.5194712656823492
LCA,2010,1482385185.18519,5.770734288225743
LCA,2011,1568370370.37037,5.800461718351424
LCA,2012,1598207407.40741,1.902422897086109
LCA,2013,1660222222.22222,3.8802732691252784
LCA,2014,1749288888.88889,5.364743675545647
LCA,2015,1807225925.92593,3.312033672942394
LCA,2016,1865459259.25926,3.2222497750796775
LCA,2017,1996711111.11111,7.035900205291412
LCA,2018,2057066666.66667,3.022748519788321
LCA,2019,2102534000.0,2.210299455535214
LCA,2020,1604444444.44444,-23.68996437420561
LCA,2021,1961111111.11111,22.229916897507195
LCA,2022,2343703703.7037,19.508970727100916
LCN,1960,,
LCN,1961,,
LCN,1962,,
LCN,1963,,
LCN,1964,,
LCN,1965,,
LCN,1966,,
LCN,1967,,
LCN,1968,,
LCN,1969,,
LCN,1970,,
LCN,1971,,
LCN,1972,,
LCN,1973,,
LCN,1974,,
LCN,1975,,
LCN,1976,,
LCN,1977,,
LCN,1978,,
LCN,1979,,
LCN,1980,,
LCN,1981,,
LCN,1982,,
LCN,1983,,
LCN,1984,,
LCN,1985,,
LCN,1986,,
LCN,1987,,
LCN,1988,,
LCN,1989,1007484991031.21,
LCN,1990,1179293266842.22,17.0531846469649
LCN,1991,1254808462964.44,6.4034280738688665
LCN,1992,1361272001640.86,8.484445381002924
LCN,1993,1606771008563.36,18.03452995628931
LCN,1994,1815898071015.49,13.015361948751725
LCN,1995,1941652491765.78,6.925191603951952
LCN,1996,2100974971730.11,8.205509515219124
LCN,1997,2303279560276.55,9.629081320271315
LCN,1998,2331584223993.11,1.2288852905533387
LCN,1999,2107165054124.09,-9.625179633643077
LCN,2000,2326883040769.8,10.427184439855974
LCN,2001,2282895964858.33,-1.8903862008000871
LCN,2002,2053065187772.8,-10.067509891971472
LCN,2003,2092028240998.63,1.8977991277567607
LCN,2004,2405435175136.4,14.981008764402004
LCN,2005,2902949778310.09,20.682935392157397
LCN,2006,3396739151882.85,17.00991788635808
LCN,2007,3998414040764.94,17.713308616841395
LCN,2008,4643116909844.47,16.1239647146745
LCN,2009,4358132853812.8,-6.1377747225670465
LCN,2010,5396773607490.71,23.832241662142863
LCN,2011,6137582602219.08,13.72688662908017
LCN,2012,6209205490292.94,1.1669559941721142
LCN,2013,6360884125593.49,2.442802634534713
LCN,2014,6482208032334.84,1.9073434501533093
LCN,2015,5420470092541.42,-16.37926358575984
LCN,2016,5285689128986.34,-2.4865179819097083
LCN,2017,5866303818641.23,10.98465451686974
LCN,2018,5742577449796.09,-2.109102642314198
LCN,2019,5660897574206.23,-1.4223556635315382
LCN,2020,4809518812031.76,-15.039642583426371
LCN,2021,5995774379433.37,24.664745346956686
LCN,2022,6820032324993.66,13.747314248308772
LDC,1960,,
LDC,1961,,
LDC,1962,,
LDC,1963,,
LDC,1964,,
LDC,1965,,
LDC,1966,,
LDC,1967,,
LDC,1968,,
LDC,1969,,
LDC,1970,,
LDC,1971,,
LDC,1972,,
LDC,1973,,
LDC,1974,,
LDC,1975,,
LDC,1976,,
LDC,1977,,
LDC,1978,,
LDC,1979,,
LDC,1980,112888082931.817,
LDC,1981,116475545979.985,3.1778934985854823
LDC,1982,112681178010.265,-3.257652014245138
LDC,1983,109771652838.394,-2.582086221716595
LDC,1984,113988334151.798,3.841320782162061
LDC,1985,115954318033.586,1.7247237591610842
LDC,1986,126121631945.499,8.76837886189632
LDC,1987,138198740171.696,9.575762729914494
LDC,1988,153404128967.78,11.002552394611588
LDC,1989,165281915664.675,7.742807691564635
LDC,1990,191700221019.705,15.983784583322258
LDC,1991,207486467511.035,8.234860871499649
LDC,1992,161258953884.969,-22.279772835598266
LDC,1993,166794343741.094,3.432609304952816
LDC,1994,163106146450.13,-2.211224438575077
LDC,1995,166675597653.16,2.1884222518379293
LDC,1996,173798483948.877,4.273502777856675
LDC,1997,181955024475.102,4.69310223018069
LDC,1998,187595868002.96,3.100130674671142
LDC,1999,193590683032.321,3.195600784376773
LDC,2000,220650315175.581,13.977755395770885
LDC,2001,213689697965.393,-3.1545920089210533
LDC,2002,233169558376.517,9.115956733805074
LDC,2003,263419418524.096,12.97333166396113
LDC,2004,302219868424.692,14.729532893964215
LDC,2005,356805256784.269,18.061482404879904
LDC,2006,414976972688.4,16.303491834287275
LDC,2007,500118873074.115,20.5172590262368
LDC,2008,613537848135.433,22.678403309228834
LDC,2009,617269504282.989,0.6082193884039411
LDC,2010,705877336753.203,14.3548048065552
LDC,2011,811307983326.852,14.93611440460667
LDC,2012,847933392623.823,4.514365697079015
LDC,2013,917099783543.947,8.157054731161995
LDC,2014,988639082704.282,7.800601466057033
LDC,2015,956013882010.193,-3.3000112239996993
LDC,2016,998887073702.864,4.484578362243274
LDC,2017,1115958334438.37,11.720169758681953
LDC,2018,1092923916582.43,-2.064092999272471
LDC,2019,1153077837159.1,5.503944022450447
LDC,2020,1162717433015.6,0.8359883041590299
LDC,2021,1268104292678.22,9.063841021914554
LDC,2022,1427108929198.74,12.538766522484067
LIC,1960,,
LIC,1961,,
LIC,1962,,
LIC,1963,,
LIC,1964,,
LIC,1965,,
LIC,1966,,
LIC,1967,,
LIC,1968,,
LIC,1969,,
LIC,1970,,
LIC,1971,,
LIC,1972,,
LIC,1973,,
LIC,1974,,
LIC,1975,,
LIC,1976,,
LIC,1977,,
LIC,1978,,
LIC,1979,,
LIC,1980,,
LIC,1981,82997453337.5115,
LIC,1982,82568676267.5191,-0.5166147306336799
LIC,1983,83730930309.2134,1.407621018324967
LIC,1984,87346297180.6967,4.317839128422407
LIC,1985,84825422847.2168,-2.8860689174549314
LIC,1986,99852067987.9936,17.71478954822545
LIC,1987,115125248936.812,15.295808345857065
LIC,1988,103206915766.583,-10.35249285477814
LIC,1989,113735924944.872,10.201844614852984
LIC,1990,141891372925.96,24.755105297411518
LIC,1991,162495729453.093,14.521218663438052
LIC,1992,122483564490.086,-24.62351785962298
LIC,1993,132847515557.597,8.461503476533672
LIC,1994,138938815109.881,4.585181383872472
LIC,1995,136313224589.609,-1.8897458699324243
LIC,1996,141958637066.784,4.141500205993465
LIC,1997,152262649304.644,7.258460950856072
LIC,1998,156049750891.019,2.4872164011791487
LIC,1999,158925256222.562,1.8426849867585915
LIC,2000,186809318473.813,17.54539392543222
LIC,2001,186699196459.145,-0.05894888732942416
LIC,2002,201094326991.966,7.710333416443538
LIC,2003,219463200050.805,9.13445611997441
LIC,2004,257711816447.657,17.428259675425117
LIC,2005,308501631340.846,19.707988400875177
LIC,2006,356636633410.261,15.602835505344004
LIC,2007,429218011000.897,20.35163266784801
LIC,2008,514563539430.923,19.88395785885315
LIC,2009,528452839648.34,2.69923909353893
LIC,2010,594157764345.534,12.43345096620494
LIC,2011,432139521562.733,-27.268556014119326
LIC,2012,410092006489.053,-5.101943694932187
LIC,2013,418152247677.736,1.965471421325593
LIC,2014,450512676609.597,7.738910674659505
LIC,2015,450746097223.418,0.051812218820934675
LIC,2016,446660010134.803,-0.9065163545031729
LIC,2017,494149568958.349,10.632149228943423
LIC,2018,418173076154.147,-15.375201675144224
LIC,2019,445190704320.835,6.460872233851989
LIC,2020,438045256308.089,-1.605030820139619
LIC,2021,465047139999.743,6.164176715262237
LIC,2022,528124562231.918,13.56366200471848
LIE,1960,,
LIE,1961,,
LIE,1962,,
LIE,1963,,
LIE,1964,,
LIE,1965,,
LIE,1966,,
LIE,1967,,
LIE,1968,,
LIE,1969,,
LIE,1970,90099360.8433666,
LIE,1971,104889795.333846,16.415693021609634
LIE,1972,124940289.32382,19.115771869090548
LIE,1973,165928881.55552,32.80654499323741
LIE,1974,193980464.882101,16.905787023698405
LIE,1975,246389101.853613,27.017481890955008
LIE,1976,272489300.467827,10.593081600549414
LIE,1977,303493119.480763,11.377995011072596
LIE,1978,436912067.784287,43.96111138591421
LIE,1979,503173104.391887,15.165760228054538
LIE,1980,534699362.896161,6.26548959574762
LIE,1981,511647750.124475,-4.311135260537546
LIE,1982,522096760.291094,2.042227326139301
LIE,1983,524023624.89055,0.3690627381755185
LIE,1984,502620991.852944,-4.084287810893306
LIE,1985,529073612.453579,5.262935895915466
LIE,1986,779357802.50006,47.306118497535344
LIE,1987,1052848995.97101,35.09186571220977
LIE,1988,1161757671.01756,10.344187577071008
LIE,1989,1119983801.21338,-3.5957472755562714
LIE,1990,1421509216.37424,26.922301450627238
LIE,1991,1484160302.14952,4.407364022238314
LIE,1992,1631177029.45063,9.905717535240942
LIE,1993,1673085244.6879,2.569200919374426
LIE,1994,1948129622.75132,16.43935232449718
LIE,1995,2428525060.69927,24.659315906787207
LIE,1996,2504012993.42238,3.1083859888756615
LIE,1997,2298389802.88883,-8.211746148030674
LIE,1998,2479699106.02264,7.8885358308640185
LIE,1999,2664105901.18863,7.436660146309948
LIE,2000,2483889858.32312,-6.764597562923602
LIE,2001,2491800558.77674,0.3184803233972966
LIE,2002,2688618747.38148,7.898633295971358
LIE,2003,3070803051.42164,14.21489396413602
LIE,2004,3454373797.74442,12.490893746676601
LIE,2005,3659319116.88057,5.932922466872914
LIE,2006,4000102086.14635,9.31274257262058
LIE,2007,4601429897.21468,15.03281161625656
LIE,2008,5081479840.08716,10.43262537071492
LIE,2009,4504375348.07038,-11.357016266483521
LIE,2010,5082337238.44718,12.831121869637062
LIE,2011,5739706004.89616,12.934379117467376
LIE,2012,5456102482.28614,-4.941080995578806
LIE,2013,6391708310.67727,17.147878571355292
LIE,2014,6657526979.72277,4.1588047533623
LIE,2015,6268515276.17441,-5.843186287238433
LIE,2016,6237302033.50132,-0.4979367728706996
LIE,2017,6474308717.85289,3.7998269616987823
LIE,2018,6692620691.84146,3.3719734955884206
LIE,2019,6436467007.11932,-3.827404786803479
LIE,2020,6405870210.32293,-0.4753663269390862
LIE,2021,7710380085.92257,20.364288266369314
LIE,2022,,
LKA,1960,1409873949.57983,
LKA,1961,1444327731.09244,2.443749068693535
LKA,1962,1434156378.60082,-0.7042274597834242
LKA,1963,1240672268.90756,-13.491144520936082
LKA,1964,1309747899.15966,5.567596857220214
LKA,1965,1698319327.73109,29.66765045553721
LKA,1966,1751470588.23529,3.1296387926768032
LKA,1967,1859465020.57613,6.165928966563494
LKA,1968,1801344537.81513,-3.125656149368816
LKA,1969,1965546218.48739,9.115506624369708
LKA,1970,2296470588.23529,16.836254809747842
LKA,1971,2369308600.33727,3.171737207309566
LKA,1972,2553936348.40871,7.792473637463626
LKA,1973,2875625000.0,12.595797533941111
LKA,1974,3574586466.16541,24.306419166804094
LKA,1975,3791298145.50642,6.062566436488659
LKA,1976,3591319857.31272,-5.274665313006876
LKA,1977,4104509582.86359,14.289724834893281
LKA,1978,2733183856.50224,-33.41022109161743
LKA,1979,3364611432.24149,23.102272254282653
LKA,1980,4024621899.57653,19.6162463519701
LKA,1981,4415844155.84416,9.720720754135792
LKA,1982,4768765016.81884,7.9921493721105685
LKA,1983,5167913302.16745,8.370055642097341
LKA,1984,6043474842.76729,16.94226449643854
LKA,1985,5978460972.01767,-1.075769692785733
LKA,1986,6405210563.88294,7.138117884563977
LKA,1987,6682167119.56522,4.323925855676847
LKA,1988,6978371581.26375,4.432760456278495
LKA,1989,6987267683.77254,0.12748106639484114
LKA,1990,8032551173.24014,14.959831750760033
LKA,1991,9000362581.58086,12.048618022688906
LKA,1992,9703011635.86585,7.806897199041218
LKA,1993,10338679635.7616,6.551244332698625
LKA,1994,11717604208.8223,13.337530725790025
LKA,1995,13029697560.9756,11.197624776960913
LKA,1996,13897738375.2488,6.662018133659631
LKA,1997,15091913883.7091,8.592588781114706
LKA,1998,15794972847.1683,4.658514280406245
LKA,1999,15656327859.5696,-0.8777792082343305
LKA,2000,16330814179.9766,4.308074833746756
LKA,2001,15749753804.8344,-3.5580612744626317
LKA,2002,16536535647.0834,4.995518355388495
LKA,2003,18881765437.2151,14.182110692243665
LKA,2004,20662525941.2985,9.431112307822676
LKA,2005,24405791044.7761,18.116202801690772
LKA,2006,28279802405.9138,15.873328399928699
LKA,2007,32350238760.4239,14.393439869505254
LKA,2008,40713826215.0093,25.85324799771527
LKA,2009,42066224093.0065,3.321716487306303
LKA,2010,58636161081.712,39.390121994477376
LKA,2011,67753284043.9282,15.548635507551566
LKA,2012,70447216891.3366,3.9760919126248906
LKA,2013,77000578167.353,9.302512668633645
LKA,2014,82528535713.926,7.17911173934116
LKA,2015,85140955388.8509,3.1654744050960915
LKA,2016,88012282205.8357,3.372439038146835
LKA,2017,94376237797.2367,7.230758516768732
LKA,2018,94493871200.7869,0.12464303122883269
LKA,2019,89014978344.1404,-5.798146257554193
LKA,2020,84440516486.1099,-5.138979914532127
LKA,2021,88548049121.4972,4.864409653466506
LKA,2022,74403578363.4355,-15.973780222593048
LMC,1960,88053021489.1177,
LMC,1961,93212358127.1692,5.859352184398503
LMC,1962,94672762190.6757,1.5667494019559802
LMC,1963,105240694239.806,11.162589750836617
LMC,1964,118195775046.422,12.309953768545068
LMC,1965,127438148871.204,7.819546697969537
LMC,1966,117110879145.822,-8.103750577716962
LMC,1967,125204727481.121,6.911269383624763
LMC,1968,133817854435.888,6.87923461681248
LMC,1969,148467779997.684,10.947661374151508
LMC,1970,164142405816.012,10.557594259557534
LMC,1971,173330985944.351,5.597931919335064
LMC,1972,187947439455.415,8.432683534008568
LMC,1973,229149534328.274,21.922136844345232
LMC,1974,300323775420.46,31.06017269501564
LMC,1975,331387675465.599,10.343470143730315
LMC,1976,365319354343.581,10.239270012171708
LMC,1977,416388468757.855,13.979307093114969
LMC,1978,459139973438.432,10.267216286779203
LMC,1979,537960364564.196,17.166963384932398
LMC,1980,642109243373.647,19.35995394267056
LMC,1981,774657940569.445,20.642701933301268
LMC,1982,795792603863.162,2.728257491065178
LMC,1983,794874058175.631,-0.1154252606862527
LMC,1984,778978246242.938,-1.9997900005916058
LMC,1985,835565991407.662,7.264354998056799
LMC,1986,900871408689.795,7.815710303397383
LMC,1987,884278445847.691,-1.8418791718827432
LMC,1988,895045529550.558,1.2176123655875504
LMC,1989,881105688310.575,-1.5574449321011485
LMC,1990,944173906354.809,7.1578493795858344
LMC,1991,887480485838.619,-6.004552777259786
LMC,1992,918834825591.489,3.532961034432436
LMC,1993,921358929713.119,0.27470705847540966
LMC,1994,1001071230831.28,8.65160129755087
LMC,1995,1177953044123.6,17.66925348013839
LMC,1996,1340432344565.85,13.793359697383778
LMC,1997,1396543994766.32,4.186085961589048
LMC,1998,1413627722439.95,1.2232860359324693
LMC,1999,1312209465423.13,-7.174325701661399
LMC,2000,1377689290058.75,4.990043614302508
LMC,2001,1414796686586.83,2.6934517670887725
LMC,2002,1489796027234.04,5.301068440310286
LMC,2003,1703311379683.16,14.331851377368299
LMC,2004,1987707039182.18,16.696633562791185
LMC,2005,2315096942200.18,16.470732183586833
LMC,2006,2718604742250.14,17.429412682238766
LMC,2007,3355447329844.2,23.425346748529428
LMC,2008,3782293203145.03,12.720982669116987
LMC,2009,3812693386838.1,0.8037500548025323
LMC,2010,4566635008993.32,19.774514907438444
LMC,2011,5212391795444.29,14.140757585820761
LMC,2012,5492168076118.95,5.367522083032772
LMC,2013,5604827492999.41,2.0512740200054225
LMC,2014,5896070873618.92,5.196295175601406
LMC,2015,5746408702559.69,-2.5383373820838995
LMC,2016,6004441275215.17,4.490327542148909
LMC,2017,6457236621675.61,7.541007159641411
LMC,2018,6612134450126.96,2.398825341654498
LMC,2019,6884143285710.07,4.113782586164549
LMC,2020,6618962128022.98,-3.8520574991160683
LMC,2021,7595602780154.06,14.755193234846198
LMC,2022,8171521483867.57,7.582264638934011
LMY,1960,334788507531.188,
LMY,1961,331008086742.744,-1.1291967028144723
LMY,1962,335323505620.256,1.3037200752336497
LMY,1963,368807831018.141,9.98567796073473
LMY,1964,419825224317.028,13.833055864905862
LMY,1965,463017763177.545,10.288219087069539
LMY,1966,470788138849.774,1.678202498950232
LMY,1967,490025918155.417,4.086292265698233
LMY,1968,514848219371.29,5.065507822384263
LMY,1969,573068796269.305,11.308299166133185
LMY,1970,632142542258.42,10.308316623359515
LMY,1971,673625035178.825,6.562205538675303
LMY,1972,752774508802.045,11.74978207307995
LMY,1973,932031459358.823,23.81283484772152
LMY,1974,1165896644821.25,25.091984086386
LMY,1975,1324549346836.2,13.607784422372514
LMY,1976,1410383201470.33,6.480230792393771
LMY,1977,1581185936482.85,12.110377862871413
LMY,1978,1828690327970.61,15.653085812178569
LMY,1979,2204232846343.4,20.536146149443923
LMY,1980,2673344038065.48,21.28228841613935
LMY,1981,2975080980388.84,11.286872846403506
LMY,1982,2868144297952.29,-3.5944124930197163
LMY,1983,2857168858349.12,-0.3826669254753279
LMY,1984,2917883627207.92,2.1249975716829406
LMY,1985,2915982666233.66,-0.06514862198526705
LMY,1986,2982404064652.68,2.2778392748407983
LMY,1987,3157190859069.63,5.860600731085208
LMY,1988,3383504128129.2,7.168184603393324
LMY,1989,3433869712275.74,1.4885628106027449
LMY,1990,3845266120208.29,11.980547964934395
LMY,1991,3729473384348.63,-3.0113061681511843
LMY,1992,3884677750337.55,4.161562504783145
LMY,1993,4323989841633.16,11.308842574070322
LMY,1994,4507204164511.71,4.237158957092979
LMY,1995,5076505594820.9,12.630921731739786
LMY,1996,5584212173624.39,10.001103501618447
LMY,1997,5915240605398.0,5.9279343528016115
LMY,1998,5764015339860.07,-2.55653616862056
LMY,1999,5485713212352.9,-4.828268335488605
LMY,2000,6011297746425.2,9.580969943685202
LMY,2001,6069515357132.67,0.9684699238544647
LMY,2002,6221839794629.09,2.509663927572303
LMY,2003,7004472564916.49,12.578799778210236
LMY,2004,8304623323877.7,18.56172248390713
LMY,2005,9876738756443.15,18.930604932378525
LMY,2006,11711654285112.6,18.57815189727916
LMY,2007,14457806825801.1,23.44803282128387
LMY,2008,17286652530770.9,19.56621594861472
LMY,2009,16888677826388.2,-2.3022080398405143
LMY,2010,20548129220173.3,21.66807509387909
LMY,2011,24226805704811.8,17.90273189944187
LMY,2012,25783904736644.5,6.427174307686112
LMY,2013,27290219800329.3,5.842075042823147
LMY,2014,28219109566497.1,3.4037460048474744
LMY,2015,26754191796209.3,-5.191226062026466
LMY,2016,26958491510286.9,0.7636175879794038
LMY,2017,29635037484743.9,9.928396673959572
LMY,2018,31407572198491.9,5.981212997150753
LMY,2019,32161964423639.4,2.401943774513482
LMY,2020,31016572707353.3,-3.5613238706408756
LMY,2021,36996526502155.5,19.279866448250395
LMY,2022,39309792048295.1,6.252656032465165
LSO,1960,34579986.1680055,
LSO,1961,35699985.7200057,3.2388663967611864
LSO,1962,41859983.2560067,17.254901960784363
LSO,1963,47039981.1840075,12.374581939799256
LSO,1964,51939979.2240083,10.416666666666696
LSO,1965,54879978.0480088,5.660377358490631
LSO,1966,56699977.3200091,3.316326530612246
LSO,1967,59261976.2952095,4.5185185185184995
LSO,1968,61445975.4216098,3.6853295535080655
LSO,1969,65967973.6128106,7.359307359307499
LSO,1970,68739972.504011,4.2020373514430664
LSO,1971,76480285.0044113,11.260278726396988
LSO,1972,80913200.4292822,5.796154426745703
LSO,1973,121188715.759865,49.77619858923197
LSO,1974,150851316.52727,24.47637189767844
LSO,1975,149558895.914581,-0.8567512981932479
LSO,1976,147660036.915009,-1.2696396212075078
LSO,1977,193315048.328762,30.919003115264942
LSO,1978,266570066.642517,37.89411064842378
LSO,1979,290134592.523007,8.839899459563515
LSO,1980,431542536.663782,48.73873980730572
LSO,1981,434188034.188034,0.6130328529614149
LSO,1982,348741683.673845,-19.679572854645897
LSO,1983,386699308.859169,10.88416640805785
LSO,1984,333163670.280225,-13.844255045834863
LSO,1985,268629925.852805,-19.36998243930391
LSO,1986,318858422.989262,18.69802739847366
LSO,1987,402768324.481971,26.315723670105086
LSO,1988,470395800.600668,16.79066401402778
LSO,1989,495409232.627579,5.317528769383206
LSO,1990,596410263.743849,20.387393787672316
LSO,1991,704325366.718393,18.09410560729252
LSO,1992,831029861.704746,17.989483408314143
LSO,1993,835582062.476169,0.5477782425392874
LSO,1994,878250945.280469,5.106486211283023
LSO,1995,1001894000.27846,14.078328712587474
LSO,1996,946112492.844847,-5.567605696621547
LSO,1997,998004258.715675,5.4847352997946075
LSO,1998,928460893.108965,-6.96824337164702
LSO,1999,912773681.050642,-1.6895931939356235
LSO,2000,887291687.920796,-2.791709890289029
LSO,2001,825706961.238689,-6.9407532517767105
LSO,2002,775777238.55814,-6.046905866658381
LSO,2003,1157825434.78971,49.247152048653156
LSO,2004,1511236655.52047,30.523705051871495
LSO,2005,1682343527.49221,11.322308213389043
LSO,2006,1800092563.75462,6.9991077528578804
LSO,2007,1682131784.51365,-6.553039638968805
LSO,2008,1766902709.19935,5.039493663108541
LSO,2009,1740894964.80511,-1.4719398107678083
LSO,2010,2234754241.91918,28.368125998305516
LSO,2011,2579409619.96722,15.42251812673836
LSO,2012,2477702216.26888,-3.9430497161452194
LSO,2013,2367112931.642,-4.463380784855319
LSO,2014,2441063054.05792,3.124063977996294
LSO,2015,2359686724.53829,-3.3336430775253167
LSO,2016,2131522791.45927,-9.669246799007347
LSO,2017,2306185472.14868,8.194267562573598
LSO,2018,2556247291.99785,10.843092321459569
LSO,2019,2361966946.29803,-7.600217174136514
LSO,2020,2067813018.99465,-12.453769844849639
LSO,2021,2348771013.21241,13.587205015004656
LSO,2022,2236502124.16956,-4.77989929249425
LTE,1960,228240330055.213,
LTE,1961,208214091430.383,-8.774189302997204
LTE,1962,207599833190.881,-0.29501280882680003
LTE,1963,220125404425.669,6.0335170034896635
LTE,1964,254422246967.641,15.580592631484835
LTE,1965,289200342493.244,13.66943965793459
LTE,1966,313491320968.049,8.399360203168648
LTE,1967,307948783972.162,-1.7680033306095688
LTE,1968,307287943447.573,-0.2145942958647118
LTE,1969,344335059160.984,12.056156612513401
LTE,1970,391863938743.965,13.803090425584653
LTE,1971,430754643822.469,9.9245429939687
LTE,1972,488800984784.887,13.475499752555486
LTE,1973,608091981822.53,24.404819292690448
LTE,1974,685078858340.867,12.660399876939232
LTE,1975,731182805130.426,6.729728443410776
LTE,1976,753411388600.542,3.040085641257795
LTE,1977,877224021136.855,16.433602466017195
LTE,1978,1043277948571.43,18.929477925077155
LTE,1979,1291566363804.98,23.79887503359326
LTE,1980,1559377035531.98,20.73533960252918
LTE,1981,1546362840395.76,-0.8345765545906048
LTE,1982,1495293489123.03,-3.3025464618420264
LTE,1983,1539955400739.06,2.986832480774293
LTE,1984,1573794504890.01,2.197408063552353
LTE,1985,1541609775020.71,-2.0450401732435397
LTE,1986,1562632574297.39,1.3636913580414634
LTE,1987,1751793679026.95,12.105283599032424
LTE,1988,1997489766931.68,14.02540098450431
LTE,1989,2020860832182.58,1.1700217762216747
LTE,1990,2067772431705.91,2.3213671508821365
LTE,1991,2069385443007.51,0.07800719638522136
LTE,1992,2143026607333.85,3.5586006741844534
LTE,1993,2343070499930.97,9.334643438981649
LTE,1994,2456571995868.34,4.844134905062125
LTE,1995,3018342023042.33,22.86804653471668
LTE,1996,3329650189927.68,10.313879756130738
LTE,1997,3486564446042.57,4.712634876467248
LTE,1998,3361126443519.78,-3.5977537333396703
LTE,1999,3106290269743.56,-7.581868104591583
LTE,2000,3410250640092.45,9.78531766041244
LTE,2001,3525028856374.44,3.365682713540319
LTE,2002,3736730866871.46,6.005681630497617
LTE,2003,4257868823042.88,13.946360461537255
LTE,2004,5117204587611.5,20.18229777108298
LTE,2005,6172817777582.86,20.628707957601456
LTE,2006,7448573743883.22,20.66731940368274
LTE,2007,9382447414567.94,25.963006304029946
LTE,2008,11663554908026.1,24.312499635397167
LTE,2009,11269257737507.1,-3.3805917117745166
LTE,2010,13564016675239.3,20.3629998637322
LTE,2011,16529962129866.8,21.866276971199426
LTE,2012,17680182524814.2,6.958397036307473
LTE,2013,19041962899425.5,7.702298167454091
LTE,2014,19775920760292.7,3.8544233320050303
LTE,2015,18550504676426.9,-6.196505835148091
LTE,2016,18593071060820.1,0.2294621366678795
LTE,2017,20630645625899.3,10.958784368725617
LTE,2018,22622945177203.9,9.656990805966359
LTE,2019,23047304219392.9,1.8757904369436806
LTE,2020,22529291712189.9,-2.2476056300203773
LTE,2021,26841170398812.4,19.138989106743544
LTE,2022,28075737913541.5,4.599529366214683
LTU,1960,,
LTU,1961,,
LTU,1962,,
LTU,1963,,
LTU,1964,,
LTU,1965,,
LTU,1966,,
LTU,1967,,
LTU,1968,,
LTU,1969,,
LTU,1970,,
LTU,1971,,
LTU,1972,,
LTU,1973,,
LTU,1974,,
LTU,1975,,
LTU,1976,,
LTU,1977,,
LTU,1978,,
LTU,1979,,
LTU,1980,,
LTU,1981,,
LTU,1982,,
LTU,1983,,
LTU,1984,,
LTU,1985,,
LTU,1986,,
LTU,1987,,
LTU,1988,,
LTU,1989,,
LTU,1990,,
LTU,1991,,
LTU,1992,,
LTU,1993,,
LTU,1994,,
LTU,1995,7867140395.33705,
LTU,1996,8382519637.46224,6.551036542206123
LTU,1997,10118631851.5322,20.711102259887546
LTU,1998,11239547690.9797,11.077741100717752
LTU,1999,10971583944.7561,-2.38411503372733
LTU,2000,11524776866.6379,5.042051582225726
LTU,2001,12237388001.7264,6.183296590768528
LTU,2002,14259781159.0119,16.52634661089596
LTU,2003,18781721376.1985,31.711147364479885
LTU,2004,22627507451.5648,20.476217266431963
LTU,2005,26097677571.8373,15.336068843201378
LTU,2006,30183575103.5262,15.656172931257695
LTU,2007,39697891351.9431,31.52150206124982
LTU,2008,47797551587.8823,20.403250550845044
LTU,2009,37388122046.1496,-21.77816477187864
LTU,2010,37128694028.243,-0.6938781722879206
LTU,2011,43535051482.3869,17.254464833238494
LTU,2012,42927454291.478,-1.395650562523676
LTU,2013,46523420074.4372,8.376843775879529
LTU,2014,48533659592.1728,4.320919473502216
LTU,2015,41435533340.3883,-14.625161818477917
LTU,2016,43047309305.7363,3.889840036828862
LTU,2017,47758736931.7801,10.944766820573326
LTU,2018,53751411409.4447,12.547807715737335
LTU,2019,54808531641.4117,1.966683672572822
LTU,2020,56964942999.3651,3.934444681097937
LTU,2021,66798933785.7702,17.263232908904524
LTU,2022,70974490450.4944,6.250933103386891
LUX,1960,703925705.942958,
LUX,1961,704145671.350213,0.031248383941373525
LUX,1962,741509480.796284,5.306261327208772
LUX,1963,791140595.772755,6.693254268734883
LUX,1964,903158753.943622,14.15907093750537
LUX,1965,921600736.304026,2.0419424912704986
LUX,1966,968440149.470951,5.0823975417781275
LUX,1967,974721762.535327,0.648632036559782
LUX,1968,1066447130.82052,9.410415547366902
LUX,1969,1234878980.502,15.793736493237054
LUX,1970,1457768455.02219,18.04949942783718
LUX,1971,1518773421.37846,4.184818662120193
LUX,1972,1901697369.62698,25.212710655745685
LUX,1973,2609875802.11136,37.23928127551073
LUX,1974,3183637116.81856,21.984238263101787
LUX,1975,3123333333.33333,-1.89417893033903
LUX,1976,3423586206.89655,9.61321900415859
LUX,1977,3789321328.08104,10.682807415444785
LUX,1978,4718539771.99949,24.522028180413447
LUX,1979,5516982663.73143,16.92139793904075
LUX,1980,6019805490.41247,9.114091113365097
LUX,1981,5053665797.47936,-16.049350672074812
LUX,1982,4602316793.21914,-8.931120939681868
LUX,1983,4524217751.47929,-1.6969505848645206
LUX,1984,4438435492.87908,-1.8960682998107603
LUX,1985,4577211767.10374,3.126693503765221
LUX,1986,6685595087.59256,46.06261251973738
LUX,1987,8320902215.01891,24.460158086169926
LUX,1988,9418167855.18376,13.186858970465076
LUX,1989,10037674037.674,6.577778098839726
LUX,1990,12778792853.6939,27.308306742496
LUX,1991,13834219728.293,8.259206379529127
LUX,1992,15518702634.8808,12.176204655350297
LUX,1993,15925521222.0149,2.6214729201635034
LUX,1994,17701798890.7644,11.153654841098914
LUX,1995,20853093869.7318,17.802117165682695
LUX,1996,20895314657.9805,0.20246774177707927
LUX,1997,19563836265.2233,-6.372138513112413
LUX,1998,20150053345.1878,2.99643215173786
LUX,1999,21899317598.8414,8.681189194327143
LUX,2000,21230182989.3036,-3.0555043850918895
LUX,2001,21387533703.2327,0.7411651327187352
LUX,2002,23649833332.1655,10.577655471284464
LUX,2003,29667268248.1305,25.443878743030513
LUX,2004,35064843792.8993,18.193705937549296
LUX,2005,37672280120.4794,7.436041474989019
LUX,2006,42910146296.0646,13.903767329277716
LUX,2007,51587401415.7872,20.22191921661758
LUX,2008,58844277701.5258,14.067148347421487
LUX,2009,54467289897.5582,-7.438255638328806
LUX,2010,56213985987.4168,3.206871671316458
LUX,2011,61696281326.2453,9.75254688407201
LUX,2012,59776383527.3602,-3.1118533526077963
LUX,2013,65203276466.9763,9.07865718763694
LUX,2014,68804811897.6445,5.523549775128678
LUX,2015,60071584216.1375,-12.692757149745193
LUX,2016,62216885435.9488,3.5712412912110247
LUX,2017,65712180342.9836,5.617920091215667
LUX,2018,71000359760.4611,8.04748737581975
LUX,2019,69890505323.5842,-1.5631673425617887
LUX,2020,73699366700.2134,5.449755097626863
LUX,2021,85584105993.8746,16.125972075180385
LUX,2022,81641807865.7591,-4.60634376247111
LVA,1960,,
LVA,1961,,
LVA,1962,,
LVA,1963,,
LVA,1964,,
LVA,1965,,
LVA,1966,,
LVA,1967,,
LVA,1968,,
LVA,1969,,
LVA,1970,,
LVA,1971,,
LVA,1972,,
LVA,1973,,
LVA,1974,,
LVA,1975,,
LVA,1976,,
LVA,1977,,
LVA,1978,,
LVA,1979,,
LVA,1980,,
LVA,1981,,
LVA,1982,,
LVA,1983,,
LVA,1984,,
LVA,1985,,
LVA,1986,,
LVA,1987,,
LVA,1988,,
LVA,1989,,
LVA,1990,,
LVA,1991,,
LVA,1992,,
LVA,1993,,
LVA,1994,,
LVA,1995,5789128636.62293,
LVA,1996,5975248851.45482,3.2149953216528138
LVA,1997,6527926445.6811,9.249448984735054
LVA,1998,7166275467.65161,9.778741033346726
LVA,1999,7533788133.55753,5.128363646706902
LVA,2000,7958852838.93395,5.64211121737106
LVA,2001,8362398701.58943,5.070402366046678
LVA,2002,9557031605.27512,14.28576831021735
LVA,2003,11771975156.8073,23.176061804688565
LVA,2004,14435700533.368,22.62768431872171
LVA,2005,17003459863.0989,17.78756301985862
LVA,2006,21570076498.6205,26.856984827141694
LVA,2007,31054350977.9784,43.96959129915214
LVA,2008,35854274228.9139,15.456524125521987
LVA,2009,26410909090.9091,-26.338185170652274
LVA,2010,23956163076.5575,-9.294439679838773
LVA,2011,27474380566.265,14.686064201784799
LVA,2012,28169902669.3784,2.531529697042245
LVA,2013,30204783461.8488,7.223598946553622
LVA,2014,31386896487.0407,3.9136616446365347
LVA,2015,27263090547.0617,-13.138622806118072
LVA,2016,28083597512.4841,3.00958896793464
LVA,2017,30483806017.8318,8.546656119397532
LVA,2018,34429023435.0211,12.94201063634086
LVA,2019,34225547537.0745,-0.591001073064501
LVA,2020,34390910338.9604,0.4831560450764938
LVA,2021,39443126174.4335,14.690555689506123
LVA,2022,40932030049.5644,3.7748120383418904
MAC,1960,,
MAC,1961,,
MAC,1962,,
MAC,1963,,
MAC,1964,,
MAC,1965,,
MAC,1966,,
MAC,1967,,
MAC,1968,,
MAC,1969,,
MAC,1970,,
MAC,1971,,
MAC,1972,,
MAC,1973,,
MAC,1974,,
MAC,1975,,
MAC,1976,,
MAC,1977,,
MAC,1978,,
MAC,1979,,
MAC,1980,,
MAC,1981,,
MAC,1982,1142497718.77916,
MAC,1983,1133013235.10045,-0.830153401868039
MAC,1984,1304361353.27024,15.123223000532615
MAC,1985,1362072159.94515,4.424449293151755
MAC,1986,1532105070.18581,12.483399576092014
MAC,1987,1957724829.35921,27.780063355692807
MAC,1988,2288761822.51257,16.909270812165822
MAC,1989,2705665492.01675,18.215249197337148
MAC,1990,3246481233.24397,19.988270642580687
MAC,1991,3765249711.09098,15.979407875050079
MAC,1992,4914365189.04984,30.518971280284735
MAC,1993,5665606114.80317,15.286632084795837
MAC,1994,6311207779.92441,11.39510322530899
MAC,1995,7046147736.91671,11.644997005646074
MAC,1996,7176892950.39164,1.8555559485351036
MAC,1997,7267570892.70211,1.2634707377866317
MAC,1998,6797792190.19681,-6.4640401785008965
MAC,1999,6547670439.26,-3.6794556811771018
MAC,2000,6774193548.3871,3.4595985126077977
MAC,2001,6860272608.45211,1.270690886673953
MAC,2002,7371692774.43404,7.454808214936559
MAC,2003,8246479565.94248,11.86683735033438
MAC,2004,10643253553.184,29.06420816393056
MAC,2005,12160056122.3757,14.25130540780868
MAC,2006,14874098691.9082,22.319326014773843
MAC,2007,18439981612.4086,23.973774776957146
MAC,2008,21027018332.6663,14.029497288201398
MAC,2009,21587786905.8499,2.6668953453682143
MAC,2010,28241798491.593,30.82303718654913
MAC,2011,36845888757.1886,30.46580148979132
MAC,2012,43189721376.9846,17.2172061355375
MAC,2013,51536595089.2793,19.326065198333687
MAC,2014,54902831793.5018,6.531740597901381
MAC,2015,45048190598.3249,-17.949240272781854
MAC,2016,45070808688.9611,0.050208655077566
MAC,2017,50383871120.8733,11.788256271544316
MAC,2018,55190661339.7796,9.540335254062926
MAC,2019,55082293844.1008,-0.19635114537157605
MAC,2020,25343525935.8358,-53.98970491758117
MAC,2021,30969334705.0515,22.19820866070097
MAC,2022,24042287326.5729,-22.36744006434439
MAF,1960,,
MAF,1961,,
MAF,1962,,
MAF,1963,,
MAF,1964,,
MAF,1965,,
MAF,1966,,
MAF,1967,,
MAF,1968,,
MAF,1969,,
MAF,1970,,
MAF,1971,,
MAF,1972,,
MAF,1973,,
MAF,1974,,
MAF,1975,,
MAF,1976,,
MAF,1977,,
MAF,1978,,
MAF,1979,,
MAF,1980,,
MAF,1981,,
MAF,1982,,
MAF,1983,,
MAF,1984,,
MAF,1985,,
MAF,1986,,
MAF,1987,,
MAF,1988,,
MAF,1989,,
MAF,1990,,
MAF,1991,,
MAF,1992,,
MAF,1993,,
MAF,1994,,
MAF,1995,,
MAF,1996,,
MAF,1997,,
MAF,1998,,
MAF,1999,,
MAF,2000,,
MAF,2001,,
MAF,2002,,
MAF,2003,,
MAF,2004,,
MAF,2005,,
MAF,2006,,
MAF,2007,,
MAF,2008,,
MAF,2009,,
MAF,2010,,
MAF,2011,775875748.523832,
MAF,2012,,
MAF,2013,,
MAF,2014,772921958.529509,
MAF,2015,,
MAF,2016,,
MAF,2017,,
MAF,2018,,
MAF,2019,652206037.103874,
MAF,2020,,
MAF,2021,649206262.847519,
MAF,2022,,
MAR,1960,2037154741.93211,
MAR,1961,2025693539.55842,-0.5626083349377753
MAR,1962,2379611124.61442,17.471427841604825
MAR,1963,2657252578.30763,11.667513688321574
MAR,1964,2798345298.57781,5.30972183156333
MAR,1965,2948331090.46752,5.359802879435116
MAR,1966,2876401297.10759,-2.439678284182256
MAR,1967,3046345314.38655,5.9082165430063505
MAR,1968,3271422332.61996,7.388427607680259
MAR,1969,3651622668.95103,11.62186650558754
MAR,1970,3956336244.11865,8.34460739217484
MAR,1971,4356669034.34266,10.118775693525306
MAR,1972,5074117544.77482,16.46782220032488
MAR,1973,6242145880.08876,23.019339323676924
MAR,1974,7675466449.35531,22.961984497007126
MAR,1975,8984853005.08058,17.059374363303338
MAR,1976,9584297284.28316,6.671720492963185
MAR,1977,11049783871.8144,15.290495944177596
MAR,1978,13236946233.5759,19.793711688248283
MAR,1979,15911994817.3107,20.208955574280886
MAR,1980,21728516153.0907,36.55431894341865
MAR,1981,17788185478.944,-18.13437533600848
MAR,1982,17692276734.171,-0.5391710407254724
MAR,1983,16251408127.5735,-8.144054200862671
MAR,1984,14824667954.3674,-8.779178776424757
MAR,1985,14991283215.7408,1.1239055194104175
MAR,1986,19462085540.2231,29.82267935401266
MAR,1987,21765195948.189,11.83383149357744
MAR,1988,25705296183.5037,18.102755631945232
MAR,1989,26314313191.1826,2.3692277394171013
MAR,1990,30179954774.9899,14.690262123590593
MAR,1991,32285573573.9185,6.976878575953083
MAR,1992,33711069430.78,4.415271897207584
MAR,1993,31655473663.8348,-6.0976877970781
MAR,1994,35604137422.5796,12.473873557153548
MAR,1995,39030285468.3841,9.622892994541953
MAR,1996,43161571527.6353,10.584821529418953
MAR,1997,39147844526.0838,-9.299306905406834
MAR,1998,46497608724.9865,18.774377715752987
MAR,1999,46266428648.1433,-0.4971870235532583
MAR,2000,43017455401.8445,-7.02231259518058
MAR,2001,43831480207.6444,1.8923127790701377
MAR,2002,47077192187.6418,7.404979171639603
MAR,2003,58029363354.2757,23.264282888793343
MAR,2004,66114145451.0067,13.932226082461918
MAR,2005,68852658068.6673,4.142097880838458
MAR,2006,75883823300.8545,10.211900933693773
MAR,2007,86947913286.728,14.580301182253287
MAR,2008,101822906949.063,17.10793634952661
MAR,2009,101154952240.881,-0.6559965023549719
MAR,2010,100865329473.44,-0.28631595490383743
MAR,2011,110080631332.375,9.136243253299025
MAR,2012,106937392311.129,-2.85539697874313
MAR,2013,115739287305.08,8.230886132272918
MAR,2014,119130841411.664,2.9303395463669224
MAR,2015,110413823841.592,-7.317179553823361
MAR,2016,111572947004.917,1.0497989499829163
MAR,2017,118540573367.844,6.2449066283244425
MAR,2018,127341147581.818,7.424102958119572
MAR,2019,128920266409.458,1.2400695750172996
MAR,2020,121353645057.144,-5.8692256563308565
MAR,2021,141817797083.468,16.863236383783665
MAR,2022,130912558829.84,-7.689611937216611
MCO,1960,,
MCO,1961,,
MCO,1962,,
MCO,1963,,
MCO,1964,,
MCO,1965,,
MCO,1966,,
MCO,1967,,
MCO,1968,,
MCO,1969,,
MCO,1970,293127333.238065,
MCO,1971,327706210.435217,11.796537980669509
MCO,1972,402451900.821288,22.808750034612824
MCO,1973,523554039.203208,30.091083713304755
MCO,1974,563949254.114034,7.715576976982752
MCO,1975,711978961.893674,26.24876382046024
MCO,1976,735324244.667397,3.2789287357074093
MCO,1977,811191392.224277,10.317509331029374
MCO,1978,1000555218.03209,23.34391459561469
MCO,1979,1209870147.49099,20.919877852477175
MCO,1980,1378175524.11186,13.911028135531666
MCO,1981,1205188647.93163,-12.551875516125444
MCO,1982,1143216456.56796,-5.142115424836424
MCO,1983,1092560364.51959,-4.431014945362522
MCO,1984,1037329604.35108,-5.055167838968377
MCO,1985,1082867507.33142,4.389916453683695
MCO,1986,1515234743.47367,39.9279905634772
MCO,1987,1839081463.27676,21.37270948926848
MCO,1988,2000704744.91538,8.78826114372604
MCO,1989,2010083833.1726,0.4687892244498393
MCO,1990,2481307077.10989,23.442964724189565
MCO,1991,2480540845.33242,-0.03088016733352461
MCO,1992,2737049230.70442,10.34082489932253
MCO,1993,2574494355.73357,-5.939055576615038
MCO,1994,2720332134.53623,5.664715421801936
MCO,1995,3130309995.30848,15.070875190839295
MCO,1996,3137886994.52207,0.24205267928563146
MCO,1997,2840195190.36905,-9.487014818338324
MCO,1998,2934593467.68589,3.3236545726483824
MCO,1999,2907118641.17756,-0.9362396124324546
MCO,2000,2654462665.26893,-8.690941344116897
MCO,2001,2673723033.71239,0.7255844542650047
MCO,2002,2919647981.81473,9.197846785232656
MCO,2003,3597089750.78276,23.202857782428985
MCO,2004,4043551488.82603,12.41174863502128
MCO,2005,4204652898.73103,3.98415626337858
MCO,2006,4586826512.71356,9.089302332134741
MCO,2007,5875790766.2621,28.10143897912525
MCO,2008,6502942244.93068,10.673482151025325
MCO,2009,5474379252.34114,-15.816886477676306
MCO,2010,5367561569.59548,-1.9512291315947672
MCO,2011,6088689808.38347,13.434931848249597
MCO,2012,5742749294.00852,-5.68169056499851
MCO,2013,6555591709.88585,14.15423822741797
MCO,2014,7069353073.08882,7.836994522221641
MCO,2015,6261649890.82388,-11.425418619132987
MCO,2016,6465645584.94877,3.257858514635803
MCO,2017,6431271365.08338,-0.5316440471993866
MCO,2018,7182444409.54069,11.680008536656917
MCO,2019,7383944044.17,2.805446490635566
MCO,2020,6739645416.47916,-8.725670506665695
MCO,2021,8626081320.50612,27.990135792818126
MCO,2022,8784002931.68665,1.830745680603707
MDA,1960,,
MDA,1961,,
MDA,1962,,
MDA,1963,,
MDA,1964,,
MDA,1965,,
MDA,1966,,
MDA,1967,,
MDA,1968,,
MDA,1969,,
MDA,1970,,
MDA,1971,,
MDA,1972,,
MDA,1973,,
MDA,1974,,
MDA,1975,,
MDA,1976,,
MDA,1977,,
MDA,1978,,
MDA,1979,,
MDA,1980,,
MDA,1981,,
MDA,1982,,
MDA,1983,,
MDA,1984,,
MDA,1985,,
MDA,1986,,
MDA,1987,,
MDA,1988,,
MDA,1989,,
MDA,1990,,
MDA,1991,,
MDA,1992,,
MDA,1993,,
MDA,1994,,
MDA,1995,1752979926.41489,
MDA,1996,1695122173.91304,-3.3005370814586543
MDA,1997,1930081168.83117,13.860888526739522
MDA,1998,1698717504.65549,-11.987250480029854
MDA,1999,1170782957.37443,-31.078419209445208
MDA,2000,1288429391.79951,10.048526388606739
MDA,2001,1480673594.05602,14.920817817420984
MDA,2002,1661818168.4226,12.233930225659616
MDA,2003,1980907434.76826,19.201214212776364
MDA,2004,2598249555.89984,31.164612252757816
MDA,2005,2988342907.03096,15.013698366476614
MDA,2006,3408255450.5509,14.051685384966085
MDA,2007,4401173151.93767,29.13272540138614
MDA,2008,6054824248.24221,37.572961554046124
MDA,2009,5439434271.78807,-10.163630705429572
MDA,2010,6974982369.60155,28.229922839176247
MDA,2011,8414352020.49442,20.636176188286125
MDA,2012,8709138634.82921,3.503378675111213
MDA,2013,9496717875.51932,9.043135879597287
MDA,2014,9399833207.49341,-1.0201910733355524
MDA,2015,7798692878.40136,-17.033710000467295
MDA,2016,7982450758.03213,2.356265113858913
MDA,2017,9519053158.46404,19.249757336564155
MDA,2018,11253727815.4762,18.223184891763534
MDA,2019,11735774634.4239,4.283441245884645
MDA,2020,11531967881.0624,-1.7366280429728542
MDA,2021,13692230147.0588,18.732815494083567
MDA,2022,14508333280.4233,5.960337538876415
MDG,1960,673081724.751168,
MDG,1961,699161944.558097,3.87474787204638
MDG,1962,739286907.592778,5.739008443893745
MDG,1963,759345863.732667,2.713284373614
MDG,1964,802482183.728778,5.6807210069030445
MDG,1965,833563472.9981,3.8731438403904583
MDG,1966,900264584.590829,8.001923519132049
MDG,1967,956436932.101291,6.2395376283731485
MDG,1968,1031669637.39553,7.865934780346984
MDG,1969,1056391055.59617,2.3962533455040624
MDG,1970,1111859570.88252,5.250755862851042
MDG,1971,1199507631.07603,7.8830153095629685
MDG,1972,1341590690.41365,11.845115083608349
MDG,1973,1653062335.00286,23.21659257289379
MDG,1974,1917508190.04689,15.99733110146584
MDG,1975,2283049215.35339,19.063335802365543
MDG,1976,2181844178.5534,-4.432888967937765
MDG,1977,2358930406.0689,8.116355386703699
MDG,1978,2669755115.10935,13.176510347265058
MDG,1979,3463565853.81023,29.73346634709475
MDG,1980,5201818347.79882,50.186789203859306
MDG,1981,4759333998.36746,-8.506339895905812
MDG,1982,4784977325.95803,0.5388007565631181
MDG,1983,4686457031.2269,-2.058950085231681
MDG,1984,3905938480.86119,-16.654768093784757
MDG,1985,3802557894.8719,-2.646754077050806
MDG,1986,4347989788.09257,14.343815618329847
MDG,1987,3212900555.8091,-26.10606941607895
MDG,1988,3189456965.0482,-0.7296705999353947
MDG,1989,3175638332.64471,-0.43325972273405844
MDG,1990,3931334875.01376,23.79668158683854
MDG,1991,3254713056.02171,-17.210994242500956
MDG,1992,3714966678.33381,14.141142840858478
MDG,1993,4063298919.2868,9.376456671455792
MDG,1994,3522227092.22839,-13.316072428000936
MDG,1995,3838100903.74974,8.968013794973896
MDG,1996,4931861038.70763,28.497430432048066
MDG,1997,4262965419.74998,-13.56274261800634
MDG,1998,4401967632.73718,3.260692951981592
MDG,1999,4277903780.29131,-2.8183726641516915
MDG,2000,4629247203.84524,8.2129809738265
MDG,2001,5438332601.90798,17.477688324587227
MDG,2002,5351701663.40807,-1.5929687432048034
MDG,2003,6372498889.66585,19.074255077360135
MDG,2004,5064732626.29389,-20.5220320319355
MDG,2005,5859269752.61332,15.68764207205211
MDG,2006,6395712490.94304,9.155453853109563
MDG,2007,8524620889.57747,33.286493125655255
MDG,2008,10725137723.6549,25.81366212740166
MDG,2009,9616879409.43789,-10.333278161759019
MDG,2010,9982711338.07029,3.8040606838989577
MDG,2011,11551819617.874,15.718257562148729
MDG,2012,11578975061.9479,0.23507503555442177
MDG,2013,12423555455.3853,7.294085952503271
MDG,2014,12522957399.2281,0.8001086661524992
MDG,2015,11323020701.3017,-9.581895551288566
MDG,2016,11848613858.442,4.641810440917737
MDG,2017,13176313593.5509,11.205527929015346
MDG,2018,13760033282.2925,4.430068278181376
MDG,2019,14104664678.5063,2.5045825772623598
MDG,2020,13051441203.9474,-7.467199671636848
MDG,2021,14554754116.5427,11.518367122097018
MDG,2022,15297192798.9771,5.1010046373133555
MDV,1960,,
MDV,1961,,
MDV,1962,,
MDV,1963,,
MDV,1964,,
MDV,1965,,
MDV,1966,,
MDV,1967,,
MDV,1968,,
MDV,1969,,
MDV,1970,,
MDV,1971,,
MDV,1972,,
MDV,1973,,
MDV,1974,,
MDV,1975,,
MDV,1976,,
MDV,1977,,
MDV,1978,,
MDV,1979,,
MDV,1980,42463576.1589404,
MDV,1981,44781456.9536424,5.458515283842824
MDV,1982,47911340.1834794,6.989239392271318
MDV,1983,57829787.2340426,20.701668983960598
MDV,1984,109503546.099291,89.35491783173926
MDV,1985,127190757.959989,16.152181815792833
MDV,1986,141882254.230178,11.550757701129966
MDV,1987,141223029.383064,-0.4646281176534761
MDV,1988,168514513.375071,19.325094576451484
MDV,1989,189514434.244,12.461787681271375
MDV,1990,215043969.849246,13.47102436133003
MDV,1991,244396761.92334,13.649669923165675
MDV,1992,284875809.039634,16.56284101218619
MDV,1993,322417837.161971,13.178384029482082
MDV,1994,356014932.136461,10.420358647096828
MDV,1995,398988954.970263,12.070848426472747
MDV,1996,450382327.952421,12.88090117331404
MDV,1997,508223602.378929,12.8427051499717
MDV,1998,540096397.621071,6.271411853552156
MDV,1999,589239753.610875,9.098997180181678
MDV,2000,624337145.284622,5.956385572879164
MDV,2001,870031676.798793,39.352861409866
MDV,2002,897031250.0,3.1032862275256035
MDV,2003,1052121055.97237,17.289231113450064
MDV,2004,1226829564.81545,16.605361887906934
MDV,2005,1163362434.32768,-5.173263858971078
MDV,2006,1575200390.9349,35.400657994017614
MDV,2007,1868383459.84347,18.61242992293586
MDV,2008,2271646188.14474,21.583509861249507
MDV,2009,2345294878.6681,3.2420845687905597
MDV,2010,2588176058.41146,10.356104127993193
MDV,2011,2774350237.79742,7.193257923119334
MDV,2012,2886163995.99666,4.030268301236917
MDV,2013,3295009236.55661,14.165696790863258
MDV,2014,3697353036.58648,12.210703252848297
MDV,2015,4129505319.81871,11.688153091034215
MDV,2016,4409942623.38674,6.7910628961325825
MDV,2017,4816426259.51373,9.217435936044449
MDV,2018,5404344159.49959,12.206517204007117
MDV,2019,5726094797.67486,5.953555670759925
MDV,2020,3712604580.32081,-35.16341046556981
MDV,2021,5254366310.44801,41.52776566347865
MDV,2022,6170638746.965,17.438305256621224
MEA,1960,,
MEA,1961,,
MEA,1962,,
MEA,1963,,
MEA,1964,,
MEA,1965,,
MEA,1966,,
MEA,1967,,
MEA,1968,44926460299.3711,
MEA,1969,49719425357.8289,10.668468039813273
MEA,1970,56209824351.5409,13.054050699501918
MEA,1971,66524974899.0244,18.35115243017251
MEA,1972,80586649211.2306,21.137436479382153
MEA,1973,109127661980.952,35.416552306214875
MEA,1974,203802641734.346,86.75616982421866
MEA,1975,225344230666.591,10.569828118481484
MEA,1976,284872963235.926,26.416799042621598
MEA,1977,331216140039.218,16.268015145021497
MEA,1978,353592027705.507,6.755675512563952
MEA,1979,464162825407.362,31.270727006872747
MEA,1980,601129522702.057,29.508329792350185
MEA,1981,622416592706.365,3.5411785980205
MEA,1982,621500063686.665,-0.14725330758210697
MEA,1983,629100789954.102,1.2229646803815886
MEA,1984,641519853614.705,1.9740976102587515
MEA,1985,658245962978.22,2.6072629349302545
MEA,1986,676100782341.49,2.7124844461614783
MEA,1987,622547368883.619,-7.920921681587679
MEA,1988,590088341346.637,-5.213904862402529
MEA,1989,612778409182.721,3.8451984637254633
MEA,1990,809958827131.441,32.178094886160395
MEA,1991,571969411313.2,-29.38290291385637
MEA,1992,627566887760.143,9.720358352607583
MEA,1993,643308052215.771,2.508284736278865
MEA,1994,686296067710.451,6.68233754367209
MEA,1995,752146910983.376,9.595107180580186
MEA,1996,840862600701.871,11.794994890360687
MEA,1997,883631054043.016,5.086259432331275
MEA,1998,868789129891.309,-1.679651714796404
MEA,1999,942195465255.109,8.449269545186834
MEA,2000,1054208747376.3,11.888539719394874
MEA,2001,1049349462909.89,-0.46094139120963495
MEA,2002,1044485063788.28,-0.46356331170369636
MEA,2003,1158726695772.92,10.937603221466174
MEA,2004,1367503307923.16,18.01776147143801
MEA,2005,1643478702813.82,20.180967262871686
MEA,2006,1924932554666.9,17.12549431709698
MEA,2007,2272331591833.67,18.04733554557634
MEA,2008,2830409520554.58,24.559704698316764
MEA,2009,2557001379208.31,-9.659667244643078
MEA,2010,2994822249908.73,17.122433889182197
MEA,2011,3378428248015.96,12.808973825372139
MEA,2012,3642052425017.18,7.803160453564106
MEA,2013,3581785465156.73,-1.6547526731487405
MEA,2014,3602485624081.27,0.5779284975582444
MEA,2015,3179422260274.85,-11.74365168811221
MEA,2016,3213373155791.61,1.0678322266582052
MEA,2017,3352266378228.93,4.322349621518029
MEA,2018,3518411932508.69,4.956215751790527
MEA,2019,3522918900764.76,0.12809666242963313
MEA,2020,3158039788609.26,-10.357295255258126
MEA,2021,3741604188474.67,18.478690546277154
MEA,2022,4426622170626.18,18.30813596642806
MEX,1960,13040000000.0,
MEX,1961,14160000000.0,8.588957055214719
MEX,1962,15200000000.0,7.344632768361592
MEX,1963,16960000000.0,11.578947368421044
MEX,1964,20080000000.0,18.39622641509433
MEX,1965,21840000000.0,8.764940239043817
MEX,1966,24320000000.0,11.35531135531136
MEX,1967,26560000000.0,9.210526315789469
MEX,1968,29360000000.0,10.542168674698793
MEX,1969,32480000000.0,10.626702997275196
MEX,1970,35520000000.0,9.35960591133005
MEX,1971,39200000000.0,10.360360360360366
MEX,1972,45200000000.0,15.306122448979597
MEX,1973,55280000000.0,22.30088495575222
MEX,1974,72000000000.0,30.246020260492035
MEX,1975,88000000000.0,22.222222222222232
MEX,1976,88875923765.072,0.9953679148545502
MEX,1977,81912018783.5024,-7.835535977074604
MEX,1978,102648570299.117,25.315639662626754
MEX,1979,134531900898.926,31.060666998966724
MEX,1980,205577055465.993,52.809150909451084
MEX,1981,263797827860.494,28.320656827450264
MEX,1982,184602611609.517,-30.021178299033735
MEX,1983,156167000432.994,-15.403688457383147
MEX,1984,184230754105.394,17.97034814947427
MEX,1985,195241069482.077,5.976372093871052
MEX,1986,134556034672.991,-31.082105301956897
MEX,1987,147542558208.888,9.651386924011174
MEX,1988,181611150496.787,23.090688342047926
MEX,1989,221403098266.77,21.910520175184402
MEX,1990,261253675692.838,17.999105585257812
MEX,1991,313139656145.745,19.86038294592667
MEX,1992,363157832923.734,15.973121192516416
MEX,1993,530160763983.506,45.98632217712453
MEX,1994,553618247900.74,4.424598256004431
MEX,1995,380157469866.849,-31.33220024658424
MEX,1996,432157945024.428,13.678667204880202
MEX,1997,523449530464.257,21.124588010216662
MEX,1998,557461102630.658,6.497583852302902
MEX,1999,631249359702.389,13.236485330281234
MEX,2000,742061329643.37,17.55438928179265
MEX,2001,796064590656.176,7.27746600658461
MEX,2002,810666116505.478,1.8342137083708687
MEX,2003,765549967888.647,-5.565318162218535
MEX,2004,819459227375.022,7.041899516377015
MEX,2005,917571853345.583,11.972850227685615
MEX,2006,1020265057698.51,11.19184333940657
MEX,2007,1102355554788.94,8.045997113299919
MEX,2008,1161553459894.8,5.370128072443414
MEX,2009,943437415098.633,-18.77796006185728
MEX,2010,1105424238889.37,17.16985368592805
MEX,2011,1229013703255.77,11.180274506244903
MEX,2012,1255110424741.85,2.1233873484850063
MEX,2013,1327436290360.97,5.762510149973132
MEX,2014,1364507717463.67,2.7927085745575786
MEX,2015,1213294467527.59,-11.081890413720274
MEX,2016,1112233497399.12,-8.329467646416333
MEX,2017,1190721475958.84,7.0567896708073174
MEX,2018,1256300182983.65,5.50747663067066
MEX,2019,1305212479961.59,3.8933606506190266
MEX,2020,1120741118380.27,-14.13343531520237
MEX,2021,1312557512901.28,17.11513848962989
MEX,2022,1465854089286.47,11.679227376965962
MHL,1960,,
MHL,1961,,
MHL,1962,,
MHL,1963,,
MHL,1964,,
MHL,1965,,
MHL,1966,,
MHL,1967,,
MHL,1968,,
MHL,1969,,
MHL,1970,,
MHL,1971,,
MHL,1972,,
MHL,1973,,
MHL,1974,,
MHL,1975,,
MHL,1976,,
MHL,1977,,
MHL,1978,,
MHL,1979,,
MHL,1980,,
MHL,1981,31020000.0,
MHL,1982,34918000.0,12.566086395873622
MHL,1983,41749000.0,19.562976115470534
MHL,1984,45144000.0,8.131931303743812
MHL,1985,43879000.0,-2.8021442495126725
MHL,1986,55989000.0,27.598623487317386
MHL,1987,62983000.0,12.491739448820294
MHL,1988,70688000.0,12.233459822491778
MHL,1989,72798000.0,2.9849479402444645
MHL,1990,78476000.0,7.799664825956754
MHL,1991,82507000.0,5.136602273306479
MHL,1992,91063000.0,10.370029209642828
MHL,1993,99461000.0,9.222186837683811
MHL,1994,108071000.0,8.65665939413438
MHL,1995,120230000.0,11.250936884085473
MHL,1996,110858000.0,-7.795059469350408
MHL,1997,110705600.0,-0.13747316386728547
MHL,1998,112279400.0,1.4216083016577397
MHL,1999,114326300.0,1.8230414483867863
MHL,2000,115347500.0,0.8932327907052118
MHL,2001,122824000.0,6.481718286048688
MHL,2002,131738200.0,7.257702077769812
MHL,2003,131398500.0,-0.2578599069973597
MHL,2004,132934600.0,1.1690392203868472
MHL,2005,137666300.0,3.559419443846834
MHL,2006,142745200.0,3.6892834339268266
MHL,2007,149870000.0,4.9912711600810455
MHL,2008,145969100.0,-2.602855808367255
MHL,2009,150624900.0,3.189579164357381
MHL,2010,160318500.0,6.435589334831104
MHL,2011,171567100.0,7.016407962898863
MHL,2012,179855800.0,4.831171011225344
MHL,2013,185468000.0,3.120388666920948
MHL,2014,185172900.0,-0.1591110056721412
MHL,2015,182997300.0,-1.1749019429948993
MHL,2016,200716000.0,9.682492583223912
MHL,2017,212701200.0,5.971223021582728
MHL,2018,219430038.452148,3.1635169205194824
MHL,2019,231996704.101563,5.726957775726538
MHL,2020,240751144.40918,3.773519258180702
MHL,2021,257784881.591797,7.075246609696917
MHL,2022,258774475.097656,0.3838834534237945
MIC,1960,325105674243.532,
MIC,1961,320673160745.6,-1.3634069932017434
MIC,1962,324168102362.166,1.089876561056724
MIC,1963,356741453797.08,10.048290130199945
MIC,1964,407002850853.176,14.089026246073843
MIC,1965,449100685221.437,10.343375797003329
MIC,1966,455768780938.891,1.4847663200883598
MIC,1967,473852152041.678,3.9676633984308873
MIC,1968,498478448025.493,5.197042131751051
MIC,1969,555484655217.096,11.436042504426913
MIC,1970,613167104980.153,10.384166190965871
MIC,1971,652979356449.949,6.492887688599125
MIC,1972,730449454990.272,11.864096127250413
MIC,1973,906065477331.792,24.04218678537571
MIC,1974,1133389531667.28,25.089142012663213
MIC,1975,1284612168198.68,13.342512199573854
MIC,1976,1366249311841.64,6.355003141332061
MIC,1977,1530842488942.24,12.0470821594586
MIC,1978,1771788860242.62,15.739461965604695
MIC,1979,2140226198453.68,20.794652595377983
MIC,1980,2599993849752.94,21.482199013891325
MIC,1981,2895368525493.96,11.360591324825142
MIC,1982,2788501934469.9,-3.6909495314012997
MIC,1983,2776228271397.84,-0.4401525751278834
MIC,1984,2833352051038.68,2.0576038443725686
MIC,1985,2834419368274.2,0.037669771221282566
MIC,1986,2883617605845.24,1.7357430633490045
MIC,1987,3041572073557.67,5.4776495812845605
MIC,1988,3282469073711.89,7.920147684432388
MIC,1989,3323188071350.25,1.240499048855126
MIC,1990,3709881094821.91,11.636206412914273
MIC,1991,3577995916529.82,-3.5549704942341664
MIC,1992,3765955546845.66,5.253209749275967
MIC,1993,4195017812665.9,11.39318455789049
MIC,1994,4372352995486.83,4.227280806424871
MIC,1995,4942686974190.52,13.04409729251943
MIC,1996,5444135606945.6,10.145263808400573
MIC,1997,5765175438067.89,5.896984467335997
MIC,1998,5610935709274.74,-2.675369213826395
MIC,1999,5330738144656.02,-4.993776067609557
MIC,2000,5830183109530.4,9.3691521009162
MIC,2001,5888367399013.97,0.9979839121769141
MIC,2002,6027440804501.75,2.3618330186236047
MIC,2003,6791961941963.9,12.684009055570456
MIC,2004,8054944523179.65,18.595254096058113
MIC,2005,9577960033013.03,18.907833634987913
MIC,2006,11365771711611.8,18.665892031670573
MIC,2007,14040931885615.2,23.536986681426384
MIC,2008,16786962311362.3,19.557323175681685
MIC,2009,16376207089161.5,-2.4468704616247283
MIC,2010,19970664770159.1,21.949268603085592
MIC,2011,23799213978477.4,19.170865128330906
MIC,2012,25375843431607.0,6.624712289050438
MIC,2013,26873320442592.0,5.901191087582958
MIC,2014,27770661614209.1,3.3391525752615614
MIC,2015,26306405505225.5,-5.27267275560479
MIC,2016,26514494477467.7,0.7910201650349613
MIC,2017,29143948663893.0,9.917044387400399
MIC,2018,30988164983467.2,6.327956245198285
MIC,2019,31716230149539.0,2.3494942874489055
MIC,2020,30578372789487.2,-3.5876185621270595
MIC,2021,36528857052973.0,19.459780624859047
MIC,2022,38780979645375.5,6.165324551864693
MKD,1960,,
MKD,1961,,
MKD,1962,,
MKD,1963,,
MKD,1964,,
MKD,1965,,
MKD,1966,,
MKD,1967,,
MKD,1968,,
MKD,1969,,
MKD,1970,,
MKD,1971,,
MKD,1972,,
MKD,1973,,
MKD,1974,,
MKD,1975,,
MKD,1976,,
MKD,1977,,
MKD,1978,,
MKD,1979,,
MKD,1980,,
MKD,1981,,
MKD,1982,,
MKD,1983,,
MKD,1984,,
MKD,1985,,
MKD,1986,,
MKD,1987,,
MKD,1988,,
MKD,1989,,
MKD,1990,4699646643.10954,
MKD,1991,4938775510.20408,5.088230781034198
MKD,1992,2436849341.97604,-50.6588356376752
MKD,1993,2682456896.55172,10.07889779417046
MKD,1994,3559608639.98379,32.699565258984855
MKD,1995,4707041315.24202,32.234798577841836
MKD,1996,4642021256.30689,-1.381336057633198
MKD,1997,3912986090.97363,-15.705123373632867
MKD,1998,3765745023.2074,-3.7628824724391885
MKD,1999,3863619284.77939,2.599067673695754
MKD,2000,3772859034.20508,-2.3490992223756946
MKD,2001,3709636030.66578,-1.675731930774893
MKD,2002,4018365747.00972,8.322372162439095
MKD,2003,4946296599.08467,23.09224472076672
MKD,2004,5682784471.69722,14.88968277294247
MKD,2005,6258602872.67898,10.13268062249395
MKD,2006,6861226971.55617,9.62873202113299
MKD,2007,8336474973.72949,21.501227233687104
MKD,2008,9909552434.51136,18.869815668361834
MKD,2009,9401736825.42688,-5.124506000048434
MKD,2010,9407170321.37752,0.05779247017365652
MKD,2011,10494626767.6445,11.559867729786589
MKD,2012,9745261300.57788,-7.140468009562317
MKD,2013,10817702346.0674,11.004743868960443
MKD,2014,11362265252.778,5.03399787949026
MKD,2015,10064519962.5655,-11.421536650847063
MKD,2016,10672467073.2873,6.040497837780934
MKD,2017,11307067069.6658,5.946141524923276
MKD,2018,12683068114.2388,12.169389604705593
MKD,2019,12606338448.547,-0.6049771632595569
MKD,2020,12363580534.6811,-1.9256813931874062
MKD,2021,13998355971.3044,13.222508091710061
MKD,2022,13563132102.1663,-3.1091070267842635
MLI,1960,,
MLI,1961,,
MLI,1962,,
MLI,1963,,
MLI,1964,,
MLI,1965,,
MLI,1966,,
MLI,1967,275494477.586098,
MLI,1968,343771972.993855,24.783616719292965
MLI,1969,339913867.092785,-1.1222863421559315
MLI,1970,359772315.102198,5.842200019451482
MLI,1971,395218628.920694,9.852429531279249
MLI,1972,486617280.255549,23.126098985884447
MLI,1973,563683703.304705,15.837173519338288
MLI,1974,538747339.956033,-4.423821941716211
MLI,1975,830710615.179954,54.19298687354039
MLI,1976,939228017.24779,13.06320156319758
MLI,1977,1049838548.10919,11.776749503866046
MLI,1978,1222702572.84699,16.46577228938075
MLI,1979,1595422955.64433,30.48332366958897
MLI,1980,1759691186.39993,10.29621832721206
MLI,1981,1538972424.36635,-12.543039582140448
MLI,1982,1333754224.99949,-13.334754808966487
MLI,1983,1297765325.90273,-2.698315658327066
MLI,1984,1232932104.07276,-4.995758519351079
MLI,1985,1392196047.99695,12.91749508331328
MLI,1986,1852163453.15326,33.03898224808908
MLI,1987,2090629986.97643,12.87502641395859
MLI,1988,2169040603.19394,3.750573592934603
MLI,1989,2181821909.27892,0.5892608034242963
MLI,1990,2681912148.69842,22.920763481781
MLI,1991,2724131458.26216,1.5742241812144897
MLI,1992,2830673378.13006,3.911041794431913
MLI,1993,2818281085.08646,-0.437786045516364
MLI,1994,2081846497.74648,-26.130629454846854
MLI,1995,2706425157.39397,30.0011869426287
MLI,1996,2780422049.21204,2.7341192722773133
MLI,1997,2697105823.4661,-2.9965316153909516
MLI,1998,2920358710.50646,8.277498238962444
MLI,1999,3440724709.59258,17.818564452853657
MLI,2000,2961484953.86444,-13.928453921118479
MLI,2001,3468337942.32063,17.114825715889516
MLI,2002,3908121307.01957,12.679945611202047
MLI,2003,4714071979.68835,20.62245793704438
MLI,2004,5454249125.72966,15.701439206497735
MLI,2005,6247515888.14533,14.544014109541582
MLI,2006,6905934217.90901,10.5388820381078
MLI,2007,8156468826.12645,18.108116422170006
MLI,2008,9838403100.50554,20.6208631484202
MLI,2009,10231962390.2119,4.000235461851909
MLI,2010,10689168016.2613,4.4684060458116015
MLI,2011,12995112690.2596,21.572723625358826
MLI,2012,12442035339.1049,-4.256041208240191
MLI,2013,13242690786.0938,6.435084173667849
MLI,2014,14364937124.0727,8.47445852286588
MLI,2015,13104764378.326,-8.77256012234755
MLI,2016,14026048335.7047,7.030145150128875
MLI,2017,15365713048.1993,9.551262625299461
MLI,2018,17070867589.9055,11.097139041692738
MLI,2019,17280250810.0321,1.226552892076871
MLI,2020,17465392764.3706,1.0714077959506074
MLI,2021,19309463508.0377,10.558426990711611
MLI,2022,18827176529.6983,-2.4976715595368293
MLT,1960,,
MLT,1961,,
MLT,1962,,
MLT,1963,,
MLT,1964,,
MLT,1965,,
MLT,1966,,
MLT,1967,,
MLT,1968,,
MLT,1969,,
MLT,1970,250721821.553678,
MLT,1971,264579879.784878,5.527264497890161
MLT,1972,295118249.324933,11.542211586491335
MLT,1973,345602025.375393,17.10628745119589
MLT,1974,376094108.475331,8.822889005588873
MLT,1975,474620439.58496,26.197254593817053
MLT,1976,527936988.791275,11.233513089520253
MLT,1977,625573345.532174,18.493941287281235
MLT,1978,793675169.878579,26.871641118820545
MLT,1979,1001300838.32335,26.160030743627118
MLT,1980,1250242107.87969,24.861785791889
MLT,1981,1243469360.56838,-0.5417148621554513
MLT,1982,1234518125.0,-0.719859761103292
MLT,1983,1165771369.00625,-5.568711758990985
MLT,1984,1101828568.76804,-5.485020642831307
MLT,1985,1117835285.50512,1.452741124236523
MLT,1986,1435079200.34957,28.38020224966291
MLT,1987,1751247763.41948,22.03143652231143
MLT,1988,2019474244.19359,15.316306828587845
MLT,1989,2118574772.11136,4.907243962269137
MLT,1990,2547163582.33149,20.230053518148928
MLT,1991,2750041434.26295,7.964853664630378
MLT,1992,3021910216.71827,9.885988591593154
MLT,1993,2709178326.78271,-10.348814739942203
MLT,1994,2998570146.54095,10.681903693726479
MLT,1995,3461332684.8249,15.432773477644934
MLT,1996,3585755121.48642,3.5946396371261846
MLT,1997,3722389055.72239,3.8104647307686257
MLT,1998,3958227428.44513,6.335672311312757
MLT,1999,4155187257.85622,4.975960400750878
MLT,2000,4069515556.78692,-2.0618012078112757
MLT,2001,4088368961.75836,0.4632837670321077
MLT,2002,4470446352.32569,9.345472342178308
MLT,2003,5448415539.81248,21.876320850556997
MLT,2004,6098092511.83004,11.924145052268177
MLT,2005,6416184235.8384,5.216249563142505
MLT,2006,6778324087.13818,5.6441622931742375
MLT,2007,7925371458.80527,16.922285758563895
MLT,2008,9090406749.5267,14.700071747767085
MLT,2009,8696366868.92276,-4.3346782103502175
MLT,2010,9035824366.00804,3.90344039300321
MLT,2011,9638728635.0143,6.672377024882548
MLT,2012,9461776291.79913,-1.8358473395792108
MLT,2013,10551030596.7558,11.512154497890293
MLT,2014,11625848974.8051,10.186856802214006
MLT,2015,11091483659.6156,-4.596355211112291
MLT,2016,11668015565.8082,5.197969215712495
MLT,2017,13484541925.7714,15.568425922282136
MLT,2018,15404393365.2073,14.237424229937812
MLT,2019,15992378640.0553,3.8169972741415092
MLT,2020,15252609039.0749,-4.625763419129769
MLT,2021,18087205251.3605,18.58433665364261
MLT,2022,18125564514.2664,0.21207954668958084
MMR,1960,545098463.820274,
MMR,1961,605581577.287066,11.095814331029574
MMR,1962,634528851.479189,4.780078403607235
MMR,1963,598998434.722941,-5.599495857977277
MMR,1964,411419905.846621,-31.31536211160253
MMR,1965,367053111.334591,-10.783823019144368
MMR,1966,293103482.360211,-20.14684706131544
MMR,1967,420359035.897436,43.41659556976318
MMR,1968,559956141.471556,33.20901744768974
MMR,1969,571854203.596216,2.1248203642149743
MMR,1970,563555620.452352,-1.4511711362226065
MMR,1971,587448416.509217,4.239651808935352
MMR,1972,662213096.310118,12.727020398688559
MMR,1973,719754670.07264,8.68928356795513
MMR,1974,1225589878.06809,70.27883652973026
MMR,1975,1061107353.67232,-13.420682345634694
MMR,1976,1204699866.76251,13.532326639075642
MMR,1977,873579940.51776,-27.485677999998124
MMR,1978,935408765.781037,7.077637935073433
MMR,1979,952265051.992407,1.8020235460692424
MMR,1980,1038225167.05882,9.02691061554346
MMR,1981,1111000755.69566,7.009615153426263
MMR,1982,1481165483.45262,33.318134651058706
MMR,1983,1381573615.2513,-6.723885299377197
MMR,1984,1304063253.04136,-5.61029548873091
MMR,1985,1478908160.24784,13.407701413156413
MMR,1986,1582873764.46786,7.029889144880852
MMR,1987,1562448083.11731,-1.2904175815572239
MMR,1988,1541088316.97373,-1.3670704565724945
MMR,1989,2013448239.56823,30.65106116189913
MMR,1990,2115193503.48126,5.053284306670269
MMR,1991,2069832686.98061,-2.144523251702213
MMR,1992,2411552296.53428,16.509528122882088
MMR,1993,3163020043.89081,31.16116322405651
MMR,1994,4432257187.49862,40.12738224847068
MMR,1995,5289174927.11524,19.333664617513513
MMR,1996,6123556701.03251,15.775272805589523
MMR,1997,4722288502.3,-22.88324036415369
MMR,1998,6459461639.30243,36.78667951262056
MMR,1999,8486832800.88498,31.386070152457624
MMR,2000,8905066163.58643,4.928026420619913
MMR,2001,6477790688.22844,-27.257242459166942
MMR,2002,6777632512.0781,4.628766786097893
MMR,2003,10467109977.6717,54.4360801359288
MMR,2004,10567354056.4049,0.9577054119717765
MMR,2005,11986972418.5103,13.434000171925398
MMR,2006,14502553709.8303,20.985960453495633
MMR,2007,20182477480.5512,39.164990417314336
MMR,2008,31862554101.9378,57.872362957630344
MMR,2009,36906181380.8127,15.829325115428073
MMR,2010,49540813342.4834,34.234460160756086
MMR,2011,59977326085.9908,21.06649455138767
MMR,2012,59937796641.7889,-0.0659073132823984
MMR,2013,60269732882.8413,0.5538012066679254
MMR,2014,65446196919.6813,8.588828569893536
MMR,2015,59687411768.8224,-8.799266301029451
MMR,2016,63216143490.1423,5.912020000108509
MMR,2017,66055090634.4518,4.490857853029562
MMR,2018,67855845007.3168,2.7261401893010184
MMR,2019,75072038085.8542,10.634593199390974
MMR,2020,79045695084.5069,5.293125243393981
MMR,2021,66262813093.4824,-16.171509374872926
MMR,2022,62263466263.7375,-6.035582618719626
MNA,1960,,
MNA,1961,,
MNA,1962,,
MNA,1963,,
MNA,1964,,
MNA,1965,23870832123.1501,
MNA,1966,24881410228.5072,4.233526925846176
MNA,1967,26936465307.3992,8.259399527674205
MNA,1968,29634802924.5906,10.01741537502394
MNA,1969,32879112733.991,10.94763416397926
MNA,1970,37135228292.3425,12.944739697770036
MNA,1971,42573853380.001,14.645460221339146
MNA,1972,50799908522.5404,19.32184777618362
MNA,1973,67434903546.3203,32.7461121635658
MNA,1974,102798505813.896,52.44109564609198
MNA,1975,119615493437.48,16.359175155745053
MNA,1976,147648092416.475,23.43559197341516
MNA,1977,170873327766.067,15.73012896372541
MNA,1978,183658912039.78,7.482492698460841
MNA,1979,229078961254.804,24.73065353081594
MNA,1980,274324325425.083,19.750990628926736
MNA,1981,267714333482.905,-2.409553703243561
MNA,1982,307059523271.127,14.69670647676935
MNA,1983,345082931492.019,12.38307407496302
MNA,1984,365345138711.14,5.871692097755821
MNA,1985,398333490842.702,9.029366655305138
MNA,1986,447645511593.553,12.37958190423003
MNA,1987,391478083825.369,-12.547300556691853
MNA,1988,359390955440.572,-8.196404782422118
MNA,1989,361406549202.772,0.5608359731059664
MNA,1990,508430708183.419,40.6810998043528
MNA,1991,269916667384.707,-46.91180862204468
MNA,1992,299630629556.509,11.008568851900957
MNA,1993,313437557827.684,4.60798293272322
MNA,1994,342398659696.217,9.239831393930986
MNA,1995,379728969540.366,10.902586440399409
MNA,1996,428606034910.155,12.871566114366018
MNA,1997,452412037427.467,5.5542854225797855
MNA,1998,465944553126.164,2.991192669330034
MNA,1999,506224863208.792,8.644871972936507
MNA,2000,536202192461.127,5.921741785324142
MNA,2001,542319894815.908,1.140931991848304
MNA,2002,528296081472.209,-2.585893211323076
MNA,2003,577707455559.388,9.352970014368388
MNA,2004,685778404708.106,18.706864193759465
MNA,2005,808521514731.474,17.89836325855323
MNA,2006,942307082128.502,16.54693968675167
MNA,2007,1148311871501.86,21.86174690611795
MNA,2008,1416250545252.05,23.333266893753944
MNA,2009,1378596088142.02,-2.6587426381769697
MNA,2010,1587780325455.63,15.17371470243576
MNA,2011,1636401115080.72,3.062186175605741
MNA,2012,1764808544095.22,7.846940938326474
MNA,2013,1624047553136.03,-7.975992151112066
MNA,2014,1600856726417.67,-1.4279647583950839
MNA,2015,1439069684819.95,-10.106278652416334
MNA,2016,1475844921098.02,2.555486830554088
MNA,2017,1476907774200.84,0.07201658437319125
MNA,2018,1401837441904.96,-5.0829397479812854
MNA,2019,1408624311719.89,0.484141000379279
MNA,2020,1284883935058.67,-8.784483955848843
MNA,2021,1501058612658.02,16.824451742365287
MNA,2022,1696713423184.71,13.034455075690321
MNE,1960,,
MNE,1961,,
MNE,1962,,
MNE,1963,,
MNE,1964,,
MNE,1965,,
MNE,1966,,
MNE,1967,,
MNE,1968,,
MNE,1969,,
MNE,1970,,
MNE,1971,,
MNE,1972,,
MNE,1973,,
MNE,1974,,
MNE,1975,,
MNE,1976,,
MNE,1977,,
MNE,1978,,
MNE,1979,,
MNE,1980,,
MNE,1981,,
MNE,1982,,
MNE,1983,,
MNE,1984,,
MNE,1985,,
MNE,1986,,
MNE,1987,,
MNE,1988,,
MNE,1989,,
MNE,1990,,
MNE,1991,,
MNE,1992,,
MNE,1993,,
MNE,1994,,
MNE,1995,,
MNE,1996,,
MNE,1997,,
MNE,1998,,
MNE,1999,,
MNE,2000,984293043.811565,
MNE,2001,1159869245.92513,17.83779771862104
MNE,2002,1284685050.52413,10.761196146678165
MNE,2003,1707710053.14938,32.928304291597584
MNE,2004,2073234417.68066,21.404357481949333
MNE,2005,2257174480.78597,8.872130499892283
MNE,2006,2721903148.91482,20.588956329464914
MNE,2007,3680711743.77224,35.225669041151654
MNE,2008,4545674527.61096,23.499878394504425
MNE,2009,4159330369.5471,-8.499160151417795
MNE,2010,4142983843.4912,-0.3930086000280886
MNE,2011,4544428421.49513,9.68974519740442
MNE,2012,4087526241.81268,-10.054117642634752
MNE,2013,4465772400.37453,9.253669241132755
MNE,2014,4593853290.963,2.8680568355370806
MNE,2015,4054730077.57718,-11.735751649848725
MNE,2016,4376930578.32395,7.946287288728571
MNE,2017,4856599480.79882,10.95902468388128
MNE,2018,5506942238.35668,13.390907776708216
MNE,2019,5542054181.12616,0.6375941720419664
MNE,2020,4769996866.00758,-13.93088717443206
MNE,2021,5861427505.12493,22.88116050757205
MNE,2022,6229801580.79157,6.284716058409856
MNG,1960,,
MNG,1961,,
MNG,1962,,
MNG,1963,,
MNG,1964,,
MNG,1965,,
MNG,1966,,
MNG,1967,,
MNG,1968,,
MNG,1969,,
MNG,1970,,
MNG,1971,,
MNG,1972,,
MNG,1973,,
MNG,1974,,
MNG,1975,,
MNG,1976,,
MNG,1977,,
MNG,1978,,
MNG,1979,,
MNG,1980,,
MNG,1981,2310099100.0,
MNG,1982,2552401933.33333,10.488850168087161
MNG,1983,2725736633.33333,6.791042497512612
MNG,1984,2098734600.0,-23.003030654746826
MNG,1985,2186505475.0,4.182085481413411
MNG,1986,2896178866.66667,32.4569684266018
MNG,1987,3020611600.0,4.296445042309993
MNG,1988,3204461566.66667,6.086514620637429
MNG,1989,3576966800.0,11.624581090570407
MNG,1990,2560785660.0,-28.4090179422409
MNG,1991,2379018326.31579,-7.098108073762399
MNG,1992,1317611863.84977,-44.61531257347403
MNG,1993,768401634.154573,-41.68224685610574
MNG,1994,925817092.217484,20.486091005793593
MNG,1995,1452165005.2384,56.852257043583656
MNG,1996,1345719472.35883,-7.330126569335349
MNG,1997,1180934202.83801,-12.245142684305355
MNG,1998,1124440204.84738,-4.783839595369866
MNG,1999,1057408588.68269,-5.9613322145296355
MNG,2000,1136896123.61298,7.5172015605920794
MNG,2001,1267997934.3125,11.531555783908143
MNG,2002,1396555719.97409,10.138643146236138
MNG,2003,1595297355.78349,14.23084184661727
MNG,2004,1992066808.09598,24.8711909960903
MNG,2005,2523471601.10421,26.676052773357917
MNG,2006,3414055661.61598,35.29201834972393
MNG,2007,4234999703.90059,24.046006382216724
MNG,2008,5623216608.04288,32.779622224381534
MNG,2009,4583850367.88972,-18.48348218822935
MNG,2010,7189481998.90094,56.84373227503021
MNG,2011,10409797377.8571,44.79203619187657
MNG,2012,12292770631.565,18.08847170948027
MNG,2013,12582122604.2577,2.3538385394559436
MNG,2014,12226514668.0622,-2.826295271317447
MNG,2015,11619892590.6941,-4.961529052532887
MNG,2016,11181350649.3573,-3.774061919367566
MNG,2017,11480847740.736,2.6785412672476694
MNG,2018,13178094720.4986,14.783289684615175
MNG,2019,14206359017.5143,7.802829762759478
MNG,2020,13312981429.0891,-6.288575329708335
MNG,2021,15286441737.6686,14.823578918749591
MNG,2022,17146471626.3963,12.167840761426142
MNP,1960,,
MNP,1961,,
MNP,1962,,
MNP,1963,,
MNP,1964,,
MNP,1965,,
MNP,1966,,
MNP,1967,,
MNP,1968,,
MNP,1969,,
MNP,1970,,
MNP,1971,,
MNP,1972,,
MNP,1973,,
MNP,1974,,
MNP,1975,,
MNP,1976,,
MNP,1977,,
MNP,1978,,
MNP,1979,,
MNP,1980,,
MNP,1981,,
MNP,1982,,
MNP,1983,,
MNP,1984,,
MNP,1985,,
MNP,1986,,
MNP,1987,,
MNP,1988,,
MNP,1989,,
MNP,1990,,
MNP,1991,,
MNP,1992,,
MNP,1993,,
MNP,1994,,
MNP,1995,,
MNP,1996,,
MNP,1997,,
MNP,1998,,
MNP,1999,,
MNP,2000,,
MNP,2001,,
MNP,2002,1284000000.0,
MNP,2003,1239000000.0,-3.5046728971962593
MNP,2004,1210000000.0,-2.3405972558514954
MNP,2005,1061000000.0,-12.314049586776854
MNP,2006,990000000.0,-6.691800188501418
MNP,2007,938000000.0,-5.252525252525253
MNP,2008,939000000.0,0.10660980810235365
MNP,2009,795000000.0,-15.335463258785943
MNP,2010,799000000.0,0.5031446540880502
MNP,2011,729000000.0,-8.760951188986233
MNP,2012,746000000.0,2.3319615912208436
MNP,2013,772000000.0,3.4852546916890104
MNP,2014,832000000.0,7.772020725388606
MNP,2015,910000000.0,9.375
MNP,2016,1230000000.0,35.164835164835175
MNP,2017,1560000000.0,26.82926829268293
MNP,2018,1301000000.0,-16.6025641025641
MNP,2019,1181000000.0,-9.223674096848578
MNP,2020,858000000.0,-27.349703640982213
MNP,2021,,
MNP,2022,,
MOZ,1960,,
MOZ,1961,,
MOZ,1962,,
MOZ,1963,,
MOZ,1964,,
MOZ,1965,,
MOZ,1966,,
MOZ,1967,,
MOZ,1968,,
MOZ,1969,,
MOZ,1970,,
MOZ,1971,,
MOZ,1972,,
MOZ,1973,,
MOZ,1974,,
MOZ,1975,,
MOZ,1976,,
MOZ,1977,,
MOZ,1978,,
MOZ,1979,,
MOZ,1980,,
MOZ,1981,,
MOZ,1982,,
MOZ,1983,,
MOZ,1984,,
MOZ,1985,,
MOZ,1986,,
MOZ,1987,,
MOZ,1988,,
MOZ,1989,,
MOZ,1990,,
MOZ,1991,3854856434.58062,
MOZ,1992,2798696511.18156,-27.398164920607794
MOZ,1993,2883161897.42651,3.0180259241217255
MOZ,1994,2958108170.32061,2.599447258268661
MOZ,1995,3061646173.73938,3.500142572796716
MOZ,1996,4030146134.5706,31.633307896200513
MOZ,1997,4873663774.93019,20.93019985364537
MOZ,1998,5551118148.73836,13.900310015084582
MOZ,1999,6285219691.22462,13.224390524872964
MOZ,2000,5930685214.61595,-5.640765065120457
MOZ,2001,5650154067.10346,-4.730164177675977
MOZ,2002,5950769426.60213,5.320480750231638
MOZ,2003,6583526860.58062,10.633203685389514
MOZ,2004,7937255565.35765,20.562363205086708
MOZ,2005,8868504899.94673,11.732636386984208
MOZ,2006,9509835536.93373,7.231553054572393
MOZ,2007,10811456005.9405,13.68709757336617
MOZ,2008,12920340964.6544,19.50602173800775
MOZ,2009,12263894790.0125,-5.080718662438633
MOZ,2010,11411894723.864,-6.947222564583266
MOZ,2011,14619279988.716,28.1056331350908
MOZ,2012,16688114144.0745,14.151409350907462
MOZ,2013,17198073057.1981,3.0558210995019763
MOZ,2014,17978246586.0662,4.536400829752063
MOZ,2015,16208985769.615,-9.841119977865043
MOZ,2016,12069051237.1711,-25.540984434723402
MOZ,2017,13264640645.7768,9.906241883566125
MOZ,2018,15017358750.6113,13.213460896828222
MOZ,2019,15512759174.573,3.29885189658623
MOZ,2020,14235420505.2904,-8.234116541796698
MOZ,2021,16168056388.9101,13.576247241178896
MOZ,2022,18406835954.6695,13.846930712679907
MRT,1960,,
MRT,1961,159213430.245265,
MRT,1962,164271557.562086,3.1769476413070485
MRT,1963,168186297.204107,2.3830903536307124
MRT,1964,224495743.784017,33.480400910172946
MRT,1965,255340475.018083,13.739561701330572
MRT,1966,266533605.165576,4.383609823981227
MRT,1967,282615310.216284,6.033650068522389
MRT,1968,311395937.241935,10.183675825497707
MRT,1969,295062308.493948,-5.245292823231928
MRT,1970,309405316.058687,4.861009743314337
MRT,1971,335568907.088021,8.456089689283619
MRT,1972,391669449.251139,16.718039418474074
MRT,1973,493237876.295464,25.932180117321124
MRT,1974,613010552.478717,24.282943776099142
MRT,1975,703377837.452223,14.741554547161485
MRT,1976,775045516.850002,10.189072726171467
MRT,1977,799030017.145209,3.0945924818308157
MRT,1978,804629876.761441,0.7008321960468189
MRT,1979,951900945.208912,18.302958006011806
MRT,1980,1047925105.58853,10.087621076848885
MRT,1981,1105494681.67335,5.493672761326596
MRT,1982,1108776652.78389,0.2968780551320327
MRT,1983,1165171263.38241,5.086201125982037
MRT,1984,1074373230.28438,-7.792677003932436
MRT,1985,1009723326.31511,-6.017452980670191
MRT,1986,1186628778.51429,17.52019068874837
MRT,1987,1344664724.66283,13.318061133356963
MRT,1988,1414951290.06682,5.227069924186045
MRT,1989,1450647019.18099,2.522753211701323
MRT,1990,1506914407.82047,3.878778772195579
MRT,1991,2133692696.74857,41.59348969492185
MRT,1992,2164298425.48412,1.4344019071813152
MRT,1993,1847353211.3475,-14.644247318422554
MRT,1994,1944876755.00708,5.2790956846007875
MRT,1995,2091726101.43014,7.550573374122371
MRT,1996,2132087009.28942,1.9295503283955018
MRT,1997,2071996564.05296,-2.8183861622273487
MRT,1998,2032347664.94993,-1.9135600797268726
MRT,1999,1985922775.53351,-2.2842986078153937
MRT,2000,1779520886.47015,-10.393248499197604
MRT,2001,1746063557.61355,-1.8801312820197258
MRT,2002,1777057481.26043,1.7750741954228433
MRT,2003,2051147606.73687,15.423818777208798
MRT,2004,2362501023.24249,15.17947394341579
MRT,2005,2936019525.60241,24.275904929462257
MRT,2006,3919577285.92703,33.49970093004797
MRT,2007,4346212355.02975,10.884721437552036
MRT,2008,5206437193.80413,19.79251744979431
MRT,2009,4714595547.75102,-9.446798794354427
MRT,2010,5628878797.98257,19.392612599986126
MRT,2011,6764627745.9033,20.177178949523512
MRT,2012,6728208836.22143,-0.5383727094802171
MRT,2013,7223071097.08417,7.355037171239998
MRT,2014,6592537781.81518,-8.72943526090344
MRT,2015,6166863896.68677,-6.4569047492239795
MRT,2016,6398747592.13185,3.7601558803602275
MRT,2017,6800135898.28827,6.272919823403922
MRT,2018,7473550557.07378,9.902958835793596
MRT,2019,7894764885.82312,5.636067161553582
MRT,2020,8260752385.23089,4.6358251917670845
MRT,2021,9222536364.01272,11.6428133168762
MRT,2022,9780863578.97688,6.053944304766401
MUS,1960,,
MUS,1961,,
MUS,1962,,
MUS,1963,,
MUS,1964,,
MUS,1965,,
MUS,1966,,
MUS,1967,,
MUS,1968,,
MUS,1969,,
MUS,1970,,
MUS,1971,,
MUS,1972,,
MUS,1973,,
MUS,1974,,
MUS,1975,,
MUS,1976,704030891.151346,
MUS,1977,823633467.669435,16.98825691050225
MUS,1978,1015369263.90596,23.27926241014262
MUS,1979,1211139695.13521,19.28071276021821
MUS,1980,1131789369.7949,-6.5517070953116985
MUS,1981,1142388185.49725,0.9364653870420181
MUS,1982,1078403870.29722,-5.6009258509776565
MUS,1983,1090276947.25872,1.1009861229659412
MUS,1984,1040554601.10999,-4.56052439462713
MUS,1985,1076122279.04023,3.4181462358918058
MUS,1986,1462904818.06588,35.942248065955184
MUS,1987,1880850431.39124,28.569569815070373
MUS,1988,2134513096.5249,13.48659419696807
MUS,1989,2181934976.44915,2.22167200573542
MUS,1990,2653485892.62519,21.611593437281762
MUS,1991,2856889220.42679,7.66551381964824
MUS,1992,3224265890.42568,12.85932500889928
MUS,1993,3263363787.16599,1.2126139117871526
MUS,1994,3558143578.02377,9.03300428892042
MUS,1995,4040341982.72124,13.55196590929273
MUS,1996,4421952040.85209,9.444994007012951
MUS,1997,4187375953.6973,-5.304808487013535
MUS,1998,4169672974.84855,-0.42277022757221117
MUS,1999,4343708953.07389,4.173851984918819
MUS,2000,4663321081.4445,7.358046586994105
MUS,2001,4613637274.93505,-1.0654168057855462
MUS,2002,4841310239.63687,4.9347824966371245
MUS,2003,5816559038.54545,20.14431529142677
MUS,2004,6578840418.9215,13.10536651179035
MUS,2005,6488743193.07147,-1.369500095957643
MUS,2006,7028810680.89077,8.323144740817789
MUS,2007,8150150209.22501,15.953474623848196
MUS,2008,9990356673.73497,22.578804282981956
MUS,2009,9128843109.15588,-8.623451521446102
MUS,2010,10003670690.3497,9.583115524423924
MUS,2011,11518413429.9684,15.141869284840958
MUS,2012,11668696396.7887,1.304719332519344
MUS,2013,12292974141.4044,5.350021316755704
MUS,2014,13074129952.0532,6.35448998479351
MUS,2015,12007291045.6489,-8.159922765925709
MUS,2016,12594155464.4136,4.8875672000751935
MUS,2017,13713506130.6081,8.887858097014668
MUS,2018,14735695930.9727,7.4538910080997
MUS,2019,14436346979.6355,-2.0314544541327306
MUS,2020,11408106446.3144,-20.97650144868961
MUS,2021,11484357947.9086,0.6683975290117994
MUS,2022,12948726653.811,12.750984535178777
MWI,1960,,
MWI,1961,,
MWI,1962,,
MWI,1963,,
MWI,1964,,
MWI,1965,,
MWI,1966,,
MWI,1967,,
MWI,1968,,
MWI,1969,,
MWI,1970,,
MWI,1971,,
MWI,1972,,
MWI,1973,,
MWI,1974,,
MWI,1975,,
MWI,1976,,
MWI,1977,,
MWI,1978,,
MWI,1979,,
MWI,1980,1801156774.70849,
MWI,1981,1801193909.52395,0.0020617203333683776
MWI,1982,1717379494.52696,-4.653269953546646
MWI,1983,1780148049.67776,3.6549030281795236
MWI,1984,1758028656.12382,-1.2425592106198091
MWI,1985,1646442272.93986,-6.347244841275257
MWI,1986,1722586299.36475,4.624761382549303
MWI,1987,1721711808.50763,-0.05076615653115679
MWI,1988,2008189508.2731,16.63912034231716
MWI,1989,2314205129.49285,15.23838362659815
MWI,1990,2737087861.60887,18.273346935701127
MWI,1991,3206783830.41779,17.16042716045041
MWI,1992,2618837835.02508,-18.33444430571768
MWI,1993,3013392657.99911,15.066027292608265
MWI,1994,1719864761.30628,-42.925965630769525
MWI,1995,2033701497.97085,18.24775666815821
MWI,1996,3319573749.6119,63.22817055128516
MWI,1997,3875785863.38323,16.755528140815024
MWI,1998,2547609590.06984,-34.26856694693669
MWI,1999,2584478924.06081,1.4472128749507318
MWI,2000,2537307580.32808,-1.8251781159280167
MWI,2001,2498008664.6691,-1.5488431896734767
MWI,2002,5087328437.8737,103.65535595720586
MWI,2003,4669789300.35662,-8.207434267632918
MWI,2004,5058726350.48896,8.328792266979557
MWI,2005,5320409651.47544,5.172908808581567
MWI,2006,5818279739.14354,9.357739728369086
MWI,2007,6451210219.11683,10.878309540793207
MWI,2008,7743617352.21427,20.033560978491405
MWI,2009,9009887946.82039,16.352442753954442
MWI,2010,10128323010.6049,12.413418128903686
MWI,2011,11648142958.3651,15.005642554733555
MWI,2012,8773203178.16512,-24.681528982569244
MWI,2013,8031571927.62055,-8.453369145608669
MWI,2014,8801326169.14547,9.584104437609998
MWI,2015,9219474379.31534,4.750968230625974
MWI,2016,7909868618.46366,-14.204776834023091
MWI,2017,8943543677.18899,13.068169758375836
MWI,2018,9880675785.93057,10.478308627616917
MWI,2019,11025371147.1876,11.585193017738726
MWI,2020,12056108778.3125,9.348779441205712
MWI,2021,12602334121.6286,4.530693554280907
MWI,2022,13164667626.9363,4.462137726872384
MYS,1960,1916229477.13657,
MYS,1961,1901856122.72231,-0.7500852369590971
MYS,1962,2001489602.18475,5.238749570594492
MYS,1963,2510110348.16184,25.412110331320182
MYS,1964,2674423922.48842,6.546069755335937
MYS,1965,2956337669.29525,10.5411017466716
MYS,1966,3143517943.82632,6.331491712707216
MYS,1967,3188924677.08953,1.4444559908552757
MYS,1968,3330371551.21161,4.4355664822781415
MYS,1969,3664552041.34299,10.034330554193073
MYS,1970,3864145667.41365,5.446603672669159
MYS,1971,4244395955.78358,9.840475000116623
MYS,1972,5043347250.41815,18.82367486346055
MYS,1973,7662902677.9027,51.94081028759938
MYS,1974,9496204301.74981,23.924375669467256
MYS,1975,9298800799.46702,-2.0787621665470546
MYS,1976,11050234598.6249,18.835050206240233
MYS,1977,13139488632.5546,18.906874920010175
MYS,1978,16358079862.1096,24.495559298864713
MYS,1979,21213264962.0141,29.68065409162488
MYS,1980,24488224677.2105,15.43826337464207
MYS,1981,25004285791.7865,2.1073847589133887
MYS,1982,26804493635.3297,7.199597135202085
MYS,1983,30347442110.9316,13.217740740799178
MYS,1984,33942897422.0465,11.847638749823219
MYS,1985,31199633352.9598,-8.08199734682904
MYS,1986,27734111399.7525,-11.10757268844167
MYS,1987,32181210157.9671,16.034762008831784
MYS,1988,35272109220.1988,9.604670076294465
MYS,1989,38847965292.9185,10.137913926258669
MYS,1990,44024585239.6137,13.325330960483605
MYS,1991,49143148094.2683,11.626600970334366
MYS,1992,59167550162.956,20.398371812604466
MYS,1993,66894966968.9736,13.060227751081754
MYS,1994,74478356957.7808,11.336263896093168
MYS,1995,88705342902.7113,19.10217481434946
MYS,1996,100855393910.486,13.69709040085716
MYS,1997,100005323301.867,-0.8428608284188233
MYS,1998,72167498980.8398,-27.836342508486744
MYS,1999,79148421052.6316,9.673221561474943
MYS,2000,93789736842.1053,18.498557008152574
MYS,2001,92783947368.4211,-1.072387563446786
MYS,2002,100845526315.789,8.688549232937316
MYS,2003,110202368421.053,9.278390868786634
MYS,2004,124749473684.211,13.200356282341863
MYS,2005,143534405818.501,15.058125360786612
MYS,2006,162692258307.056,13.347219699212797
MYS,2007,193549569477.733,18.966674562005714
MYS,2008,230811614370.384,19.25193891838537
MYS,2009,202257453036.641,-12.37119778899951
MYS,2010,255017638455.59,26.085656981644554
MYS,2011,297951668674.835,16.835710062746024
MYS,2012,314443047642.111,5.534917471891587
MYS,2013,323276235524.415,2.809153501259032
MYS,2014,338066095097.254,4.5749912760667755
MYS,2015,301355266964.947,-10.859068290106444
MYS,2016,301256033870.334,-0.03292893985641365
MYS,2017,319109094160.343,5.926208368557795
MYS,2018,358788845712.53,12.43454112663085
MYS,2019,365177721021.516,1.780678353112708
MYS,2020,337456163961.211,-7.591250907300462
MYS,2021,373832428055.449,10.779552421635197
MYS,2022,407027451714.616,8.879653333402992
NAC,1960,583846188345.236,
NAC,1961,604324202049.072,3.507432969953239
NAC,1962,647421597616.224,7.131502498331588
NAC,1963,683726355211.818,5.607591363844899
NAC,1964,735285089545.442,7.540843488130733
NAC,1965,798329518631.001,8.574147630891504
NAC,1966,876222557411.987,9.757003463251547
NAC,1967,927523758481.22,5.85481401217931
NAC,1968,1014479810519.9,9.375075435379344
NAC,1969,1099213311661.69,8.352408817122313
NAC,1970,1161681557632.31,5.682995766871346
NAC,1971,1264667554743.51,8.865251964669362
NAC,1972,1392809248873.62,10.132441023688532
NAC,1973,1557409843565.64,11.817884956259018
NAC,1974,1706504788139.06,9.573263273594845
NAC,1975,1859668757176.56,8.975302624525593
NAC,1976,2081069912576.07,11.905408129545192
NAC,1977,2294598176304.65,10.260504101193902
NAC,1978,2571444342386.25,12.065126214274645
NAC,1979,2871741324295.72,11.678144339332675
NAC,1980,3132696865996.05,9.087014192140996
NAC,1981,3515026742787.86,12.204496417825194
NAC,1982,3659222307440.61,4.102260813480596
NAC,1983,3976793677182.73,8.678657459438167
NAC,1984,4395317100091.54,10.52414223323006
NAC,1985,4706204512481.65,7.073150931104277
NAC,1986,4959811337023.73,5.3887761118215805
NAC,1987,5289645738278.71,6.65014007272513
NAC,1988,5747233127658.56,8.650624484518922
NAC,1989,6210293493275.25,8.057100787998529
NAC,1990,6560811991360.99,5.644153508450045
NAC,1991,6772291612315.62,3.223375722899813
NAC,1992,7116394258318.86,5.08103705070051
NAC,1993,7439432921639.4,4.539358720083797
NAC,1994,7869047506907.27,5.774829745668253
NAC,1995,8247740840061.21,4.812441821218294
NAC,1996,8706425384132.75,5.561335558018521
NAC,1997,9235474283855.56,6.0765340123053235
NAC,1998,9699948950000.0,5.029245406014327
NAC,1999,10312911118271.1,6.3192308684377085
NAC,2000,10999201631931.6,6.654673018994783
NAC,2001,11324592049355.4,2.9583094147412003
NAC,2002,11693699517098.0,3.259344496772476
NAC,2003,12356169212634.8,5.665184867869799
NAC,2004,13248368139278.3,7.220675852603109
NAC,2005,14217175927778.7,7.312657516121623
NAC,2006,15140995757591.0,6.497913752387796
NAC,2007,15949814312783.3,5.341911246403974
NAC,2008,16329827601721.7,2.3825561946124285
NAC,2009,15859346076157.3,-2.8811175294636615
NAC,2010,16672942337486.3,5.130074452137401
NAC,2011,17399367444174.5,4.356910088118959
NAC,2012,18088716899521.6,3.9619225098778132
NAC,2013,18696254170835.0,3.35865321287363
NAC,2014,19362844040439.9,3.5653658936918964
NAC,2015,19769184098217.1,2.098555650856615
NAC,2016,20230005494907.4,2.3310086769431138
NAC,2017,21133744509244.1,4.467319668124681
NAC,2018,22265612481783.0,5.355737938649763
NAC,2019,23132124767672.5,3.8917064895405584
NAC,2020,22714959162302.7,-1.8034037493728006
NAC,2021,25323694505423.9,11.484657861285541
NAC,2022,27585185220074.9,8.930334845757315
NAM,1960,,
NAM,1961,,
NAM,1962,,
NAM,1963,,
NAM,1964,,
NAM,1965,,
NAM,1966,,
NAM,1967,,
NAM,1968,,
NAM,1969,,
NAM,1970,,
NAM,1971,,
NAM,1972,,
NAM,1973,,
NAM,1974,,
NAM,1975,,
NAM,1976,,
NAM,1977,,
NAM,1978,,
NAM,1979,,
NAM,1980,2421990337.99243,
NAM,1981,2249908577.80325,-7.104973025277117
NAM,1982,2118710248.23727,-5.831273806426318
NAM,1983,2297400687.55049,8.433925283643063
NAM,1984,1951260037.80985,-15.066620795247443
NAM,1985,1608237350.39878,-17.579547613555825
NAM,1986,1809048527.15411,12.486414191632633
NAM,1987,2300068217.01809,27.14242777314677
NAM,1988,2495094746.44024,8.479162834352415
NAM,1989,2535135797.58392,1.6047908080768059
NAM,1990,2789921853.37652,10.050193604438107
NAM,1991,2996869281.48364,7.417678307249376
NAM,1992,3429521699.4026,14.436813130026449
NAM,1993,3251188833.14533,-5.199934040024711
NAM,1994,3666503529.62911,12.774240986857354
NAM,1995,3978514206.31168,8.509760706929747
NAM,1996,3989163196.56767,0.2676624916682746
NAM,1997,4154989950.00393,4.156930796387059
NAM,1998,3873109865.55683,-6.784133965157569
NAM,1999,3868551730.39163,-0.11768669940749321
NAM,2000,3922232164.83175,1.3876106145460643
NAM,2001,3557341215.15159,-9.30314510578729
NAM,2002,3349169826.38896,-5.851881396026249
NAM,2003,4926439383.51425,47.094343938536134
NAM,2004,6609205994.77406,34.157866975710505
NAM,2005,7248374837.72056,9.670886993867267
NAM,2006,8001779551.06323,10.394119098559162
NAM,2007,8839536475.99963,10.469632655964434
NAM,2008,8607431497.49471,-2.6257596100780933
NAM,2009,8938847189.07592,3.8503436440670002
NAM,2010,11431412421.1316,27.884638581827637
NAM,2011,12523359440.5499,9.552161878087585
NAM,2012,13042053591.6857,4.141813173997844
NAM,2013,12043307277.1235,-7.657891508733705
NAM,2014,12435430969.6301,3.255946921253483
NAM,2015,11335161083.5061,-8.84786292337666
NAM,2016,10722018732.0936,-5.40920721721978
NAM,2017,12895153160.466,20.267959632151
NAM,2018,13682018827.0434,6.102026527220894
NAM,2019,12541928102.7657,-8.332766813799708
NAM,2020,10583748541.5258,-15.613066389753005
NAM,2021,12446290854.8973,17.598134593464067
NAM,2022,12914932655.685,3.7653129454491285
NCL,1960,,
NCL,1961,,
NCL,1962,,
NCL,1963,,
NCL,1964,,
NCL,1965,159594492.463655,
NCL,1966,164206536.445162,2.8898515921890633
NCL,1967,180036767.648861,9.640439136225009
NCL,1968,215507162.56893,19.701750583108414
NCL,1969,263108841.338416,22.08821191929553
NCL,1970,358815684.071892,36.37538071568485
NCL,1971,413985778.589656,15.375608415910303
NCL,1972,506808996.694661,22.421837392876178
NCL,1973,542293399.862618,7.001533792687464
NCL,1974,637403478.492486,17.538490908051397
NCL,1975,816652164.400241,28.121698728675536
NCL,1976,798313521.689803,-2.2455879638678344
NCL,1977,837620126.558528,4.923705261251743
NCL,1978,846004687.758093,1.0009980579160693
NCL,1979,1047225723.57386,23.784860619271676
NCL,1980,1182463951.21814,12.913952035359987
NCL,1981,972564154.815131,-17.75105246859968
NCL,1982,904599869.725833,-6.988154432055627
NCL,1983,823857893.163123,-8.925711716847962
NCL,1984,796066194.738573,-3.37336070397366
NCL,1985,854820893.577136,7.380629805271166
NCL,1986,1201321513.76667,40.534879621337524
NCL,1987,1488093101.50275,23.871343720210692
NCL,1988,2072775508.14796,39.29071413977854
NCL,1989,2185082938.93078,5.418214868968985
NCL,1990,2529440424.16648,15.759469771165913
NCL,1991,2653780672.09555,4.915721546201013
NCL,1992,2923883281.08579,10.178030604803311
NCL,1993,2822243780.97543,-3.4761818560902324
NCL,1994,3038728384.86634,7.670655715506203
NCL,1995,3628440505.14193,19.406542658189196
NCL,1996,3606968435.99917,-0.5917712888589999
NCL,1997,3291131281.04099,-8.756304929258118
NCL,1998,3556304832.68104,8.057215862752676
NCL,1999,3647802049.80911,2.5728170512057114
NCL,2000,3420032041.07385,-6.244034232810936
NCL,2001,3297734891.14661,-3.575906554631003
NCL,2002,3740056747.71979,13.412899192129624
NCL,2003,4915353827.10576,31.424578787541545
NCL,2004,5895008977.9531,19.930511318331234
NCL,2005,6238629487.01331,5.829007391597285
NCL,2006,6979155387.86792,11.870009308873541
NCL,2007,8819917180.34265,26.375136963916603
NCL,2008,9067619760.07073,2.808445642552604
NCL,2009,8704438102.20142,-4.005259014814245
NCL,2010,9364350076.91225,7.581327674027971
NCL,2011,10351448004.7674,10.541019074979197
NCL,2012,9659151917.40484,-6.68791542056455
NCL,2013,10151382933.1594,5.0960065641747265
NCL,2014,10635035594.7528,4.764401705442034
NCL,2015,8738203074.3957,-17.835695080258816
NCL,2016,8724568954.89799,-0.15602886979888542
NCL,2017,9174048681.98577,5.151884630763814
NCL,2018,9896402283.68587,7.873880189000082
NCL,2019,9475655324.59495,-4.251514308230142
NCL,2020,9454629467.91408,-0.22189343069809464
NCL,2021,10071349663.8484,6.52294410930927
NCL,2022,9623318718.31459,-4.448569064601527
NER,1960,449526873.29589,
NER,1961,485785230.978987,8.065893239541833
NER,1962,531736599.250464,9.459194174938744
NER,1963,586294878.744643,10.260395761940089
NER,1964,582816396.404409,-0.5932991172772906
NER,1965,673383510.812866,15.539561852960215
NER,1966,702296078.593173,4.293625744622953
NER,1967,665586872.274446,-5.227027095503967
NER,1968,641214226.209493,-3.661827941657969
NER,1969,625867985.273798,-2.3933094913401454
NER,1970,649916621.242978,3.8424454573530387
NER,1971,693573703.630273,6.717335879762554
NER,1972,742779660.818693,7.094553459981023
NER,1973,946385105.193732,27.411284276500613
NER,1974,1026137110.89309,8.427014041290537
NER,1975,1048690933.21027,2.1979345720720023
NER,1976,1064517601.29025,1.509183266372971
NER,1977,1291458041.46193,21.318617925773765
NER,1978,1774365589.70815,37.39243031849249
NER,1979,2109277665.69912,18.875032176771246
NER,1980,2508524720.71895,18.928141207407112
NER,1981,2170893414.3888,-13.45935734822592
NER,1982,2017612215.97935,-7.060742705905964
NER,1983,1803099561.20046,-10.6320061446875
NER,1984,1461243326.12882,-18.959365440921104
NER,1985,1440581652.39853,-1.4139789972576033
NER,1986,1904096998.30009,32.175569161929786
NER,1987,2233006104.92776,17.273757950425228
NER,1988,2280356192.76273,2.120463877392842
NER,1989,2179567114.33391,-4.419883119518742
NER,1990,3512356507.88599,61.14927064126627
NER,1991,3285796874.97125,-6.4503598198550005
NER,1992,3386232579.22522,3.0566619932903993
NER,1993,3052673849.25181,-9.8504376816825
NER,1994,1938058175.21399,-36.51276648211223
NER,1995,2302537562.24406,18.806421380505057
NER,1996,2405686940.0464,4.479813032965696
NER,1997,2290318910.20658,-4.795637699957533
NER,1998,2643363518.99272,15.414648467199555
NER,1999,2537789820.69295,-3.9939152349352303
NER,2000,2241753192.81158,-11.665135759766587
NER,2001,2448714703.96617,9.232127417872471
NER,2002,2782192878.67204,13.61849847864014
NER,2003,3394084732.49543,21.993150026156716
NER,2004,3760443737.53797,10.794044165573391
NER,2005,4383315964.58718,16.56379593800321
NER,2006,4756361252.37923,8.510572607721723
NER,2007,5731485051.79069,20.501466303125817
NER,2008,7297600226.00536,27.324771155520455
NER,2009,7352131309.73341,0.7472467940039529
NER,2010,7851192502.30917,6.7879798598680985
NER,2011,8772950777.79176,11.740360145436313
NER,2012,9426912647.59111,7.45429771992816
NER,2013,10224897437.8648,8.464964300667411
NER,2014,10862943543.5419,6.2401223049366905
NER,2015,9683867926.44282,-10.854107934677149
NER,2016,10398861981.7583,7.383351990614351
NER,2017,11185104251.6785,7.560849170797979
NER,2018,12837307496.8797,14.771460399694192
NER,2019,12889555561.304,0.4070017364389056
NER,2020,13744653102.9945,6.634034335967365
NER,2021,14915002435.9913,8.514942677904491
NER,2022,15342278919.4009,2.8647429676480707
NGA,1960,4196174501.5302,
NGA,1961,4467287893.08484,6.460965611791747
NGA,1962,4909399176.24033,9.896637372304973
NGA,1963,5165590253.7639,5.2183794457667965
NGA,1964,5552931318.82747,7.498486059387588
NGA,1965,5874537650.18494,5.791649723220038
NGA,1966,6366917453.23302,8.381592431066952
NGA,1967,5203237918.70483,-18.276969083952732
NGA,1968,5200997919.60083,-0.04305009955335448
NGA,1969,6634317346.27306,27.558546433378204
NGA,1970,12546094981.562,89.10905714526878
NGA,1971,9181769911.50443,-26.81571496949331
NGA,1972,12274416017.7976,33.68246140015112
NGA,1973,15162871287.1287,23.532323371987008
NGA,1974,24846641318.1242,63.86501505961972
NGA,1975,27778934624.6973,11.801568143675656
NGA,1976,36308883248.731,30.70653622709496
NGA,1977,36035407725.3219,-0.753191778264517
NGA,1978,36527862208.7133,1.3665850186713957
NGA,1979,47259911894.2731,29.380448338966268
NGA,1980,64201788122.6054,35.848302608421264
NGA,1981,164475209515.939,156.18477977878533
NGA,1982,142769363314.176,-13.197032103284556
NGA,1983,97094911792.0489,-31.99177362836354
NGA,1984,73484359521.4887,-24.316982048583192
NGA,1985,73745821158.2254,0.35580583193386417
NGA,1986,54805852580.9129,-25.682768568914348
NGA,1987,52676041931.1087,-3.886100752943933
NGA,1988,49648470440.4593,-5.747530337622853
NGA,1989,44003061108.4005,-11.370761842157917
NGA,1990,54035795387.8086,22.80008260037343
NGA,1991,59526833412.3581,10.16185287019644
NGA,1992,52058181853.8055,-12.54669722949192
NGA,1993,56721051402.4732,8.957034960925814
NGA,1994,80399613063.6364,41.74563248686669
NGA,1995,140919776986.364,75.27419799250256
NGA,1996,185730236700.0,31.798559912546587
NGA,1997,200850397618.182,8.14092588629216
NGA,1998,218416200672.727,8.74571485187583
NGA,1999,59145077039.1437,-72.92092946540802
NGA,2000,69171451627.2465,16.952170983676453
NGA,2001,73557840064.489,6.341327721268608
NGA,2002,95054059302.6995,29.223559608825546
NGA,2003,104738954264.226,10.188828370480184
NGA,2004,135764731645.611,29.62200415245311
NGA,2005,175670569969.346,29.393376203108403
NGA,2006,238454997161.48,35.73986650301737
NGA,2007,278260846800.103,16.69323357130854
NGA,2008,339476276257.793,21.999296761166676
NGA,2009,295008835380.997,-13.098836056228013
NGA,2010,366990417129.04,24.399805400770603
NGA,2011,414466676831.16,12.936648339083611
NGA,2012,463971018239.281,11.944106529048536
NGA,2013,520117180313.906,12.101221815037832
NGA,2014,574183763411.508,10.395077329491652
NGA,2015,493026682800.63,-14.134339175438182
NGA,2016,404649125252.16,-17.925512072986137
NGA,2017,375745731053.427,-7.1428287854870876
NGA,2018,421739251509.08,12.240596939506743
NGA,2019,474517491092.913,12.514424349875043
NGA,2020,432198898221.967,-8.918236664675405
NGA,2021,440838992188.478,1.999101340159748
NGA,2022,472624597402.898,7.210252672211492
NIC,1960,,
NIC,1961,,
NIC,1962,,
NIC,1963,,
NIC,1964,,
NIC,1965,,
NIC,1966,,
NIC,1967,,
NIC,1968,,
NIC,1969,,
NIC,1970,,
NIC,1971,,
NIC,1972,,
NIC,1973,,
NIC,1974,,
NIC,1975,,
NIC,1976,,
NIC,1977,,
NIC,1978,,
NIC,1979,,
NIC,1980,,
NIC,1981,,
NIC,1982,,
NIC,1983,,
NIC,1984,,
NIC,1985,,
NIC,1986,,
NIC,1987,,
NIC,1988,2588999218.76,
NIC,1989,1013211920.5298,-60.86472667940481
NIC,1990,1009455483.87097,-0.37074540702854986
NIC,1991,1488804123.71134,47.48586218009401
NIC,1992,1792800000.0,20.418795961610382
NIC,1993,1756454248.36601,-2.0273176948901184
NIC,1994,3863185119.04762,119.94225711494933
NIC,1995,4140470000.0,7.177623448206338
NIC,1996,4308351902.78601,4.054658113354526
NIC,1997,4389973489.86032,1.8944967569044069
NIC,1998,4635267224.84195,5.5875903475999245
NIC,1999,4855717874.68247,4.755942627407772
NIC,2000,5107329007.0922,5.181749411793901
NIC,2001,5323146565.70315,4.22564433016277
NIC,2002,5224213017.54386,-1.8585539011214736
NIC,2003,5322454925.84746,1.8805111501710492
NIC,2004,5795568204.64532,8.889004893217201
NIC,2005,6321324279.14826,9.071691608797416
NIC,2006,6763418645.81377,6.993698585023056
NIC,2007,7423365339.17706,9.757590471968868
NIC,2008,8496948362.72092,14.462214568343935
NIC,2009,8298736418.16444,-2.332742722388481
NIC,2010,8758619000.75242,5.541597653124408
NIC,2011,9774319976.77873,11.59658818289795
NIC,2012,10531980241.4474,7.751539406001395
NIC,2013,10982995267.0341,4.282338318598278
NIC,2014,11880434070.7811,8.171166261363139
NIC,2015,12756685522.4807,7.375584481838637
NIC,2016,13286101284.7856,4.150104361920093
NIC,2017,13785924374.2151,3.7619996921283816
NIC,2018,13025234958.647,-5.51787021979373
NIC,2019,12699028991.3771,-2.5044152240289774
NIC,2020,12678162403.5929,-0.1643164040208811
NIC,2021,14145880399.1935,11.576740767925964
NIC,2022,15671583939.9889,10.78549724541984
NLD,1960,12276734172.0828,
NLD,1961,13493833739.9949,9.913870829587367
NLD,1962,14647057370.1418,8.546300868735447
NLD,1963,15891241386.291,8.494429868797294
NLD,1964,18699380731.3465,17.670987915884375
NLD,1965,21000586933.2041,12.306323053789692
NLD,1966,22867203317.4022,8.888401024862702
NLD,1967,25087562181.3218,9.709796310027485
NLD,1968,27817605743.2503,10.882059971379254
NLD,1969,34035946604.1815,22.353975817778714
NLD,1970,38164716625.0685,12.130616106853797
NLD,1971,44579122807.0175,16.807163131759516
NLD,1972,54706557264.4878,22.717886355260596
NLD,1973,71840909664.1968,31.320472821695144
NLD,1974,87243413394.5405,21.439739282727686
NLD,1975,100249523353.085,14.907841695426383
NLD,1976,109168720620.103,8.89699718132726
NLD,1977,127016990212.804,16.349252323668175
NLD,1978,155859695457.323,22.707753660511077
NLD,1979,179669405690.432,15.276374153848193
NLD,1980,195152092662.381,8.617319633497011
NLD,1981,164134217080.279,-15.894205980032138
NLD,1982,158479527935.958,-3.4451616761636217
NLD,1983,153445465987.182,-3.1764745985426446
NLD,1984,143912664148.352,-6.212501475688004
NLD,1985,143845822717.622,-0.04644582957694654
NLD,1986,200862095700.666,39.637072461235356
NLD,1987,245046310922.541,21.997288770560463
NLD,1988,261910508417.884,6.882045043589247
NLD,1989,258336705808.999,-1.3645128752080904
NLD,1990,318330511920.61,23.223105645686815
NLD,1991,327500327675.625,2.8805959251879454
NLD,1992,362962872180.451,10.828247030015214
NLD,1993,353550169672.52,-2.593296237542264
NLD,1994,379130260322.073,7.2352081384225775
NLD,1995,452301674444.139,19.299808477409975
NLD,1996,450490196078.431,-0.4005022461909258
NLD,1997,416812740004.518,-7.475735624677105
NLD,1998,438008220395.468,5.08513256833758
NLD,1999,447049523049.808,2.0641856096163647
NLD,2000,417479337444.707,-6.61452122873788
NLD,2001,431586852369.686,3.3792127321385035
NLD,2002,473861980070.981,9.795277003731172
NLD,2003,580070360701.96,22.41335770704156
NLD,2004,658380081545.175,13.500038296811145
NLD,2005,685348181515.953,4.096129382815716
NLD,2006,733955269898.823,7.092320326195911
NLD,2007,848558887541.179,15.614523437941141
NLD,2008,951869997864.062,12.174889903309104
NLD,2009,871518638049.218,-8.441421622190791
NLD,2010,847380859016.668,-2.7696228145595803
NLD,2011,905270626332.687,6.831611394101644
NLD,2012,838923319919.531,-7.329002453325306
NLD,2013,877172824534.512,4.559356464026987
NLD,2014,892167986713.722,1.7094877725113644
NLD,2015,765572770634.375,-14.18961652565648
NLD,2016,784060430240.08,2.41487946212946
NLD,2017,833869641687.06,6.352726081550686
NLD,2018,914043438179.607,9.614667867071148
NLD,2019,910194347568.626,-0.42110587420733925
NLD,2020,909793466661.481,-0.04404344063615451
NLD,2021,1029678338329.44,13.177152404477098
NLD,2022,1009398719033.08,-1.9695101413186755
NOR,1960,5163271598.15702,
NOR,1961,5632460936.54576,9.087055163943214
NOR,1962,6066976682.67364,7.714491960495651
NOR,1963,6510239502.76489,7.306156645650885
NOR,1964,7159202706.48027,9.968346071442792
NOR,1965,8058681060.159,12.563945882752448
NOR,1966,8696460205.3397,7.914187699197961
NOR,1967,9514496703.39762,9.40654563744956
NOR,1968,10159934136.7838,6.783726491341313
NOR,1969,11063065083.4888,8.889141745862661
NOR,1970,12814123115.2613,15.82796466040759
NOR,1971,14583114840.0629,13.80501583206093
NOR,1972,17358610849.701,19.03225778633537
NOR,1973,22534253702.8686,29.81599678672875
NOR,1974,27145693810.1341,20.46413503669069
NOR,1975,32877805200.023,21.116098302666963
NOR,1976,35942270686.3374,9.32077268440128
NOR,1977,41508030431.1074,15.485275800578968
NOR,1978,46522900253.7054,12.081685809981725
NOR,1979,53132244623.9213,14.206647337489443
NOR,1980,64439382896.0156,21.28112288898778
NOR,1981,63596654760.8677,-1.307784304061066
NOR,1982,62647195537.6511,-1.492938939613564
NOR,1983,61627240831.0948,-1.6280931617175143
NOR,1984,62057955032.7758,0.6989022968941327
NOR,1985,65416879914.3907,5.412561338575994
NOR,1986,78693118044.0045,20.294820154963134
NOR,1987,94229907235.6215,19.743517067056573
NOR,1988,101900260856.222,8.14004157026369
NOR,1989,102633934390.615,0.7199918118248938
NOR,1990,119791843059.572,16.71757861649894
NOR,1991,121872464483.487,1.7368640224362464
NOR,1992,130838040067.584,7.3565227568789915
NOR,1993,120579213712.804,-7.840859087678808
NOR,1994,127131319428.701,5.433860044487293
NOR,1995,152029612324.788,19.584704231792927
NOR,1996,163520109150.671,7.5580649389115795
NOR,1997,161356631888.484,-1.3230649572240072
NOR,1998,154230295158.447,-4.4165130658912926
NOR,1999,162383706021.13,5.286517058342333
NOR,2000,171457201935.968,5.587688652491596
NOR,2001,174239354070.977,1.6226510777004322
NOR,2002,195914852576.467,12.44007051165974
NOR,2003,229385469337.024,17.084267129513897
NOR,2004,265268662473.297,15.64318491488741
NOR,2005,309978579743.888,16.85457937387975
NOR,2006,346915160681.708,11.915849465578532
NOR,2007,402643260487.572,16.063898647829376
NOR,2008,464917553191.489,15.466369070354569
NOR,2009,387976400617.019,-16.54941871871629
NOR,2010,431052143940.438,11.102671001358178
NOR,2011,501360549669.404,16.310881807997934
NOR,2012,512777309840.997,2.2771556675373006
NOR,2013,526014468085.106,2.5814633350710547
NOR,2014,501736471832.848,-4.615461688846545
NOR,2015,388159512245.53,-22.63677567078596
NOR,2016,370956547619.048,-4.431931740371809
NOR,2017,401745275035.261,8.299820454397633
NOR,2018,439788625883.8,9.469520418180387
NOR,2019,408742840909.091,-7.059251455700865
NOR,2020,367633418886.627,-10.057527107026976
NOR,2021,490293364377.183,33.36474302636305
NOR,2022,579422449510.271,18.178725556750752
NPL,1960,508334413.965087,
NPL,1961,531959561.160121,4.647560060070344
NPL,1962,574091100.695641,7.920064345424627
NPL,1963,496947904.443033,-13.437448544165143
NPL,1964,496098775.308642,-0.17086884295097748
NPL,1965,735267081.655502,48.20981591782083
NPL,1966,906811943.824649,23.330959109838357
NPL,1967,841974025.462659,-7.150095320593586
NPL,1968,772231413.882625,-8.283226022526158
NPL,1969,788641964.643457,2.1250819981957436
NPL,1970,865975307.776,9.80588741147006
NPL,1971,882765470.722173,1.9388731751825095
NPL,1972,1024098397.79931,16.01024640910742
NPL,1973,972101724.995368,-5.077312191453265
NPL,1974,1217953546.97604,25.290750510893645
NPL,1975,1575789254.46938,29.380078442382462
NPL,1976,1452788944.45628,-7.805631981829841
NPL,1977,1382400000.0,-4.845090866424762
NPL,1978,1604162497.45945,16.041847327795857
NPL,1979,1851250008.33333,15.40289785263016
NPL,1980,1945916583.33333,5.1136569655023445
NPL,1981,2275583316.66667,16.94146276140085
NPL,1982,2395423680.22852,5.266357978814651
NPL,1983,2447174803.54051,2.160416286235156
NPL,1984,2581207387.79709,5.477033518924146
NPL,1985,2619913955.51556,1.4995528023613813
NPL,1986,2850782092.69387,8.812050361130218
NPL,1987,2957255379.54315,3.7348798816351225
NPL,1988,3487009748.35638,17.913717309563882
NPL,1989,3525225832.99053,1.0959557727695968
NPL,1990,3627560281.90505,2.9029189550590306
NPL,1991,3921476084.89072,8.102299621367482
NPL,1992,3401211581.29176,-13.267057922487835
NPL,1993,3660041666.66667,7.609937788010468
NPL,1994,4066775510.20408,11.1128200326702
NPL,1995,4401104417.67068,8.220982609630756
NPL,1996,4521580381.47139,2.7374029872363925
NPL,1997,4918691916.53516,8.782582671560156
NPL,1998,4856255044.39064,-1.2693796075055164
NPL,1999,5033642384.10596,3.6527599579065706
NPL,2000,5494252207.90502,9.15062669635538
NPL,2001,6007055042.17687,9.333441838254908
NPL,2002,6050875806.66403,0.729488312983384
NPL,2003,6330473096.54071,4.62077389803226
NPL,2004,7273938314.71988,14.90354992101186
NPL,2005,8130258415.25477,11.772441055789562
NPL,2006,9043715355.8881,11.235275608453165
NPL,2007,10325618017.379,14.17451358258739
NPL,2008,12545438605.3959,21.498186203292935
NPL,2009,12854985464.0764,2.4674056317756987
NPL,2010,16002656434.4746,24.48599400749576
NPL,2011,21573872273.8375,34.81431887371402
NPL,2012,21703100747.4797,0.5990045366075059
NPL,2013,22162205046.022,2.1153857408859666
NPL,2014,22731612827.0632,2.5692740404611003
NPL,2015,24360801337.6944,7.1670607933791874
NPL,2016,24524109483.5293,0.6703726350011596
NPL,2017,28971588880.3546,18.135131062810995
NPL,2018,33111525183.2178,14.289641896963602
NPL,2019,34186180695.9969,3.2455633101545533
NPL,2020,33433659223.6349,-2.2012446463495094
NPL,2021,36924841428.7182,10.442118171185166
NPL,2022,40828247303.5337,10.571219059534354
NRU,1960,,
NRU,1961,,
NRU,1962,,
NRU,1963,,
NRU,1964,,
NRU,1965,,
NRU,1966,,
NRU,1967,,
NRU,1968,,
NRU,1969,,
NRU,1970,,
NRU,1971,,
NRU,1972,,
NRU,1973,,
NRU,1974,,
NRU,1975,,
NRU,1976,,
NRU,1977,,
NRU,1978,,
NRU,1979,,
NRU,1980,,
NRU,1981,,
NRU,1982,,
NRU,1983,,
NRU,1984,,
NRU,1985,,
NRU,1986,,
NRU,1987,,
NRU,1988,,
NRU,1989,,
NRU,1990,,
NRU,1991,,
NRU,1992,,
NRU,1993,,
NRU,1994,,
NRU,1995,,
NRU,1996,,
NRU,1997,,
NRU,1998,,
NRU,1999,,
NRU,2000,,
NRU,2001,,
NRU,2002,,
NRU,2003,,
NRU,2004,,
NRU,2005,,
NRU,2006,,
NRU,2007,,
NRU,2008,,
NRU,2009,,
NRU,2010,47562844.6104251,
NRU,2011,65071879.7787162,36.81242219994001
NRU,2012,101055722.95058,55.29860716215769
NRU,2013,94385014.9425842,-6.6010195298469405
NRU,2014,99149244.4001333,5.047654503680743
NRU,2015,84863440.5801997,-14.408383953266302
NRU,2016,97541943.0355053,14.939887386870488
NRU,2017,109355638.866955,12.111400966402242
NRU,2018,130995566.30391,19.788579410415874
NRU,2019,125160115.547819,-4.454693331034376
NRU,2020,124685688.161094,-0.3790563668373603
NRU,2021,145536615.893046,16.72279155648768
NRU,2022,151647846.128953,4.199101510233083
NZL,1960,5485854791.97096,
NZL,1961,5670064168.21773,3.357897414936617
NZL,1962,6077496267.76294,7.185669993454047
NZL,1963,6638937283.13963,9.238031430060435
NZL,1964,7274144350.81809,9.567902822212893
NZL,1965,5654463586.00366,-22.266271972349184
NZL,1966,5863733230.97616,3.7009637039753684
NZL,1967,5961418093.53003,1.665915871442336
NZL,1968,5180597620.64135,-13.097898195332258
NZL,1969,5761588761.69421,11.214751339459061
NZL,1970,,
NZL,1971,7911136757.06867,
NZL,1972,9567331064.65727,20.93497253866552
NZL,1973,12802281897.8712,33.81246882073705
NZL,1974,13940981798.1247,8.894507317815314
NZL,1975,12861983284.3912,-7.739759863101215
NZL,1976,13604832424.0062,5.77554116802883
NZL,1977,15446825318.4556,13.539254560748137
NZL,1978,18530518394.6488,19.963280561662433
NZL,1979,20731243113.2926,11.876217771000519
NZL,1980,23244547384.6748,12.12326852590284
NZL,1981,24417617184.2478,5.046645048233578
NZL,1982,24164603058.9949,-1.0361949871837695
NZL,1983,24309279705.5731,0.5987131103498466
NZL,1984,21665975318.8842,-10.873643393402975
NZL,1985,24679795396.4194,13.910382676880161
NZL,1986,30604668356.5695,24.006977630818184
NZL,1987,40376354069.9474,31.928742372012486
NZL,1988,45176811594.2029,11.889279343893367
NZL,1989,43920222524.7085,-2.7814912676476844
NZL,1990,45495129385.0475,3.5858353391834186
NZL,1991,42745329732.163,-6.044162726984692
NZL,1992,41649829859.6342,-2.5628527827322167
NZL,1993,46775620817.4327,12.306871300730737
NZL,1994,55314732279.1379,18.255474352833765
NZL,1995,63918703506.9075,15.554574474573757
NZL,1996,70140835299.0148,9.734446180428069
NZL,1997,66075143415.4952,-5.79646915550307
NZL,1998,56227169851.0448,-14.904203086664758
NZL,1999,58762260625.8758,4.508657970064789
NZL,2000,52623281956.7031,-10.447145163896943
NZL,2001,53872425916.6248,2.3737477281433383
NZL,2002,66627729311.4495,23.676868412358743
NZL,2003,88250885550.2626,32.45368927062822
NZL,2004,103905210084.034,17.73843337226979
NZL,2005,114720129550.095,10.408447716254422
NZL,2006,111538810712.665,-2.7731130098147427
NZL,2007,137188946865.584,22.996601800781512
NZL,2008,133131369930.414,-2.957655866507647
NZL,2009,121373602348.679,-8.831703292680482
NZL,2010,146517541181.254,20.716151078998312
NZL,2011,168291357111.739,14.860893620613691
NZL,2012,176206659722.524,4.703332807239491
NZL,2013,190906575136.003,8.342428961894655
NZL,2014,201313497220.917,5.451316738305145
NZL,2015,178064471137.921,-11.548667329286433
NZL,2016,188838342527.975,6.050545244204852
NZL,2017,206556258844.567,9.382584108398007
NZL,2018,211886686924.483,2.5806180406894086
NZL,2019,213091987153.092,0.5688418871916179
NZL,2020,212569779569.519,-0.2450620459969799
NZL,2021,255551704625.831,20.2201484817625
NZL,2022,248101705541.399,-2.9152609626846404
OED,1960,1073493800833.99,
OED,1961,1136693306880.0,5.8872725670992
OED,1962,1226937167068.74,7.939156467494435
OED,1963,1322131904575.66,7.758729628702055
OED,1964,1445096831239.7,9.300503696982165
OED,1965,1568558028052.79,8.543454953615592
OED,1966,1721564335988.78,9.754583840671316
OED,1967,1848030179343.33,7.345984155852903
OED,1968,2004624217662.54,8.47356499204215
OED,1969,2205073735188.11,9.999356276324978
OED,1970,2409793706644.89,9.284041988705471
OED,1971,2667865777737.13,10.709301397070558
OED,1972,3095864028573.83,16.042720529955833
OED,1973,3741416810231.78,20.852103829486857
OED,1974,4191601450741.88,12.032464260035525
OED,1975,4699459950496.31,12.116097050795304
OED,1976,5095692090249.62,8.431439866009804
OED,1977,5750216340189.43,12.844658553687193
OED,1978,6912222472362.14,20.20804198358961
OED,1979,7980895442563.75,15.460627525728476
OED,1980,8868572542392.95,11.122525112846816
OED,1981,9029538087040.62,1.8150107458470233
OED,1982,8886875949965.1,-1.5799494470295383
OED,1983,9186686537153.57,3.373633084072125
OED,1984,9606069677783.52,4.565118652234901
OED,1985,10116678922653.3,5.315485541924558
OED,1986,12260286310250.2,21.188844718565946
OED,1987,14198967736254.0,15.812692925310955
OED,1988,16004524434765.4,12.716112410772663
OED,1989,16746595179367.4,4.6366310203510785
OED,1990,18856485088343.4,12.598918683933324
OED,1991,19966715737476.2,5.887792151778681
OED,1992,21476873748809.3,7.563377128160509
OED,1993,21809003524767.4,1.5464530817782984
OED,1994,23305560982010.0,6.862108374383258
OED,1995,25681295886679.9,10.193854190009732
OED,1996,25899388210744.5,0.849226320303087
OED,1997,25507727602748.3,-1.5122388405827913
OED,1998,25774931850050.8,1.0475423427122932
OED,1999,27071122123056.4,5.02887953514819
OED,2000,27669612109064.8,2.2108059772619093
OED,2001,27415355083325.6,-0.9189034697595244
OED,2002,28601703298663.3,4.327312966518004
OED,2003,31985348235245.4,11.830221792211336
OED,2004,35608843977402.2,11.3286111988113
OED,2005,37648161960570.8,5.72699856379153
OED,2006,39718287206540.4,5.498609063936932
OED,2007,43483774607883.4,9.480487871397791
OED,2008,46172647165986.5,6.183622701456137
OED,2009,43184012193503.8,-6.472739069386324
OED,2010,45297220132987.1,4.8934960698283625
OED,2011,48721217592038.2,7.558957147919143
OED,2012,48676832992568.1,-0.09109911792793968
OED,2013,49322705153139.4,1.3268573998433952
OED,2014,50329424990157.0,2.0410880422959243
OED,2015,47447635272040.2,-5.725854644038542
OED,2016,48350692190870.0,1.9032706554333645
OED,2017,50475936774223.1,4.395479127710211
OED,2018,53402556614341.3,5.798049579958975
OED,2019,53912943272767.9,0.9557345018375685
OED,2020,52575486320263.9,-2.480771538918314
OED,2021,58575950626292.4,11.413045748120387
OED,2022,59787849615043.1,2.068936100555119
OMN,1960,,
OMN,1961,,
OMN,1962,,
OMN,1963,,
OMN,1964,,
OMN,1965,63279974.6880101,
OMN,1966,67759972.8960108,7.079646017699104
OMN,1967,107151832.489651,58.13440872252664
OMN,1968,188879848.896121,76.27309258977301
OMN,1969,239999808.000154,27.064803049555408
OMN,1970,256319794.944164,6.799999999999806
OMN,1971,301010587.102984,17.435560202658284
OMN,1972,366883548.347591,21.883935006601618
OMN,1973,483066990.612417,31.667662065553316
OMN,1974,1645917776.49102,240.72246882453666
OMN,1975,2096699189.34569,27.38784520668487
OMN,1976,2560220034.74233,22.107169581216347
OMN,1977,2741169947.88651,7.06774850163967
OMN,1978,2740301389.69311,-0.0316856747269334
OMN,1979,3733352634.62652,36.23876003816584
OMN,1980,5981760277.93862,60.22489336952299
OMN,1981,7259120150.55009,21.354247132278292
OMN,1982,7554719455.70353,4.072109278023728
OMN,1983,7932541690.79328,5.001141833327871
OMN,1984,8821443150.92488,11.205758441374257
OMN,1985,10005645420.4606,13.424133095632595
OMN,1986,7324167369.14305,-26.799650983375646
OMN,1987,7811183094.92848,6.649434689835765
OMN,1988,8386215864.75943,7.36166036364323
OMN,1989,9372171651.49545,11.756861528919194
OMN,1990,11685045513.6541,24.678099678099706
OMN,1991,11341482444.7334,-2.9401945291461895
OMN,1992,12452275682.7048,9.794074481746563
OMN,1993,12493107932.3797,0.32790993963949244
OMN,1994,12918855656.697,3.407860771088389
OMN,1995,13802600780.2341,6.840738429328108
OMN,1996,15277763328.9987,10.687569482391268
OMN,1997,15837451235.3706,3.663415215429855
OMN,1998,13996914694.4083,-11.621418835700869
OMN,1999,15593456176.8531,11.406381458355309
OMN,2000,19507452535.7607,25.100249197593083
OMN,2001,19452000520.156,-0.284260671674319
OMN,2002,20142756046.814,3.551077052163576
OMN,2003,21633708192.4577,7.401927234677119
OMN,2004,24763712873.8622,14.46818388026394
OMN,2005,31081991677.5033,25.51426288870424
OMN,2006,37215779713.9142,19.734218128790147
OMN,2007,42085379453.8362,13.084771506483728
OMN,2008,60905452535.7607,44.71879148094266
OMN,2009,48388363589.0767,-20.551672182937274
OMN,2010,64993498049.4148,34.31637945302739
OMN,2011,77497529258.7776,19.23889555822329
OMN,2012,87408842652.7958,12.789199202625689
OMN,2013,89936020806.2419,2.891215667371916
OMN,2014,92699089726.9181,3.072260586922071
OMN,2015,78710793237.9714,-15.090004152311277
OMN,2016,75128738621.5865,-4.550906513615038
OMN,2017,80856697009.1027,7.624190812476139
OMN,2018,91505851755.5267,13.170405347160209
OMN,2019,88060858257.4772,-3.7647794452024597
OMN,2020,75909397659.2978,-13.798935007708291
OMN,2021,88191977373.212,16.180578548445055
OMN,2022,114667360208.062,30.020171475247803
OSS,1960,,
OSS,1961,,
OSS,1962,,
OSS,1963,,
OSS,1964,,
OSS,1965,,
OSS,1966,,
OSS,1967,,
OSS,1968,,
OSS,1969,,
OSS,1970,3136923992.11117,
OSS,1971,3723946505.88747,18.71331646072909
OSS,1972,4507178166.39767,21.03230159917522
OSS,1973,6530337346.79635,44.88749070276214
OSS,1974,12039013476.7078,84.35515406587524
OSS,1975,13438720822.943,11.626428934092093
OSS,1976,16706366683.04,24.315155461213056
OSS,1977,18812638115.8048,12.607597287464344
OSS,1978,20755032855.9388,10.324946071769524
OSS,1979,26950704568.9859,29.851418477876713
OSS,1980,37435558675.6492,38.90382190129815
OSS,1981,37633103245.3883,0.5276923244305509
OSS,1982,35596919862.9793,-5.4106177987288895
OSS,1983,33627899193.4083,-5.531435520686101
OSS,1984,33870717972.3895,0.7220753743332198
OSS,1985,32189612516.5958,-4.963300326742681
OSS,1986,32598782101.1783,1.2711230505541016
OSS,1987,38689782101.9316,18.684747122909062
OSS,1988,43468212976.8671,12.350627518000245
OSS,1989,45515134895.2239,4.709008671339054
OSS,1990,54472367102.5445,19.679678480444363
OSS,1991,56090973116.8991,2.9714258815071615
OSS,1992,61187678062.438,9.08649763468512
OSS,1993,58272700910.4132,-4.763993739148365
OSS,1994,60955347498.7162,4.603607772406537
OSS,1995,69997987337.8144,14.834858974905618
OSS,1996,73782152795.5301,5.4061060919553094
OSS,1997,76825374562.4277,4.124604191654813
OSS,1998,75277199806.3524,-2.015186733410934
OSS,1999,81023028368.5387,7.632893594564094
OSS,2000,91448741120.7644,12.867592044083631
OSS,2001,90982919680.0924,-0.509379828484291
OSS,2002,98158426362.9159,7.886652470654365
OSS,2003,122189958973.3,24.482393922589594
OSS,2004,151627543898.66,24.09165628068708
OSS,2005,183686012223.55,21.14290550423754
OSS,2006,215631590221.716,17.39140482797761
OSS,2007,263863491372.664,22.367734292250564
OSS,2008,322995663616.479,22.410137884630842
OSS,2009,277207828476.991,-14.175990670220228
OSS,2010,322487066056.584,16.334039997485593
OSS,2011,396892626077.256,23.072416804343
OSS,2012,413908571026.452,4.287291784021163
OSS,2013,431963057170.373,4.361950297174966
OSS,2014,446497829205.868,3.364818308932893
OSS,2015,370348122609.664,-17.054888426141357
OSS,2016,366414818900.209,-1.0620557981336431
OSS,2017,399197184232.786,8.94679026109615
OSS,2018,443324754299.418,11.05407848791331
OSS,2019,434461797325.026,-1.999201914271198
OSS,2020,378440036056.011,-12.894519521380253
OSS,2021,457103617285.36,20.786273579602565
OSS,2022,530807158164.414,16.12403360900172
PAK,1960,3749265014.69971,
PAK,1961,4118647627.04746,9.852133975579624
PAK,1962,4310163796.72407,4.649977056034338
PAK,1963,4630827383.45233,7.439707673568696
PAK,1964,5204955900.88198,12.397968438236884
PAK,1965,5929231415.37169,13.91511337045106
PAK,1966,6561108777.82444,10.656986010270941
PAK,1967,7464510709.7858,13.76904365638203
PAK,1968,8041999160.0168,7.736454172058815
PAK,1969,8683116337.67325,7.9721119699185605
PAK,1970,10027509449.811,15.482841181165119
PAK,1971,10665896682.0664,6.366358819711038
PAK,1972,9415016359.56604,-11.727849610652862
PAK,1973,6383429490.21091,-32.19948594433312
PAK,1974,8899191919.19192,39.41082818943909
PAK,1975,11230606060.6061,26.19804317722685
PAK,1976,13168080808.0808,17.251738125432347
PAK,1977,15126060606.0606,14.869135650946607
PAK,1978,17811515151.5152,17.75382642840009
PAK,1979,19688383838.3838,10.537389272629817
PAK,1980,23654444444.4444,20.144165405433156
PAK,1981,28100606060.6061,18.796305390321464
PAK,1982,30725971563.981,9.342736230359705
PAK,1983,28691889763.7795,-6.6200731715379995
PAK,1984,31151825467.4978,8.573627335009881
PAK,1985,31144920844.3272,-0.0221644255737119
PAK,1986,31899070055.7967,2.42141957990194
PAK,1987,33351529274.6869,4.553296432622056
PAK,1988,38472742808.3167,15.355258499395696
PAK,1989,40171106279.0078,4.4144590344204815
PAK,1990,40010423970.4576,-0.39999473112385386
PAK,1991,45625336680.2047,14.033624622155871
PAK,1992,48884671947.4657,7.14369581556451
PAK,1993,51809999353.1614,5.984140404663907
PAK,1994,52293470813.1336,0.9331624512801673
PAK,1995,60636071684.1918,15.953427342525806
PAK,1996,63320170084.4076,4.4265703988795035
PAK,1997,62433340468.0228,-1.4005483800858975
PAK,1998,62191955814.3478,-0.38662780473620595
PAK,1999,62973857068.5113,1.257238567151009
PAK,2000,99484802344.5277,57.9779403321206
PAK,2001,97145618479.9038,-2.351297695222865
PAK,2002,97923302809.3537,0.8005346423429094
PAK,2003,112371913740.823,14.755028187314334
PAK,2004,132216048339.413,17.659336695429918
PAK,2005,145208562960.767,9.826730404164552
PAK,2006,161871385506.36,11.475096375752303
PAK,2007,184140869997.46,13.757517686920039
PAK,2008,202203748583.854,9.809271883337555
PAK,2009,187337783856.466,-7.351972864747891
PAK,2010,196709621849.586,5.002641645585215
PAK,2011,230586581059.665,17.221810957464513
PAK,2012,250106966104.704,8.465533837802997
PAK,2013,258657231672.412,3.4186435111641433
PAK,2014,271390474857.632,4.92282512377098
PAK,2015,299963590534.773,10.528415078727482
PAK,2016,313630000130.435,4.5560228064004615
PAK,2017,339205534861.1,8.15468377388273
PAK,2018,356128166704.921,4.988902038627008
PAK,2019,320909472770.669,-9.88933120907377
PAK,2020,300425609817.981,-6.383065845901759
PAK,2021,348516647445.148,16.007635852450775
PAK,2022,374697366359.244,7.512042568416044
PAN,1960,537147100.0,
PAN,1961,599026300.0,11.519972834257143
PAN,1962,652120900.0,8.863483957215234
PAN,1963,722784500.0,10.83596615290201
PAN,1964,776137500.0,7.38159160856382
PAN,1965,852485300.0,9.836891014800852
PAN,1966,928833000.0,8.95589636560301
PAN,1967,1034376400.0,11.363011434778914
PAN,1968,1112791100.0,7.580867080880815
PAN,1969,1221305700.0,9.751569724092878
PAN,1970,1351006400.0,10.619839078782656
PAN,1971,1523917200.0,12.798666238738775
PAN,1972,1673411700.0,9.809883371616257
PAN,1973,1913793400.0,14.364767498637665
PAN,1974,2188307600.0,14.343983002553994
PAN,1975,2435304100.0,11.28710150254928
PAN,1976,2588106000.0,6.274448435413049
PAN,1977,2738261900.0,5.801767779217704
PAN,1978,3244558600.0,18.48971057151254
PAN,1979,3704551600.0,14.177367608647916
PAN,1980,4614086400.0,24.551818902994892
PAN,1981,5222421500.0,13.184302313888185
PAN,1982,5769767900.0,10.48070133749257
PAN,1983,5923755900.0,2.6688768537812324
PAN,1984,6183387100.0,4.382881475585454
PAN,1985,6541517100.0,5.791809476071785
PAN,1986,6797834200.0,3.918312771818644
PAN,1987,6827665300.0,0.4388324151830547
PAN,1988,5902783400.0,-13.546093127910064
PAN,1989,5918469800.0,0.26574581747316195
PAN,1990,6433967000.0,8.709974324782399
PAN,1991,7074675500.0,9.958218623129401
PAN,1992,8042337700.0,13.67783158393625
PAN,1993,8782585400.0,9.20438469028726
PAN,1994,9365289800.0,6.634770667871903
PAN,1995,9573813700.0,2.226561104387814
PAN,1996,9870494000.0,3.0988727094198643
PAN,1997,10677286100.0,8.173776307447223
PAN,1998,11575486400.0,8.412252810196774
PAN,1999,12130252200.0,4.792591696189974
PAN,2000,12304115000.0,1.4332991361877934
PAN,2001,12502013400.0,1.6083919891840992
PAN,2002,12994310400.0,3.9377417400624504
PAN,2003,13693981200.0,5.3844396390592575
PAN,2004,15013381700.0,9.634893466919614
PAN,2005,16374393900.0,9.065327367251319
PAN,2006,18141666300.0,10.792902691805883
PAN,2007,21295984200.0,17.38714541342876
PAN,2008,25155888600.0,18.125034108543336
PAN,2009,27116635600.0,7.7943857646118
PAN,2010,29440287600.0,8.569101396929945
PAN,2011,34686224300.0,17.81890439140954
PAN,2012,40429700000.0,16.558376750161298
PAN,2013,45599900000.0,12.7881235824159
PAN,2014,49921400000.0,9.476994467093135
PAN,2015,54091800000.0,8.353932381704032
PAN,2016,57907700000.0,7.054488850435736
PAN,2017,62202700000.0,7.416975635364564
PAN,2018,67294169200.0,8.185286490779342
PAN,2019,69721787500.0,3.6074719828772306
PAN,2020,57086836900.0,-18.121954489477197
PAN,2021,67406738100.0,18.077549502484345
PAN,2022,76522511800.0,13.523534822997174
PER,1960,,
PER,1961,,
PER,1962,,
PER,1963,,
PER,1964,,
PER,1965,,
PER,1966,,
PER,1967,,
PER,1968,,
PER,1969,,
PER,1970,,
PER,1971,,
PER,1972,,
PER,1973,,
PER,1974,,
PER,1975,,
PER,1976,,
PER,1977,,
PER,1978,,
PER,1979,,
PER,1980,,
PER,1981,,
PER,1982,15203143381.0,
PER,1983,14124541992.5,-7.094594594483484
PER,1984,20339340469.3333,44.00000000094375
PER,1985,15044388198.1818,-26.033057852269003
PER,1986,21777475654.2857,44.7548106802883
PER,1987,36533467759.4118,67.75804661373684
PER,1988,15439408447.2,-57.73900099252833
PER,1989,22499558526.3682,45.72811259778922
PER,1990,26410386962.8019,17.38180076667031
PER,1991,34341465998.2003,30.030150813651634
PER,1992,35966302303.263,4.731412180096961
PER,1993,34832077220.8537,-3.1535771257375056
PER,1994,44882079766.8913,28.852722398136898
PER,1995,53312793687.3836,18.784142723064036
PER,1996,55252414130.3019,3.6381894640372447
PER,1997,58147522522.5225,5.239786238829414
PER,1998,55501467877.381,-4.550588796137611
PER,1999,50187324567.883,-9.574779754003071
PER,2000,51744749133.213,3.103222932761507
PER,2001,52030158775.4055,0.5515721826339082
PER,2002,54777553515.0809,5.280388921230972
PER,2003,58731030121.8671,7.217329641598114
PER,2004,66768703497.5687,13.685565124642629
PER,2005,76060606060.6061,13.91655382880954
PER,2006,88643193061.748,16.54284346763677
PER,2007,102170981144.136,15.260944033192336
PER,2008,120550599815.441,17.989079154849506
PER,2009,120822986521.479,0.2259521781351692
PER,2010,147527631520.729,22.10228845361528
PER,2011,171761737046.585,16.42682477583928
PER,2012,192650021648.583,12.161197808760349
PER,2013,201175543571.392,4.425393700894875
PER,2014,200786250582.943,-0.1935091023183233
PER,2015,189802976285.619,-5.470132673644857
PER,2016,191898104390.379,1.1038436518546524
PER,2017,211007984080.911,9.958347296467673
PER,2018,222597009739.235,5.492221400437702
PER,2019,228325821196.153,2.573624624890125
PER,2020,201947615138.567,-11.552879091552548
PER,2021,223717799056.526,10.78011438908122
PER,2022,242631573320.79,8.454300169243623
PHL,1960,7515894110.56487,
PHL,1961,8171194424.94498,8.718860387601435
PHL,1962,4954593071.82796,-39.36513055297517
PHL,1963,5505023238.40669,11.109492920992858
PHL,1964,5953756194.80988,8.151336279064768
PHL,1965,6517349771.93386,9.466185021403572
PHL,1966,7189017887.69231,10.305847303928717
PHL,1967,7724873935.12821,7.453814356941479
PHL,1968,8632749269.48718,11.752623304705146
PHL,1969,9571800652.5641,10.877778952714824
PHL,1970,7559115516.69532,-21.02723624242656
PHL,1971,8375075629.8327,10.794386080424644
PHL,1972,9067815521.3262,8.27144639776034
PHL,1973,11412449735.3056,25.85665983681689
PHL,1974,15607882555.2916,36.761895274833
PHL,1975,16875240683.5083,8.119987600669276
PHL,1976,19381055197.2794,14.849059404645782
PHL,1977,22283109803.3521,14.9736666891082
PHL,1978,25762224562.6316,15.613237066022666
PHL,1979,31218296292.1295,21.178573753339602
PHL,1980,36848080898.8112,18.033606171202354
PHL,1981,40499388869.1271,9.909085849932818
PHL,1982,42206011275.1757,4.213946071046926
PHL,1983,37759179894.5298,-10.536014293445895
PHL,1984,35730185633.5233,-5.373512525097091
PHL,1985,34961486348.2382,-2.1514002002941846
PHL,1986,33987207294.9432,-2.7867209179568975
PHL,1987,37791488666.0743,11.193274393265984
PHL,1988,43152128958.6116,14.184782028313126
PHL,1989,48513773720.673,12.424983173376901
PHL,1990,50508286641.5746,4.111230209353289
PHL,1991,51784144942.727,2.526037579152818
PHL,1992,60422328242.1803,16.681135334004438
PHL,1993,62036529147.1831,2.6715304622703107
PHL,1994,73159336915.2718,17.929448860202335
PHL,1995,84644328727.4825,15.69860020124545
PHL,1996,94648084429.0341,11.818577631774119
PHL,1997,94106317565.0846,-0.5724012981538129
PHL,1998,74492416329.9142,-20.842278969852668
PHL,1999,85640171045.1254,14.964952493740702
PHL,2000,83669788254.7279,-2.300769330971164
PHL,2001,78921234457.5487,-5.675350561092007
PHL,2002,84307345887.543,6.824666982232075
PHL,2003,87039092974.2272,3.2402242745585452
PHL,2004,95001999685.3314,9.148655436313046
PHL,2005,107419977318.166,13.071280261432182
PHL,2006,127652926368.069,18.835368946295027
PHL,2007,155980408673.403,22.1910167759537
PHL,2008,181624626327.361,16.440665768258555
PHL,2009,175974755881.372,-3.110740300054704
PHL,2010,208368893151.144,18.40840017508507
PHL,2011,234216730295.938,12.404844482254273
PHL,2012,261920540972.102,11.828280004233527
PHL,2013,283902828581.65,8.39273144746957
PHL,2014,297483555344.802,4.783582759988669
PHL,2015,306445871246.718,3.0127096913065143
PHL,2016,318627003012.52,3.9749701036092766
PHL,2017,328480736798.792,3.0925607977691616
PHL,2018,346841896583.515,5.5897219312345925
PHL,2019,376823402244.928,8.644141886184675
PHL,2020,361751145451.597,-3.9998197308176553
PHL,2021,394087359844.049,8.938800830080208
PHL,2022,404284326110.463,2.587488791939241
PLW,1960,,
PLW,1961,,
PLW,1962,,
PLW,1963,,
PLW,1964,,
PLW,1965,,
PLW,1966,,
PLW,1967,,
PLW,1968,,
PLW,1969,,
PLW,1970,,
PLW,1971,,
PLW,1972,,
PLW,1973,,
PLW,1974,,
PLW,1975,,
PLW,1976,,
PLW,1977,,
PLW,1978,,
PLW,1979,,
PLW,1980,,
PLW,1981,,
PLW,1982,,
PLW,1983,,
PLW,1984,,
PLW,1985,,
PLW,1986,,
PLW,1987,,
PLW,1988,,
PLW,1989,,
PLW,1990,,
PLW,1991,,
PLW,1992,,
PLW,1993,,
PLW,1994,,
PLW,1995,,
PLW,1996,,
PLW,1997,,
PLW,1998,,
PLW,1999,,
PLW,2000,146297500.0,
PLW,2001,156907900.0,7.25261880756678
PLW,2002,163184900.0,4.00043592451369
PLW,2003,153963200.0,-5.651074333470807
PLW,2004,165186200.0,7.2894042212684695
PLW,2005,190452900.0,15.295890334664763
PLW,2006,192382400.0,1.0131113781937762
PLW,2007,198897700.0,3.386640357953752
PLW,2008,198283900.0,-0.30860085360464584
PLW,2009,187522800.0,-5.427117380684965
PLW,2010,185943000.0,-0.8424575571610471
PLW,2011,196911100.0,5.898635603383839
PLW,2012,212397800.0,7.864818184449729
PLW,2013,221117200.0,4.105221428847194
PLW,2014,241669800.0,9.294889768864657
PLW,2015,280457700.0,16.04995742124171
PLW,2016,298300000.0,6.361850646282852
PLW,2017,285600000.0,-4.257458933959102
PLW,2018,288546281.25,1.0316110819327706
PLW,2019,281970375.0,-2.278977993240039
PLW,2020,257885921.875,-8.541483524643322
PLW,2021,232903015.625,-9.687580488441505
PLW,2022,,
PNG,1960,230496036.879366,
PNG,1961,244832039.173126,6.21963070942646
PNG,1962,261184041.789447,6.67886550777701
PNG,1963,275968044.154887,5.660377358490409
PNG,1964,305312048.849928,10.633116883116966
PNG,1965,344176055.068169,12.729273661041795
PNG,1966,390992062.55873,13.602342987308758
PNG,1967,441728182.676509,12.976253222572275
PNG,1968,485184189.62947,9.837725700373777
PNG,1969,551263864.202218,13.619502857917198
PNG,1970,645568215.290914,17.106935029229973
PNG,1971,717750278.105664,11.181167397193237
PNG,1972,858761926.08968,19.646338327612156
PNG,1973,1299079410.43638,51.27352191213912
PNG,1974,1467417672.17002,12.958273403555287
PNG,1975,1356603608.09695,-7.551637558596247
PNG,1976,1511843235.49111,11.44325626642928
PNG,1977,1640746618.68467,8.526240033854204
PNG,1978,1947878830.62383,18.71905195120118
PNG,1979,2293760510.9609,17.756837586570896
PNG,1980,2545808455.52399,10.988415894277592
PNG,1981,2498190847.39668,-1.870431690333485
PNG,1982,2368719683.44848,-5.182597001470857
PNG,1983,2562351551.04491,8.1745370272996
PNG,1984,2552662617.18854,-0.378126641226062
PNG,1985,2423339171.50015,-5.0662177139109925
PNG,1986,2647995602.28698,9.270531893715805
PNG,1987,3143851794.08723,18.72571810058885
PNG,1988,3656177880.70625,16.296127176941756
PNG,1989,3546472565.69364,-3.00054643379164
PNG,1990,3219729083.06487,-9.213196396596512
PNG,1991,3787394957.98319,17.630858381971603
PNG,1992,4377980510.05598,15.593450343168858
PNG,1993,4974550286.18152,13.626597349057468
PNG,1994,5502786069.65174,10.618764573303663
PNG,1995,4636057476.42568,-15.750723038391957
PNG,1996,5155311077.38998,11.200327079737505
PNG,1997,4936615298.79367,-4.242145145332943
PNG,1998,3789443014.61662,-23.23803283714202
PNG,1999,3477038204.01733,-8.24408255762875
PNG,2000,3521339699.07407,1.2741158554298915
PNG,2001,3081024212.42924,-12.504203634787348
PNG,2002,2999511040.19764,-2.645651790166592
PNG,2003,3536411824.2958,17.8996101998939
PNG,2004,3927157866.96465,11.0492233959957
PNG,2005,4865892972.27595,23.90367632551682
PNG,2006,8354911040.70193,71.70355139961171
PNG,2007,9545028944.34579,14.244531124820625
PNG,2008,11670892800.5309,22.271947718339934
PNG,2009,11619456449.266,-0.4407233631908425
PNG,2010,14250786674.7766,22.64589774056789
PNG,2011,17985138065.8549,26.204528046777753
PNG,2012,21295168665.7247,18.40425460038002
PNG,2013,21261338064.8783,-0.15886514625663706
PNG,2014,23210823987.308,9.169159139847661
PNG,2015,21723437010.0982,-6.408161028764514
PNG,2016,20758876952.6232,-4.440181620553984
PNG,2017,22742699138.356,9.556500528715329
PNG,2018,24109780708.0268,6.011078814146509
PNG,2019,24751066910.5409,2.6598591263859994
PNG,2020,23848445103.9227,-3.6467995900160477
PNG,2021,26113333244.5115,9.497005489117871
PNG,2022,31603619041.7903,21.024837181338185
POL,1960,,
POL,1961,,
POL,1962,,
POL,1963,,
POL,1964,,
POL,1965,,
POL,1966,,
POL,1967,,
POL,1968,,
POL,1969,,
POL,1970,,
POL,1971,,
POL,1972,,
POL,1973,,
POL,1974,,
POL,1975,,
POL,1976,,
POL,1977,,
POL,1978,,
POL,1979,,
POL,1980,,
POL,1981,,
POL,1982,,
POL,1983,,
POL,1984,,
POL,1985,,
POL,1986,,
POL,1987,,
POL,1988,,
POL,1989,,
POL,1990,65977748210.5263,
POL,1991,85500935934.9901,29.590563870364118
POL,1992,94337050693.2727,10.334524016206181
POL,1993,96043157272.862,1.8085222794769429
POL,1994,110803635287.621,15.368588907197168
POL,1995,142293781028.568,28.419776715092194
POL,1996,160193242090.427,12.579229346829557
POL,1997,159358178533.659,-0.5212851340486768
POL,1998,174685791563.561,9.618341004484176
POL,1999,170030662134.734,-2.664858651158919
POL,2000,172220451786.957,1.2878792711445097
POL,2001,190905493539.168,10.84949061411422
POL,2002,199070448694.9,4.276961864409001
POL,2003,217828661056.935,9.422901533107142
POL,2004,255107252158.631,17.113721821919615
POL,2005,306145944824.93,20.006758817880275
POL,2006,344626667414.292,12.569404638486148
POL,2007,429020755432.721,24.48855413646063
POL,2008,533599779515.715,24.37621554638143
POL,2009,439731589139.212,-17.59149721945088
POL,2010,475696613935.595,8.178858577521254
POL,2011,524374183218.309,10.232902202096517
POL,2012,495230523665.901,-5.557798321332463
POL,2013,515761954074.157,4.145832986277553
POL,2014,539080475073.719,4.521178969360196
POL,2015,477111287969.227,-11.49534994678072
POL,2016,470024559642.469,-1.4853407382000694
POL,2017,524641206566.631,11.619955979684748
POL,2018,588779850758.053,12.225239532967613
POL,2019,596058473058.766,1.2362213637816977
POL,2020,599442783598.064,0.567781634229747
POL,2021,681346136411.701,13.663247778549392
POL,2022,688125010520.52,0.9949236880566703
PRE,1960,18443988245.7716,
PRE,1961,19533547184.223,5.907393368140923
PRE,1962,20834497521.8101,6.66008239731215
PRE,1963,22102222964.945,6.084742105288643
PRE,1964,24151909680.0735,9.273667713783308
PRE,1965,26109276423.7822,8.104397414684028
PRE,1966,28560474639.3602,9.388227294362217
PRE,1967,28147580848.455,-1.4456825249541727
PRE,1968,29249077893.6992,3.913292055806128
PRE,1969,32413291916.4965,10.818166761691073
PRE,1970,41285104881.4373,27.37091001986616
PRE,1971,39200444662.587,-5.049424543880987
PRE,1972,46020262918.3706,17.397298205375854
PRE,1973,56501949141.5204,22.77624150418678
PRE,1974,81674564509.804,44.55176458644596
PRE,1975,94230613401.3167,15.373267022446747
PRE,1976,113622074335.152,20.578727266954555
PRE,1977,123491335720.91,8.68604225323908
PRE,1978,137653951751.953,11.468509874288246
PRE,1979,177775812247.876,29.14690060494669
PRE,1980,225214998078.674,26.684837060202927
PRE,1981,322454686473.975,43.17638222359079
PRE,1982,298834645231.199,-7.325073020665296
PRE,1983,239029927052.413,-20.012645499157887
PRE,1984,221439303505.472,-7.359172035007921
PRE,1985,220083414369.401,-0.6123073522209976
PRE,1986,213367061416.22,-3.0517306233298735
PRE,1987,233177927844.307,9.284875695710838
PRE,1988,245696449802.93,5.368656490927215
PRE,1989,248242023324.961,1.0360644299389765
PRE,1990,406714861767.161,63.83803850758631
PRE,1991,221557831422.664,-45.52502201173485
PRE,1992,170271061740.865,-23.14825404837967
PRE,1993,177783300896.002,4.4119294719439095
PRE,1994,185211121857.43,4.178019490015572
PRE,1995,274997760194.794,48.477994969696844
PRE,1996,332565487839.374,20.933889644701864
PRE,1997,365637813164.297,9.944605358718572
PRE,1998,390147405181.649,6.703243246435986
PRE,1999,240516103272.971,-38.35250469986108
PRE,2000,278338197586.22,15.725389609494545
PRE,2001,265759597022.196,-4.5191787088897595
PRE,2002,305593263940.059,14.9886090151379
PRE,2003,332219627552.373,8.713007370979419
PRE,2004,414080241790.959,24.64051111058483
PRE,2005,516817659395.877,24.810992468648905
PRE,2006,652739438827.27,26.29975523481065
PRE,2007,791128662328.913,21.201296454566453
PRE,2008,987167868333.43,24.779686963612193
PRE,2009,904003901020.399,-8.4245010378459
PRE,2010,1064216809201.18,17.722590356074775
PRE,2011,1239034064027.83,16.426845856519677
PRE,2012,1346208604021.81,8.649846126552706
PRE,2013,1471559782482.3,9.311423065192281
PRE,2014,1562757808863.22,6.197371487489467
PRE,2015,1338986801176.84,-14.31898189324392
PRE,2016,1223274837744.55,-8.641755342964574
PRE,2017,1302929583567.18,6.511598486689696
PRE,2018,1353328613575.52,3.868131527903218
PRE,2019,1426582966203.49,5.412902076638315
PRE,2020,1309417999889.29,-8.212979482434623
PRE,2021,1432814193024.43,9.42374346049717
PRE,2022,1617245641605.59,12.87197247759364
PRI,1960,1691900000.0,
PRI,1961,1865100000.0,10.237011643714178
PRI,1962,2094400000.0,12.294246957267706
PRI,1963,2333600000.0,11.420932009167295
PRI,1964,2570500000.0,10.15169694892013
PRI,1965,2881500000.0,12.098813460416258
PRI,1966,3170500000.0,10.029498525073755
PRI,1967,3532700000.0,11.424065604794187
PRI,1968,3941700000.0,11.577546918787341
PRI,1969,4460700000.0,13.166907679427652
PRI,1970,5034700000.0,12.867935525814334
PRI,1971,5646800000.0,12.157626075039229
PRI,1972,6328900000.0,12.079407806191123
PRI,1973,7002400000.0,10.641659688097448
PRI,1974,7684800000.0,9.745230206786237
PRI,1975,8198300000.0,6.682021653133452
PRI,1976,8968600000.0,9.395850359220814
PRI,1977,9910900000.0,10.506656557322213
PRI,1978,11165000000.0,12.65374486676285
PRI,1979,12750000000.0,14.196148678907306
PRI,1980,14436100000.0,13.2243137254902
PRI,1981,15955700000.0,10.526388706090973
PRI,1982,16764200000.0,5.067154684532804
PRI,1983,17276600000.0,3.056513284260509
PRI,1984,19162600000.0,10.916499774261146
PRI,1985,20289200000.0,5.879160447955911
PRI,1986,22009300000.0,8.477909429647301
PRI,1987,24025800000.0,9.162036048397715
PRI,1988,26385800000.0,9.822773851443035
PRI,1989,28161200000.0,6.728619181529449
PRI,1990,30603919000.0,8.674058633865034
PRI,1991,32287031000.0,5.499661660978772
PRI,1992,34630430000.0,7.258019481568301
PRI,1993,36922456000.0,6.618531736394839
PRI,1994,39690630000.0,7.4972639956562
PRI,1995,42647331000.0,7.449367772695981
PRI,1996,45340835000.0,6.315762175128858
PRI,1997,48187039000.0,6.277352413117221
PRI,1998,54086400000.0,12.242630222620644
PRI,1999,57841000000.0,6.941855993373558
PRI,2000,61701800000.0,6.674850019882084
PRI,2001,69208400000.0,12.165933570819654
PRI,2002,71623500000.0,3.4896053080262
PRI,2003,74827400000.0,4.4732524939440355
PRI,2004,80322313000.0,7.343450393839679
PRI,2005,83914521300.0,4.472242102888635
PRI,2006,87276164400.0,4.006032624534561
PRI,2007,89524131600.0,2.5756943094992435
PRI,2008,93639300000.0,4.5967141221618935
PRI,2009,96385600000.0,2.9328497756818006
PRI,2010,98381300000.0,2.0705375076774946
PRI,2011,100351700000.0,2.0028196415375676
PRI,2012,101564800000.0,1.2088484798961963
PRI,2013,102450000000.0,0.8715618009389026
PRI,2014,102445800000.0,-0.004099560761350318
PRI,2015,103375500000.0,0.9075042607896044
PRI,2016,104336700000.0,0.9298141242364055
PRI,2017,103445500000.0,-0.8541577412358281
PRI,2018,100958100000.0,-2.404551188790227
PRI,2019,105126400000.0,4.1287425179356685
PRI,2020,103130900000.0,-1.8981911299159826
PRI,2021,106368900000.0,3.1396991590299406
PRI,2022,113434800000.0,6.642825111475248
PRK,1960,,
PRK,1961,,
PRK,1962,,
PRK,1963,,
PRK,1964,,
PRK,1965,,
PRK,1966,,
PRK,1967,,
PRK,1968,,
PRK,1969,,
PRK,1970,,
PRK,1971,,
PRK,1972,,
PRK,1973,,
PRK,1974,,
PRK,1975,,
PRK,1976,,
PRK,1977,,
PRK,1978,,
PRK,1979,,
PRK,1980,,
PRK,1981,,
PRK,1982,,
PRK,1983,,
PRK,1984,,
PRK,1985,,
PRK,1986,,
PRK,1987,,
PRK,1988,,
PRK,1989,,
PRK,1990,,
PRK,1991,,
PRK,1992,,
PRK,1993,,
PRK,1994,,
PRK,1995,,
PRK,1996,,
PRK,1997,,
PRK,1998,,
PRK,1999,,
PRK,2000,,
PRK,2001,,
PRK,2002,,
PRK,2003,,
PRK,2004,,
PRK,2005,,
PRK,2006,,
PRK,2007,,
PRK,2008,,
PRK,2009,,
PRK,2010,,
PRK,2011,,
PRK,2012,,
PRK,2013,,
PRK,2014,,
PRK,2015,,
PRK,2016,,
PRK,2017,,
PRK,2018,,
PRK,2019,,
PRK,2020,,
PRK,2021,,
PRK,2022,,
PRT,1960,3193200404.37297,
PRT,1961,3417516639.37596,7.024809175640745
PRT,1962,3668222357.65702,7.335903368910568
PRT,1963,3905734459.72693,6.4748556361129195
PRT,1964,4235608177.67102,8.44588185258126
PRT,1965,4687464054.83455,10.668028254964469
PRT,1966,5135387845.97108,9.555780820858795
PRT,1967,5740241165.63433,11.778142913544155
PRT,1968,6354262628.33537,10.696788601445228
PRT,1969,6969025825.62868,9.67481568281292
PRT,1970,8108235704.32357,16.346759320440896
PRT,1971,9201604240.28269,13.484666403766488
PRT,1972,11239117865.0852,22.14302605933325
PRT,1973,15090564186.4268,34.268226097230304
PRT,1974,17512391475.9274,16.048619916271335
PRT,1975,19347607843.1373,10.479530278503635
PRT,1976,20332831564.9867,5.0922249915193785
PRT,1977,21439523310.6338,5.442880604749778
PRT,1978,23487614051.0949,9.552874430959314
PRT,1979,26622819672.1311,13.348335911071608
PRT,1980,32896519823.7885,23.565122811633454
PRT,1981,31977276872.9642,-2.794347109506612
PRT,1982,30527754793.1382,-4.53297535492
PRT,1983,27239650741.9472,-10.770867603830702
PRT,1984,25217969049.5755,-7.421834117933268
PRT,1985,27115807742.0873,7.5257396374025065
PRT,1986,38745901353.7059,42.89045608465194
PRT,1987,48182925857.4071,24.35618781339457
PRT,1988,56347250696.3788,16.944435593498962
PRT,1989,60594092182.3275,7.536909846466799
PRT,1990,78713860216.5659,29.90352257397646
PRT,1991,89233599278.4792,13.364532031551079
PRT,1992,107592098307.098,20.573527434801562
PRT,1993,95009751901.2592,-11.694489282963193
PRT,1994,99688641304.3478,4.924641217831227
PRT,1995,118122007430.012,18.490939272998453
PRT,1996,122630089680.27,3.816462612125071
PRT,1997,117016535162.95,-4.577632236880913
PRT,1998,123946327916.296,5.9220628466703396
PRT,1999,127470385557.184,2.843212622860336
PRT,2000,118605192877.388,-6.954707668801252
PRT,2001,121604107164.997,2.528484811545484
PRT,2002,134795565549.419,10.847872404937231
PRT,2003,165226175536.793,22.57537914050849
PRT,2004,189382122532.169,14.61992745211058
PRT,2005,197253876704.921,4.156545542684409
PRT,2006,208756449275.848,5.831354375931541
PRT,2007,240496147317.381,15.204176039415485
PRT,2008,263416394624.084,9.53040103235223
PRT,2009,244667762835.543,-7.117488573669373
PRT,2010,238113003233.284,-2.6790450553409784
PRT,2011,245117990242.248,2.9418750399368365
PRT,2012,216224240577.957,-11.787690342816347
PRT,2013,226433858005.714,4.721772822726611
PRT,2014,229901964221.884,1.5316199824155774
PRT,2015,199394066525.44,-13.269959567200607
PRT,2016,206426152308.931,3.5267277036018507
PRT,2017,221357874718.93,7.233445105178649
PRT,2018,242313116577.967,9.46668009242726
PRT,2019,239986922638.902,-0.9599950559492365
PRT,2020,229031860520.777,-4.564857950451162
PRT,2021,255534839405.899,11.571743260897849
PRT,2022,255196660987.427,-0.13234141350675355
PRY,1960,,
PRY,1961,,
PRY,1962,,
PRY,1963,,
PRY,1964,,
PRY,1965,443587301.587302,
PRY,1966,465888888.888889,5.027553138195007
PRY,1967,492674603.174603,5.749378215392942
PRY,1968,517650793.650794,5.069510446703407
PRY,1969,556293650.793651,7.465043542254346
PRY,1970,594611111.111111,6.88799166821219
PRY,1971,664571428.571429,11.76572656531556
PRY,1972,769039682.539683,15.719642686538627
PRY,1973,995531746.031746,29.451284326979565
PRY,1974,1333475396.8254,33.94604462798092
PRY,1975,1511420634.92063,13.344471035525917
PRY,1976,1698960317.46032,12.408172695719365
PRY,1977,2092158730.15873,23.143472431785828
PRY,1978,2559857142.85714,22.354824514817096
PRY,1979,3416777777.77778,33.475330344575504
PRY,1980,4448087301.5873,30.18368740621662
PRY,1981,5624515873.01587,26.447964971567917
PRY,1982,5419411764.70588,-3.646609111621424
PRY,1983,5673248726.16438,4.683847112552364
PRY,1984,4502462807.13993,-20.63695733319285
PRY,1985,3282449235.76129,-27.096582995509987
PRY,1986,3723993942.79088,13.451684255131635
PRY,1987,3971044723.8024,6.634027466391967
PRY,1988,4255683528.33333,7.167856932580197
PRY,1989,4757732199.96213,11.797133604655485
PRY,1990,5812114523.01187,22.161447486643592
PRY,1991,6984367762.90371,20.169135264808435
PRY,1992,7157424031.06045,2.4777656909176216
PRY,1993,7249533620.30614,1.2869097715319189
PRY,1994,7870982004.8195,8.572253293269316
PRY,1995,9062131475.02318,15.133428960634454
PRY,1996,9788391780.52421,8.01423271669288
PRY,1997,9965225678.05093,1.8065674269246434
PRY,1998,9260481572.42462,-7.07203357349504
PRY,1999,8837070235.51892,-4.5722388581443845
PRY,2000,8855705139.55857,0.2108719693632244
PRY,2001,8495806432.18467,-4.064032188314714
PRY,2002,7196260656.84556,-15.296320434232591
PRY,2003,7691367471.17992,6.880056712000582
PRY,2004,9624440836.29309,25.133025724704083
PRY,2005,10737500188.1123,11.564924869421422
PRY,2006,13429430050.261,25.07035916170681
PRY,2007,17856393235.4338,32.96463936745224
PRY,2008,24615267663.5456,37.851285749574856
PRY,2009,22355151161.994,-9.181766911674739
PRY,2010,27260886405.2263,21.944540690794078
PRY,2011,33756238766.5,23.82663668643015
PRY,2012,33271921136.315,-1.4347499836552924
PRY,2013,38501122141.4241,15.716558667247016
PRY,2014,40377929295.6419,4.874681697130345
PRY,2015,36211447840.0971,-10.318710068162162
PRY,2016,36089700222.9461,-0.3362130608215774
PRY,2017,38997129473.5558,8.056119149366436
PRY,2018,40225448340.6322,3.149767389698077
PRY,2019,37925338329.1494,-5.718046923940523
PRY,2020,35432178068.1814,-6.573864257531914
PRY,2021,39950899938.7482,12.753158617208115
PRY,2022,41722295229.2279,4.433930883147963
PSE,1960,,
PSE,1961,,
PSE,1962,,
PSE,1963,,
PSE,1964,,
PSE,1965,,
PSE,1966,,
PSE,1967,,
PSE,1968,,
PSE,1969,,
PSE,1970,,
PSE,1971,,
PSE,1972,,
PSE,1973,,
PSE,1974,,
PSE,1975,,
PSE,1976,,
PSE,1977,,
PSE,1978,,
PSE,1979,,
PSE,1980,,
PSE,1981,,
PSE,1982,,
PSE,1983,,
PSE,1984,,
PSE,1985,,
PSE,1986,,
PSE,1987,,
PSE,1988,,
PSE,1989,,
PSE,1990,,
PSE,1991,,
PSE,1992,,
PSE,1993,,
PSE,1994,2843300000.0,
PSE,1995,3282800000.0,15.457391059684177
PSE,1996,3409600000.0,3.862556354331659
PSE,1997,3759800000.0,10.270999530736734
PSE,1998,4067800000.0,8.191925102399056
PSE,1999,4271200000.0,5.0002458331284805
PSE,2000,4313600000.0,0.9926952612848927
PSE,2001,4003700000.0,-7.184254451038575
PSE,2002,3555800000.0,-11.187151884506829
PSE,2003,3968000000.0,11.592328027448119
PSE,2004,4603100000.0,16.00554435483872
PSE,2005,5125700000.0,11.353218483196104
PSE,2006,5348300000.0,4.342821468287261
PSE,2007,5815700000.0,8.739225548305063
PSE,2008,7310400000.0,25.701119383737115
PSE,2009,8085700000.0,10.605438826876767
PSE,2010,9681500000.0,19.73607727222133
PSE,2011,11186100000.0,15.540980220007228
PSE,2012,12208400000.0,9.139020748965244
PSE,2013,13515500000.0,10.70656269453818
PSE,2014,13989700000.0,3.5085642410565665
PSE,2015,13972400000.0,-0.12366240877216272
PSE,2016,15405400000.0,10.255933125304173
PSE,2017,16128000000.0,4.690563049320362
PSE,2018,16276600000.0,0.9213789682539719
PSE,2019,17133500000.0,5.264613002715546
PSE,2020,15531700000.0,-9.348936294394028
PSE,2021,18109000000.0,16.59380492798599
PSE,2022,19111900000.0,5.53813021149705
PSS,1960,,
PSS,1961,,
PSS,1962,,
PSS,1963,,
PSS,1964,,
PSS,1965,,
PSS,1966,,
PSS,1967,,
PSS,1968,,
PSS,1969,,
PSS,1970,,
PSS,1971,437447620.704662,
PSS,1972,525633065.44564,20.159086612226762
PSS,1973,716679317.389917,36.34593493130136
PSS,1974,1018241258.71443,42.07766765514804
PSS,1975,1137316407.19546,11.69419795769886
PSS,1976,1140399982.46557,0.27112730024829723
PSS,1977,1189769093.58896,4.329104865176592
PSS,1978,1379938899.22468,15.98375740809248
PSS,1979,1690541200.27531,22.508409700251384
PSS,1980,1966098871.623,16.299967803376482
PSS,1981,2023806842.7531,2.935151022311633
PSS,1982,1974340784.10766,-2.4442084886988735
PSS,1983,1877614909.96221,-4.899147853503272
PSS,1984,1979415833.78969,5.421821231145252
PSS,1985,1873327091.11216,-5.359598567746016
PSS,1986,2042413981.57409,9.026020670076695
PSS,1987,1987652106.80162,-2.681232858103766
PSS,1988,2033226862.71953,2.2928940010153775
PSS,1989,2103611535.6127,3.4617225546109243
PSS,1990,2354687466.0651,11.935470318633312
PSS,1991,2500551371.96273,6.194618521556139
PSS,1992,2743014361.46894,9.696381055186887
PSS,1993,2908044325.09111,6.016372569547679
PSS,1994,3426105661.74915,17.814767546289325
PSS,1995,3716903983.91075,8.487721946471938
PSS,1996,3978860484.90595,7.047706966042799
PSS,1997,3985888227.50516,0.1766270173551021
PSS,1998,3413057976.54108,-14.371457960391043
PSS,1999,3750909522.21424,9.898793047036115
PSS,2000,3435656409.26622,-8.40471120620152
PSS,2001,3389381028.84804,-1.346915258853354
PSS,2002,3558832712.52145,4.99948758287001
PSS,2003,4239179347.08948,19.117128831998432
PSS,2004,4877983057.20364,15.069041854828512
PSS,2005,5419134785.44952,11.09375989829906
PSS,2006,5688865057.59385,4.977367842345615
PSS,2007,6273728190.35404,10.280840322965279
PSS,2008,6704438346.94149,6.865298328507019
PSS,2009,6031358946.02938,-10.039310768204224
PSS,2010,6634285955.01849,9.996536674144307
PSS,2011,7736812355.73422,16.61861439484269
PSS,2012,8198463635.32172,5.96694424474884
PSS,2013,8523914644.70586,3.969658509943108
PSS,2014,9263445656.65536,8.67595515411239
PSS,2015,9054326773.27404,-2.2574632715751553
PSS,2016,9504027215.73989,4.966691105000143
PSS,2017,10256679807.601,7.919301731529371
PSS,2018,10764416947.198,4.950307010858701
PSS,2019,10709524679.9782,-0.5099418527641397
PSS,2020,9492350931.30444,-11.365338659233926
PSS,2021,9500154100.4459,0.08220481098868415
PSS,2022,10324332231.7802,8.675418552375014
PST,1960,1046741634199.01,
PST,1961,1106728704067.59,5.7308382420924175
PST,1962,1194982342937.03,7.974279382569449
PST,1963,1287212060586.62,7.718082044870034
PST,1964,1404371222750.03,9.101776292401809
PST,1965,1525817187832.12,8.647711026453209
PST,1966,1673612181151.43,9.686284470900276
PST,1967,1796591761674.64,7.348152810324371
PST,1968,1948722162365.26,8.467722269238065
PST,1969,2142707737631.77,9.954501417023964
PST,1970,2345373966420.54,9.45841680736017
PST,1971,2600499560693.78,10.877821529783894
PST,1972,3017533340765.36,16.03667950477641
PST,1973,3644287250747.96,20.77040546712341
PST,1974,4069883782596.25,11.67845733787698
PST,1975,4559830057134.33,12.038335753792339
PST,1976,4948488553951.87,8.52353030590347
PST,1977,5595821609121.29,13.081429776218423
PST,1978,6726948923860.45,20.213784386825374
PST,1979,7731819776254.18,14.937988436770478
PST,1980,8560448392240.77,10.71712274685266
PST,1981,8659319951219.58,1.1549810763233914
PST,1982,8619543695805.66,-0.4593461800463605
PST,1983,8947749331083.17,3.8076915305530257
PST,1984,9349595721058.34,4.491033164945901
PST,1985,9844438479187.7,5.292664762122401
PST,1986,12035229351238.7,22.25409683531052
PST,1987,13954429275629.0,15.946517248487435
PST,1988,15718896283131.7,12.644494250899175
PST,1989,16413248070733.5,4.417306247811603
PST,1990,18415065842465.4,12.196353598660004
PST,1991,19444623831660.3,5.590846093098012
PST,1992,20875069152452.6,7.356508067094669
PST,1993,21031404311355.2,0.7489084599474394
PST,1994,22521943357227.0,7.0872064642256705
PST,1995,24976734015084.2,10.899550802171287
PST,1996,25095080550814.8,0.47382710509360493
PST,1997,24601809511219.9,-1.9656085127763734
PST,1998,24708014062399.1,0.4316940635231248
PST,1999,25945423419531.7,5.008129564794528
PST,2000,26398744972704.6,1.7472120066911012
PST,2001,26143663079923.6,-0.9662652260353566
PST,2002,27268411471911.2,4.302183624953915
PST,2003,30570427188324.4,12.10930720997283
PST,2004,33970416656653.1,11.121825178901146
PST,2005,35741466648908.4,5.2135068290616315
PST,2006,37604010452010.8,5.211156613684409
PST,2007,41042314403153.3,9.14345015282445
PST,2008,43475161351370.9,5.927655356664507
PST,2009,40925357140745.4,-5.864967791649378
PST,2010,42685417198862.4,4.300659007236085
PST,2011,45847634138446.9,7.408190307365148
PST,2012,45779625495594.1,-0.1483362099938046
PST,2013,46233111841911.4,0.9905855310261114
PST,2014,47149716647837.7,1.982572163994778
PST,2015,44580568561930.0,-5.448915218508588
PST,2016,45583281100458.6,2.2492143345719473
PST,2017,47532077024725.3,4.275242758352227
PST,2018,50380466224066.0,5.992562028920023
PST,2019,50878122051753.5,0.9877952011682289
PST,2020,49726001311157.6,-2.2644718282328835
PST,2021,55679122288175.9,11.971847363649823
PST,2022,56661681236277.5,1.7646811007835606
PYF,1960,,
PYF,1961,,
PYF,1962,,
PYF,1963,,
PYF,1964,,
PYF,1965,176534588.403052,
PYF,1966,215659453.550939,22.16271921656492
PYF,1967,220984367.626581,2.4691308393695266
PYF,1968,259590074.527934,17.469881383912565
PYF,1969,242943783.142736,-6.412529991938021
PYF,1970,254036000.752587,4.565754869855643
PYF,1971,296865513.746817,16.859623386979283
PYF,1972,326433558.076079,9.960080561758765
PYF,1973,431252938.061046,32.110479266515135
PYF,1974,555340842.860311,28.77381087701709
PYF,1975,690323388.529907,24.306252170173813
PYF,1976,732288906.273954,6.079109941996252
PYF,1977,793196378.708826,8.317410234272483
PYF,1978,1005569835.39664,26.774385560549074
PYF,1979,1215032463.67336,20.83024180952078
PYF,1980,1320416024.9559,8.673312395615994
PYF,1981,1234743073.00497,-6.488330218030425
PYF,1982,1235897957.89265,0.09353240467016022
PYF,1983,1284180701.00969,3.9066933324631403
PYF,1984,1325515445.08197,3.218763842174277
PYF,1985,1448281228.15853,9.261739162078797
PYF,1986,2212028299.56028,52.73472144445619
PYF,1987,2677977163.21163,21.064326516255427
PYF,1988,2723496362.04645,1.6997605304531538
PYF,1989,2731683484.45623,0.3006107341971376
PYF,1990,3320159522.36573,21.54261433500748
PYF,1991,3410078967.89823,2.708286903890378
PYF,1992,3713785765.42205,8.906151452293386
PYF,1993,3544608548.41734,-4.55538438915537
PYF,1994,3676123788.0323,3.7102895233292132
PYF,1995,4186994249.08861,13.896987438765262
PYF,1996,4166072829.60099,-0.49967633684173673
PYF,1997,3762859093.26192,-9.678509061918827
PYF,1998,3903186592.82431,3.72927861725334
PYF,1999,3911602004.14205,0.21560361303789577
PYF,2000,3599845480.34359,-7.970047143557468
PYF,2001,3573808556.31268,-0.723278934417626
PYF,2002,3965405552.5203,10.957413919554071
PYF,2003,4927780606.7707,24.26927186902086
PYF,2004,5564109981.9138,12.913102792538943
PYF,2005,5705052134.54253,2.533058352312656
PYF,2006,5877997979.62266,3.0314507387757317
PYF,2007,6631156405.59637,12.813179395173236
PYF,2008,7136741421.95908,7.624386840521824
PYF,2009,6584557973.9375,-7.737192863994813
PYF,2010,6086644798.55982,-7.561831444851452
PYF,2011,6203940036.91982,1.9270918912132506
PYF,2012,5692858099.00217,-8.238021884096035
PYF,2013,6031827122.60663,5.954285487352551
PYF,2014,6151996560.84289,1.9922560078997842
PYF,2015,5325846361.81186,-13.428976932292668
PYF,2016,5497036476.8031,3.2143269512754147
PYF,2017,5833352692.7995,6.118136880037439
PYF,2018,6135116253.33452,5.17307244095675
PYF,2019,6022276196.13871,-1.8392488835803245
PYF,2020,5792545870.80614,-3.814676010374052
PYF,2021,6150640646.38319,6.181992919241486
PYF,2022,5814661208.90544,-5.4625112536093035
QAT,1960,,
QAT,1961,,
QAT,1962,,
QAT,1963,,
QAT,1964,,
QAT,1965,,
QAT,1966,,
QAT,1967,,
QAT,1968,,
QAT,1969,,
QAT,1970,301791301.791302,
QAT,1971,387703105.521252,28.467289554077535
QAT,1972,510262500.1767,31.61166183868236
QAT,1973,793885559.971313,55.583755360504924
QAT,1974,2401403227.44085,202.4873292225676
QAT,1975,2512773165.81173,4.637702535678101
QAT,1976,3284273986.71808,30.703162203545876
QAT,1977,3617564637.88865,10.148076942375383
QAT,1978,4052000412.70087,12.009067378151217
QAT,1979,5632962996.82641,39.01684163629555
QAT,1980,7829165261.81396,38.988402129126044
QAT,1981,8661263763.73626,10.628189265345878
QAT,1982,7596703214.28571,-12.291053343828928
QAT,1983,6467582307.69231,-14.86330154994171
QAT,1984,6704395824.17582,3.661546235010449
QAT,1985,6153296456.04396,-8.219970636945618
QAT,1986,5053021950.54945,-17.8810579557529
QAT,1987,5446428681.31868,7.785573358264397
QAT,1988,6038187032.96703,10.865071155307483
QAT,1989,6487912087.91209,7.448014652240342
QAT,1990,7360439423.07692,13.448507367886076
QAT,1991,6883516483.51648,-6.479544387868474
QAT,1992,7646153983.51648,11.079184626436778
QAT,1993,7156593653.84615,-6.402700373622094
QAT,1994,7374450769.23077,3.044145384271424
QAT,1995,8137911978.02198,10.352787382847328
QAT,1996,9059340384.61539,11.322663713762292
QAT,1997,11297802115.3846,24.708882056916348
QAT,1998,10255495027.4725,-9.225750967019996
QAT,1999,12393131868.1319,20.843819190912605
QAT,2000,17759890109.8901,43.304293852940056
QAT,2001,17538461538.4615,-1.2467902113048046
QAT,2002,19363736263.7363,10.407268170426542
QAT,2003,23533791208.7912,21.535383916917027
QAT,2004,31734065934.0659,34.844682068103985
QAT,2005,44530494505.4945,40.32394902694105
QAT,2006,60882142857.1429,36.72011401003152
QAT,2007,79712087912.0879,30.928518891210178
QAT,2008,115270054945.055,44.60799856626878
QAT,2009,97798351648.3516,-15.15719178327062
QAT,2010,125122306346.154,27.939074879349434
QAT,2011,167775268626.374,34.08901540083469
QAT,2012,186833502362.637,11.359382042596877
QAT,2013,198727642967.033,6.366171191989922
QAT,2014,206224598571.429,3.7724774935511407
QAT,2015,161739955576.923,-21.570968401763214
QAT,2016,151732181868.132,-6.187570457215408
QAT,2017,161099122225.275,6.173337944407642
QAT,2018,183334953818.681,13.802577746086197
QAT,2019,176371267689.082,-3.798340678933554
QAT,2020,144411363345.27,-18.12081115170804
QAT,2021,179732009554.846,24.4583565942305
QAT,2022,236258302839.653,31.450320632818475
ROU,1960,,
ROU,1961,,
ROU,1962,,
ROU,1963,,
ROU,1964,,
ROU,1965,,
ROU,1966,,
ROU,1967,,
ROU,1968,,
ROU,1969,,
ROU,1970,,
ROU,1971,,
ROU,1972,,
ROU,1973,,
ROU,1974,,
ROU,1975,,
ROU,1976,,
ROU,1977,,
ROU,1978,,
ROU,1979,,
ROU,1980,,
ROU,1981,,
ROU,1982,,
ROU,1983,,
ROU,1984,,
ROU,1985,,
ROU,1986,,
ROU,1987,38067567567.5676,
ROU,1988,40424528301.8868,6.191519145886448
ROU,1989,41450777202.0725,2.538678726247001
ROU,1990,38247882300.4904,-7.726983950066824
ROU,1991,28850634899.856,-24.56932733374866
ROU,1992,25121666666.6667,-12.925082051514625
ROU,1993,26361160449.9704,4.933963179076639
ROU,1994,30072805104.2542,14.079974443188693
ROU,1995,37430162102.6125,24.465150400344626
ROU,1996,36937074278.3004,-1.3173542314893871
ROU,1997,35575214078.2428,-3.68697366173818
ROU,1998,41696091973.7076,17.205456253904128
ROU,1999,35953156753.739,-13.773317709462896
ROU,2000,37253739511.1273,3.617436895170667
ROU,2001,40395116581.4832,8.432380511539272
ROU,2002,46065502702.5817,14.03730599380857
ROU,2003,57806384143.166,25.487362020964753
ROU,2004,74973656851.8076,29.697883656110257
ROU,2005,98454380120.0761,31.318631442348234
ROU,2006,122023735992.706,23.93936749577259
ROU,2007,174588782938.583,43.07772296778318
ROU,2008,214317202478.266,22.75542498836176
ROU,2009,174102268534.84,-18.76421186838897
ROU,2010,170029359010.667,-2.3393776304287295
ROU,2011,192613579705.885,13.282541807265869
ROU,2012,179132893143.417,-6.9988245808279
ROU,2013,189789258566.244,5.948860220939611
ROU,2014,199713780259.318,5.229232554069951
ROU,2015,177883883008.747,-10.930591380437537
ROU,2016,185287630540.431,4.1621238565609175
ROU,2017,210147163769.848,13.416725745215064
ROU,2018,243316029944.056,15.783637323097244
ROU,2019,251017797625.017,3.1653350922796974
ROU,2020,251362514349.697,0.13732760303910574
ROU,2021,285810244501.933,13.704402281842265
ROU,2022,300691354864.855,5.206639947023084
RUS,1960,,
RUS,1961,,
RUS,1962,,
RUS,1963,,
RUS,1964,,
RUS,1965,,
RUS,1966,,
RUS,1967,,
RUS,1968,,
RUS,1969,,
RUS,1970,,
RUS,1971,,
RUS,1972,,
RUS,1973,,
RUS,1974,,
RUS,1975,,
RUS,1976,,
RUS,1977,,
RUS,1978,,
RUS,1979,,
RUS,1980,,
RUS,1981,,
RUS,1982,,
RUS,1983,,
RUS,1984,,
RUS,1985,,
RUS,1986,,
RUS,1987,,
RUS,1988,554828660436.137,
RUS,1989,506631299734.748,-8.686890951794425
RUS,1990,517014446227.929,2.049448286873945
RUS,1991,517962962962.963,0.18346039302272743
RUS,1992,460290556900.726,-11.134465239044678
RUS,1993,435083713850.837,-5.47628941588858
RUS,1994,395077301248.464,-9.195106902137152
RUS,1995,395537185734.854,0.11640367212613079
RUS,1996,391724890744.498,-0.9638272020551786
RUS,1997,404928954191.876,3.37074915568496
RUS,1998,270955486862.442,-33.08567242290867
RUS,1999,195907128350.934,-27.697670706188116
RUS,2000,259710142196.943,32.56798993639316
RUS,2001,306602070620.5,18.055486022566658
RUS,2002,345470494417.863,12.677156327972995
RUS,2003,430347420184.885,24.568502126366653
RUS,2004,591016690732.385,37.334781855662946
RUS,2005,764015973481.11,29.271471594879173
RUS,2006,989932071352.543,29.569551647210247
RUS,2007,1299703478481.65,31.292188231245667
RUS,2008,1660848058303.11,27.78669025671605
RUS,2009,1222645900055.7,-26.384241234873805
RUS,2010,1524916715223.95,24.722678508510064
RUS,2011,2045922753398.04,34.16619628945276
RUS,2012,2208293553878.42,7.936311388624073
RUS,2013,2292470078346.22,3.811835809598829
RUS,2014,2059241589895.01,-10.173676448569413
RUS,2015,1363482182197.71,-33.787167620909074
RUS,2016,1276786350881.14,-6.358413219366799
RUS,2017,1574199360089.0,23.293874421715778
RUS,2018,1657328773461.31,5.280742419283557
RUS,2019,1693115002708.32,2.159271583288258
RUS,2020,1493075894362.14,-11.814856523401895
RUS,2021,1836892075547.52,23.027374729150154
RUS,2022,2240422427458.58,21.96810347667162
RWA,1960,119000024.0,
RWA,1961,122000016.0,2.52100117223506
RWA,1962,125000008.0,2.4590095135725187
RWA,1963,128000000.0,2.399993446400428
RWA,1964,129999994.0,1.5624953124999896
RWA,1965,148799980.0,14.461528359762843
RWA,1966,124525702.857143,-16.31336048758676
RWA,1967,159560018.0,28.134203894475252
RWA,1968,172200018.0,7.921784014840116
RWA,1969,188700037.0,9.58189156519136
RWA,1970,219900006.0,16.534161569878236
RWA,1971,222952504.40607,1.3881302059036704
RWA,1972,246457838.336681,10.542753934622805
RWA,1973,290746157.145921,17.969937214469354
RWA,1974,308458423.183854,6.092003489161679
RWA,1975,571863500.248658,85.39402955704134
RWA,1976,637753853.12552,11.522042034193758
RWA,1977,746650613.034794,17.075045391821632
RWA,1978,905709076.42303,21.30293079673986
RWA,1979,1109346130.95265,22.483715779227452
RWA,1980,1254765641.52116,13.108578694336902
RWA,1981,1407062526.91521,12.137476541788295
RWA,1982,1407243139.2545,0.012836127452398038
RWA,1983,1479687586.94292,5.147969506307071
RWA,1984,1587413083.9206,7.280286590782592
RWA,1985,1715626330.59472,8.076867198137139
RWA,1986,1944710683.87148,13.352811692820566
RWA,1987,2157432667.61598,10.938490003100032
RWA,1988,2395492686.78165,11.03441246343657
RWA,1989,2405022593.05165,0.3978265649728696
RWA,1990,2550185679.08109,6.035830451191204
RWA,1991,1911600236.67461,-25.04074301901742
RWA,1992,2029026961.55894,6.142849463578415
RWA,1993,1971525711.83511,-2.833932264736916
RWA,1994,753636370.454545,-61.773951720210896
RWA,1995,1293535193.49248,71.63916766812923
RWA,1996,1382334879.40812,6.864883643087061
RWA,1997,1851558197.31088,33.94425800090275
RWA,1998,1989343546.17594,7.441588877150784
RWA,1999,2157240525.97173,8.43981825655673
RWA,2000,2068955252.83541,-4.092509484845319
RWA,2001,1966719933.25386,-4.941398294692034
RWA,2002,1966111528.56793,-0.03093499362277763
RWA,2003,2138354521.02184,8.760591144052142
RWA,2004,2376642785.76983,11.143534077507455
RWA,2005,2933999088.59914,23.451412478412227
RWA,2006,3319974269.10464,13.155259045761557
RWA,2007,4070746222.26691,22.61378831001437
RWA,2008,5180228095.99803,27.25499977528134
RWA,2009,5674899033.27806,9.549211504068467
RWA,2010,6125216482.26839,7.935250413260797
RWA,2011,6885492660.83242,12.412233604557809
RWA,2012,7655465589.74669,11.182539388854472
RWA,2013,7820741499.0814,2.1589269443790693
RWA,2014,8239766320.0954,5.357865632858694
RWA,2015,8544621756.79813,3.6998068253372596
RWA,2016,8696069807.42495,1.7724371533043737
RWA,2017,9252834120.39358,6.402482101664475
RWA,2018,9636254325.02444,4.143813664461882
RWA,2019,10346326599.029,7.368758130019137
RWA,2020,10172303393.0612,-1.6819805976754365
RWA,2021,11054517345.7109,8.672705861796072
RWA,2022,13311487445.0686,20.41672222110533
SAS,1960,47147779567.0292,
SAS,1961,50307314798.8582,6.701344709854573
SAS,1962,53695416445.6081,6.734809163034083
SAS,1963,60396894530.4729,12.480540292770058
SAS,1964,69145880249.901,14.485820483723465
SAS,1965,74260412305.0249,7.396727088641297
SAS,1966,62444760597.9718,-15.911104369472485
SAS,1967,68699960050.5407,10.017172606106639
SAS,1968,72004816964.9832,4.810565991612226
SAS,1969,79157009447.0174,9.932936133303949
SAS,1970,85695623709.0612,8.26030986734072
SAS,1971,91151981089.5369,6.367136551803587
SAS,1972,91635981395.2061,0.5309816636829723
SAS,1973,104761572323.097,14.323621276322761
SAS,1974,126910557742.559,21.142280445306728
SAS,1975,135841794095.403,7.037425815243226
SAS,1976,132583348018.062,-2.3987065976562194
SAS,1977,153524522489.129,15.794724438708663
SAS,1978,174688741592.875,13.785562567207865
SAS,1979,195656039708.793,12.002661376303125
SAS,1980,235917480422.416,20.577663114078447
SAS,1981,250092890361.873,6.008630608497345
SAS,1982,258743965953.363,3.4591449516906847
SAS,1983,273899513562.954,5.857353060872028
SAS,1984,272624713224.39,-0.4654262879043025
SAS,1985,296454642420.471,8.740927744311723
SAS,1986,313975467118.073,5.91011986000598
SAS,1987,348624425273.324,11.035562260098807
SAS,1988,374608450728.32,7.453300334485857
SAS,1989,378041404290.778,0.9164111369574401
SAS,1990,406989688413.065,7.65743746418337
SAS,1991,362086643424.485,-11.032968713204028
SAS,1992,384546459006.514,6.202884306809042
SAS,1993,380914811392.991,-0.9443976217868189
SAS,1994,432114259474.231,13.441180691820719
SAS,1995,479616531671.044,10.992988811480252
SAS,1996,524715251563.746,9.403078691965106
SAS,1997,550444437662.759,4.903456879199797
SAS,1998,558153189409.898,1.4004595595281222
SAS,1999,598033332783.548,7.145017556168209
SAS,2000,647686504213.636,8.302743126202872
SAS,2001,663315346921.869,2.4130258399020166
SAS,2002,695416323416.856,4.8394744134825585
SAS,2003,811619434178.715,16.709862401691566
SAS,2004,941543875013.263,16.00804950734327
SAS,2005,1075732708524.25,14.252000047166868
SAS,2006,1220695824211.18,13.475756062655964
SAS,2007,1535949630979.41,25.825746309237086
SAS,2008,1559598183074.45,1.539669766381624
SAS,2009,1702620252614.52,9.170443457309595
SAS,2010,2082235871786.71,22.295965209462153
SAS,2011,2293960102339.4,10.16811944417302
SAS,2012,2327825468877.16,1.4762840253073284
SAS,2013,2389729692833.0,2.659315519290195
SAS,2014,2614764107326.58,9.416730903435532
SAS,2015,2733399604482.97,4.537139576911464
SAS,2016,3010885154564.81,10.15166423624061
SAS,2017,3433943646490.54,14.050967413497318
SAS,2018,3534083235323.88,2.9161686720072355
SAS,2019,3658216510053.27,3.5124604165700735
SAS,2020,3489923527067.67,-4.600410678895262
SAS,2021,4062850047299.39,16.41659239201465
SAS,2022,4390347563465.91,8.060782759733165
SAU,1960,,
SAU,1961,,
SAU,1962,,
SAU,1963,,
SAU,1964,,
SAU,1965,,
SAU,1966,,
SAU,1967,,
SAU,1968,4187777711.11111,
SAU,1969,4485777644.44444,7.115944395584073
SAU,1970,5377268848.52944,19.873727026775324
SAU,1971,7184816838.17317,33.61461069847853
SAU,1972,9664177516.69125,34.50833520689287
SAU,1973,14947535415.9516,54.669503846916356
SAU,1974,45412971909.3794,203.81578397811273
SAU,1975,46773144158.1999,2.9951183365287903
SAU,1976,64005623870.3227,36.8426797519485
SAU,1977,74189100114.3193,15.910283547315519
SAU,1978,80266629495.7603,8.191943792384615
SAU,1979,111858494946.854,39.35865458604113
SAU,1980,164539580965.984,47.09618705683438
SAU,1981,184291452896.793,12.004328572401302
SAU,1982,153240288166.745,-16.848944561437307
SAU,1983,129171602025.147,-15.706500183168659
SAU,1984,119624918956.209,-7.390698047609156
SAU,1985,103897892810.979,-13.146948213178877
SAU,1986,86962013010.5552,-16.30050364085359
SAU,1987,85695941760.0451,-1.4558899991843899
SAU,1988,88256162068.9725,2.9875630704849554
SAU,1989,95344352823.6969,8.031383405483862
SAU,1990,117630261604.888,23.37412559965708
SAU,1991,132223257865.578,12.405818079115448
SAU,1992,137087867284.342,3.6790875503230236
SAU,1993,132967891655.205,-3.0053539461603163
SAU,1994,135174876355.656,1.6597876923354349
SAU,1995,143343025756.299,6.042653502528039
SAU,1996,158662377388.989,10.687197058847353
SAU,1997,165963594803.636,4.601732014103588
SAU,1998,146775428759.278,-11.56167174316809
SAU,1999,161717040000.0,10.179913195980017
SAU,2000,189514910222.667,17.189202957627092
SAU,2001,184137517724.863,-2.837450885255366
SAU,2002,189605920240.516,2.9697383690290735
SAU,2003,215807655244.424,13.819048988908689
SAU,2004,258742263029.008,19.894849298073414
SAU,2005,328459700124.064,26.94474272540466
SAU,2006,376900135720.729,14.74775614127648
SAU,2007,415964583059.205,10.364667888424828
SAU,2008,519796738631.128,24.96177794952903
SAU,2009,429097899279.013,-17.44890504526215
SAU,2010,528207298529.872,23.097153217805655
SAU,2011,676634577273.045,28.10019459335036
SAU,2012,741849984943.256,9.638202045931553
SAU,2013,753864543430.248,1.6195401672632004
SAU,2014,766605946720.427,1.6901449207576302
SAU,2015,669484381328.891,-12.66903365503832
SAU,2016,665999879694.192,-0.5204754183783078
SAU,2017,714994694991.651,7.356580202380214
SAU,2018,846583791842.629,18.404206041348957
SAU,2019,838564705295.139,-0.9472289246214016
SAU,2020,734271183944.989,-12.437146554295197
SAU,2021,874156115900.131,19.050854100468428
SAU,2022,1108571517285.38,26.816194169604145
SDN,1960,1127011494.25287,
SDN,1961,1223563218.3908,8.567057623661324
SDN,1962,1329022988.50575,8.619069985909512
SDN,1963,1352011494.25287,1.7297297297292458
SDN,1964,1389080459.77011,2.74176408076503
SDN,1965,1447701149.42529,4.220107571370035
SDN,1966,1485344827.58621,2.600238189757853
SDN,1967,1608333333.33333,8.280131553491522
SDN,1968,1678735632.18391,4.377345006253686
SDN,1969,1848563218.3908,10.116398493666168
SDN,1970,2101436781.6092,13.679465257267754
SDN,1971,2289655172.41379,8.956652536578314
SDN,1972,2484482758.62069,8.509036144578452
SDN,1973,3079022988.50575,23.930141105713744
SDN,1974,3961206896.55172,28.651423238450512
SDN,1975,4825862068.96552,21.828073993471353
SDN,1976,6016666666.66667,24.675479337858764
SDN,1977,7503448275.86207,24.71105167637784
SDN,1978,8138461538.46154,8.46295248868778
SDN,1979,8421678321.67832,3.4799793778999444
SDN,1980,8951800000.0,6.2947272274350485
SDN,1981,10751162790.6977,20.100569613906714
SDN,1982,8735294117.64706,-18.750238576936475
SDN,1983,8230153846.15385,-5.7827505827505625
SDN,1984,10447615384.6154,26.943135935397166
SDN,1985,8075347222.22222,-22.70631215891097
SDN,1986,10092200000.0,24.975431053016315
SDN,1987,12093333333.3333,19.82851443028577
SDN,1988,14372555555.5556,18.84693127526713
SDN,1989,21408111111.1111,48.951319258153504
SDN,1990,33641222222.2222,57.14241227364496
SDN,1991,44168918918.9189,31.294037497075465
SDN,1992,7031909434.27211,-84.07950747633053
SDN,1993,8881005435.80602,26.295788061799954
SDN,1994,12793794737.042,44.057954130515206
SDN,1995,13830363899.9163,8.102124382792475
SDN,1996,9018300724.66086,-34.79346754776685
SDN,1997,11681175864.3383,29.52746000580482
SDN,1998,11250221536.7484,-3.6893060475664097
SDN,1999,10682028339.6898,-5.05050674071279
SDN,2000,12257299147.2936,14.746925934944155
SDN,2001,15716361792.1926,28.220430972044586
SDN,2002,18137128388.3606,15.402843407248113
SDN,2003,21355298459.5955,17.74354794389692
SDN,2004,26646007250.7319,24.774689059703327
SDN,2005,35182711987.974,32.037463087486096
SDN,2006,45263831634.1497,28.653617292554312
SDN,2007,59440139774.8128,31.319284357640775
SDN,2008,64833083257.1431,9.072898386109628
SDN,2009,58315355287.1065,-10.053089630468094
SDN,2010,74151154444.4256,27.15545344678778
SDN,2011,78402830324.5307,5.733795936099173
SDN,2012,63196242385.161,-19.39545788898881
SDN,2013,66027141578.0612,4.479537209897333
SDN,2014,76818769321.3038,16.344229789932818
SDN,2015,84984666745.108,10.63008102830878
SDN,2016,102943509633.573,21.131862459763973
SDN,2017,129718581297.431,26.009480111144214
SDN,2018,32333780383.2924,-75.07390224292196
SDN,2019,32338079165.2893,0.013295018231529454
SDN,2020,27034593750.0,-16.40012502963347
SDN,2021,34229513773.9708,26.61375306951228
SDN,2022,51662241775.0629,50.92893844828288
SEN,1960,1003692370.46869,
SEN,1961,1058975256.97025,5.507951253604215
SEN,1962,1085475790.59112,2.502469575794297
SEN,1963,1122139861.67805,3.3776958827394843
SEN,1964,1188930645.34423,5.952090817476252
SEN,1965,1210058228.17112,1.7770239929153275
SEN,1966,1246908185.96343,3.0453045096850317
SEN,1967,1246480765.97984,-0.03427838459971744
SEN,1968,1309384861.92219,5.04653562727877
SEN,1969,1245234931.43233,-4.899241800893228
SEN,1970,1297407654.92832,4.189789587413717
SEN,1971,1339549032.83782,3.2481215714599943
SEN,1972,1620857103.53492,21.000207069774213
SEN,1973,1863398590.4556,14.963779742934925
SEN,1974,2099325228.95651,12.661093536795365
SEN,1975,2830388404.8977,34.82372173008046
SEN,1976,2869777884.45166,1.3916634015953777
SEN,1977,2938046462.7098,2.378880213274215
SEN,1978,3280354920.8516,11.650886481423605
SEN,1979,4084877822.91679,24.52548341495715
SEN,1980,4510108290.69571,10.409869920547244
SEN,1981,4095892780.58289,-9.184158858609692
SEN,1982,4013951442.67081,-2.0005733133575454
SEN,1983,3569356124.93159,-11.076250524928987
SEN,1984,3485165431.71354,-2.3587081330995963
SEN,1985,3818944917.56713,9.577148987429318
SEN,1986,5392093445.51053,41.193276203249866
SEN,1987,6487353102.81483,20.312327083578552
SEN,1988,6418419388.63499,-1.0625861285387783
SEN,1989,6366039372.53683,-0.8160890232711826
SEN,1990,7390967360.42121,16.099931651474407
SEN,1991,7255210469.51743,-1.8367946208335484
SEN,1992,7769817839.95644,7.092935106446863
SEN,1993,7367986241.21869,-5.171699092755089
SEN,1994,5034588195.55806,-31.669413721308448
SEN,1995,6326342633.4034,25.657598748295563
SEN,1996,6559712165.96508,3.688853830481409
SEN,1997,6041478725.90443,-7.900246641148256
SEN,1998,6505607909.05324,7.682377182902811
SEN,1999,6592834932.80876,1.3407974316148819
SEN,2000,6013185003.97525,-8.792119547069566
SEN,2001,6507824829.26254,8.225920622104411
SEN,2002,7006402319.75856,7.661200225521725
SEN,2003,8768721563.18211,25.152983842416266
SEN,2004,10076816666.6196,14.91774022030632
SEN,2005,11009033437.939,9.25110381741343
SEN,2006,11697918243.0035,6.257450383341445
SEN,2007,13994218412.9619,19.629989902962542
SEN,2008,16853989627.548,20.43537645473137
SEN,2009,16145867494.9405,-4.201510433174038
SEN,2010,16121315909.0758,-0.15206111329969518
SEN,2011,17814283639.3119,10.501423951893486
SEN,2012,17660870411.5235,-0.8611810101072814
SEN,2013,18918667724.8817,7.121944072119479
SEN,2014,19797253440.2679,4.644014727478352
SEN,2015,17774766696.1759,-10.215996628998203
SEN,2016,19040312333.1864,7.119900129450207
SEN,2017,20996562943.5979,10.274256935385683
SEN,2018,23116701556.1381,10.097550814556788
SEN,2019,23403995992.1354,1.2428002987347142
SEN,2020,24530513037.7518,4.8133534375708775
SEN,2021,27569136729.9023,12.387118391996687
SEN,2022,27684264748.2324,0.4175974730656895
SGP,1960,704751700.302494,
SGP,1961,764629788.123689,8.496338184852071
SGP,1962,826239211.817511,8.057418720895516
SGP,1963,917608012.491752,11.058395603526684
SGP,1964,894153311.424857,-2.556069775720904
SGP,1965,974644096.144674,9.001899751570864
SGP,1966,1096425608.09089,12.494972516422953
SGP,1967,1238035815.78586,12.91562388273142
SGP,1968,1425706091.0356,15.158711311644367
SGP,1969,1659893767.84419,16.426083768673628
SGP,1970,1920574150.17542,15.704642512742994
SGP,1971,2263785443.61688,17.870244343865195
SGP,1972,2721440980.75851,20.216383068990318
SGP,1973,3696213333.33333,35.818243330161614
SGP,1974,5221534955.64418,41.26714247132701
SGP,1975,5633673929.99302,7.893061673432666
SGP,1976,6327077974.10703,12.308203363038238
SGP,1977,6618585073.66035,4.607294247775751
SGP,1978,7517176354.84135,13.576788258824045
SGP,1979,9296921723.83465,23.67571658535157
SGP,1980,11896256782.8566,27.959093732692164
SGP,1981,14175228843.6391,19.15705168760873
SGP,1982,16084252378.473,13.467320745869603
SGP,1983,17784112149.5327,10.568472385665718
SGP,1984,19749361097.965,11.050587917507816
SGP,1985,19156532745.7691,-3.0017596480981124
SGP,1986,18586746056.9974,-2.974372744449516
SGP,1987,20919215578.2125,12.549100924187817
SGP,1988,25371462488.1292,21.283049038195024
SGP,1989,30465364738.6206,20.077290589278164
SGP,1990,36144336768.7023,18.64074853133968
SGP,1991,45466164978.2923,25.790563731305905
SGP,1992,52131320032.8797,14.65959369515697
SGP,1993,60603815716.2653,16.252217818466754
SGP,1994,73688724431.1412,21.590899121165542
SGP,1995,87812540788.4293,19.166862320281
SGP,1996,96293086513.0872,9.657556481699414
SGP,1997,100123787215.299,3.9781679463469777
SGP,1998,85728207781.7785,-14.377781578083216
SGP,1999,86286849754.8905,0.6516431260688682
SGP,2000,96076539925.7409,11.345518116212784
SGP,2001,89793790669.6515,-6.539316737411072
SGP,2002,92538372869.6942,3.0565389650827113
SGP,2003,97646401095.6369,5.519902790094933
SGP,2004,115033593101.049,17.806280426436526
SGP,2005,127807848728.398,11.104804503609401
SGP,2006,148627286361.351,16.28963936103487
SGP,2007,180941701357.97,21.741912799278573
SGP,2008,193617323539.203,7.005362548324845
SGP,2009,194150283771.566,0.2752647452308743
SGP,2010,239807980591.24,23.516677870733417
SGP,2011,279356499090.458,16.491744103641693
SGP,2012,295092888076.589,5.633084978286251
SGP,2013,307576360584.992,4.230353564184508
SGP,2014,314863580758.455,2.369239352336172
SGP,2015,307998545269.398,-2.1803205923404234
SGP,2016,319030057631.089,3.5816767744932143
SGP,2017,343272878686.388,7.598914420575453
SGP,2018,376869492498.009,9.787144833633832
SGP,2019,376837580397.579,-0.008467679412960116
SGP,2020,348392090695.217,-7.548474775883774
SGP,2021,423797100521.555,21.64372034849218
SGP,2022,466788426791.966,10.144318169591715
SLB,1960,,
SLB,1961,,
SLB,1962,,
SLB,1963,,
SLB,1964,,
SLB,1965,,
SLB,1966,,
SLB,1967,25203524.0325638,
SLB,1968,28084252.7582748,11.429864815686086
SLB,1969,28606411.398041,1.8592577280246436
SLB,1970,,
SLB,1971,50056882.8213879,
SLB,1972,40606712.050639,-18.878863880655206
SLB,1973,55272108.8435374,36.11569627851121
SLB,1974,84539332.282562,52.951161175835296
SLB,1975,74620320.0295339,-11.733014663370023
SLB,1976,83100834.307935,11.364885965437587
SLB,1977,93145283.3557141,12.087061617887972
SLB,1978,111027427.208358,19.198120622333057
SLB,1979,151276496.482533,36.25146532364671
SLB,1980,182852106.427002,20.872779763322225
SLB,1981,193750540.632477,5.960245369022221
SLB,1982,192902018.72302,-0.43794556995149225
SLB,1983,181220399.013372,-6.055727040586934
SLB,1984,181570474.077796,0.1931764118884738
SLB,1985,165524943.640694,-8.837081314348016
SLB,1986,147620047.527993,-10.817038036011816
SLB,1987,155128542.239474,5.086365190376441
SLB,1988,176494393.889702,13.772998406215443
SLB,1989,172882410.678856,-2.046514413995082
SLB,1990,214877666.699752,24.291225380299576
SLB,1991,227540473.340087,5.893030594951831
SLB,1992,269034595.812985,18.235930453954886
SLB,1993,300746361.128739,11.787244395065798
SLB,1994,402837005.272596,33.9457620570031
SLB,1995,469443201.503274,16.534279462634327
SLB,1996,510586430.190127,8.764261268477668
SLB,1997,526554005.954357,3.1273012403177702
SLB,1998,457579840.225066,-13.099162659351194
SLB,1999,488024514.369359,6.653412468809483
SLB,2000,419842674.227652,-13.970986730003466
SLB,2001,409508552.979972,-2.4614270730555887
SLB,2002,346406738.885237,-15.409156569636085
SLB,2003,417668983.408349,20.571841284739236
SLB,2004,468005318.551977,12.051729274427569
SLB,2005,552864570.225819,18.132112672650646
SLB,2006,617258154.260133,11.64726182544349
SLB,2007,695295347.621537,12.642553658111177
SLB,2008,776337691.795098,11.655815683333737
SLB,2009,805557562.580059,3.763809369785598
SLB,2010,898133684.898793,11.492179655322076
SLB,2011,1063895360.69907,18.45623636963978
SLB,2012,1185215418.25562,11.403382516569337
SLB,2013,1285911586.132,8.496022438231776
SLB,2014,1335571420.72676,3.861838957695052
SLB,2015,1307909887.55212,-2.0711384464626947
SLB,2016,1379490304.2254,5.472885965198238
SLB,2017,1469789119.08756,6.545810041982403
SLB,2018,1615478393.28614,9.912256956223997
SLB,2019,1619155017.3924,0.22758732778722646
SLB,2020,1536145814.17007,-5.126698946714436
SLB,2021,1580303515.40945,2.8745774543048164
SLB,2022,1597204340.62902,1.0694670393864847
SLE,1960,322151470.588235,
SLE,1961,327979248.366013,1.8090179030183284
SLE,1962,342872712.418301,4.540977554673642
SLE,1963,348700653.594771,1.6997389892491777
SLE,1964,372012091.503268,6.6852291982186784
SLE,1965,359523809.523809,-3.356955933608219
SLE,1966,375630252.10084,4.479937670432466
SLE,1967,348895027.624309,-7.117431124624584
SLE,1968,329991956.782713,-5.4179822998082
SLE,1969,408853541.416567,23.898032365007403
SLE,1970,434584033.613445,6.293327460911491
SLE,1971,419495908.543923,-3.471854440686284
SLE,1972,465254431.96005,10.907978477062041
SLE,1973,575471323.529412,23.689595197413627
SLE,1974,648940350.877193,12.76675732462036
SLE,1975,679352433.628319,4.686421904573668
SLE,1976,594810152.740341,-12.444539344100159
SLE,1977,692079581.151832,16.353020869492973
SLE,1978,960765042.979943,38.82291417714365
SLE,1979,1109343235.57237,15.464571039303387
SLE,1980,1100476190.47619,-0.7993058245498674
SLE,1981,1114926660.91458,1.313110684578933
SLE,1982,1294995964.48749,16.150775641619152
SLE,1983,995278514.588859,-23.144276748171
SLE,1984,1087450199.20319,9.260893635627854
SLE,1985,856890498.625834,-21.201862921749857
SLE,1986,490181456.62441,-42.795321291285504
SLE,1987,660106321.417031,34.66570644324107
SLE,1988,1055083945.37738,59.83545546306268
SLE,1989,932974411.917142,-11.573442473012152
SLE,1990,649644097.566129,-30.36849786360226
SLE,1991,780098205.215036,20.080857832411514
SLE,1992,679997997.597116,-12.831744381507349
SLE,1993,768812334.801762,13.060970402631478
SLE,1994,911915970.683484,18.613597805844417
SLE,1995,870758739.40678,-4.513270147671222
SLE,1996,941742152.709895,8.151903631937563
SLE,1997,850218033.622007,-9.71859641458378
SLE,1998,672375927.347148,-20.917235255200993
SLE,1999,669384768.87263,-0.4448640043256069
SLE,2000,635874002.198748,-5.006203940122578
SLE,2001,1074851475.17873,69.03529181285441
SLE,2002,1236235826.58409,15.014572257857717
SLE,2003,1369685676.56203,10.794853789885916
SLE,2004,1430217080.66487,4.4193646132575815
SLE,2005,1627058424.93809,13.763039676586274
SLE,2006,1862116290.541,14.446799328171256
SLE,2007,2126679543.58623,14.207665460483486
SLE,2008,2451896435.20157,15.29223773257935
SLE,2009,2419014960.19967,-1.3410629637461424
SLE,2010,2578159803.94597,6.578911100788076
SLE,2011,2932274309.3957,13.73516509363557
SLE,2012,3789251613.36066,29.225686738072287
SLE,2013,4920343316.87093,29.850002557816758
SLE,2014,5015180725.3416,1.927455105530762
SLE,2015,4252029353.82191,-15.21682693633557
SLE,2016,3862721266.02162,-9.155818443500696
SLE,2017,3719443418.26155,-3.709246354905582
SLE,2018,4085114387.55605,9.831335718111633
SLE,2019,4076578698.79107,-0.20894613847242116
SLE,2020,4062906265.7332,-0.3353898959910784
SLE,2021,4249234704.01866,4.586087546664941
SLE,2022,4094563859.43556,-3.639969438186641
SLV,1960,,
SLV,1961,,
SLV,1962,,
SLV,1963,,
SLV,1964,,
SLV,1965,877720000.0,
SLV,1966,929520000.0,5.901654286104918
SLV,1967,976200000.0,5.021946811257427
SLV,1968,1009760100.0,3.4378303626306117
SLV,1969,1049400000.0,3.9256750192446788
SLV,1970,1132920000.0,7.95883361921097
SLV,1971,1186120000.0,4.695830243971333
SLV,1972,1263720000.0,6.542339729538327
SLV,1973,1442320000.0,14.132877536163079
SLV,1974,1665880000.0,15.500027733096688
SLV,1975,1884120100.0,13.100589478233736
SLV,1976,2328280100.0,23.57386877832257
SLV,1977,2941640100.0,26.34390939475022
SLV,1978,3127960000.0,6.333878165449258
SLV,1979,3463639900.0,10.73159183621273
SLV,1980,3573959900.0,3.1850886115499577
SLV,1981,3437200200.0,-3.826559441811306
SLV,1982,3399189100.0,-1.1058739028352194
SLV,1983,3506347800.0,3.152478336671538
SLV,1984,3661683400.0,4.430125271657315
SLV,1985,3800368600.0,3.7874710850206217
SLV,1986,3771663200.0,-0.7553319959542892
SLV,1987,3958045800.0,4.941655447920157
SLV,1988,4189880000.0,5.8572894735073655
SLV,1989,4372215300.0,4.351802438255992
SLV,1990,4817542204.0,10.185383688676076
SLV,1991,5252342400.0,9.025353127970238
SLV,1992,5813399300.0,10.682032077725934
SLV,1993,6680269200.0,14.911583658118932
SLV,1994,7679384000.0,14.956205657101362
SLV,1995,8921947100.0,16.180504842575914
SLV,1996,9586327800.0,7.446588648793928
SLV,1997,10221705900.0,6.62796133468333
SLV,1998,10936669900.0,6.994566337503416
SLV,1999,11284197000.0,3.177631794482516
SLV,2000,11784927700.0,4.437450888175731
SLV,2001,12282533600.0,4.222392471699243
SLV,2002,12664190300.0,3.107312484779201
SLV,2003,13243892200.0,4.577488858486278
SLV,2004,13724810900.0,3.6312489767924783
SLV,2005,14698000000.0,7.090728659875389
SLV,2006,15999890000.0,8.857599673424964
SLV,2007,17011750000.0,6.3241684786582875
SLV,2008,17986890000.0,5.732155715902243
SLV,2009,17601620000.0,-2.1419489417014326
SLV,2010,18447920000.0,4.808080165348416
SLV,2011,20283780000.0,9.951582617444132
SLV,2012,21386150000.0,5.4347365234685086
SLV,2013,21990960000.0,2.8280452535870193
SLV,2014,22593470000.0,2.7398076300443552
SLV,2015,23438240000.0,3.7390006935632325
SLV,2016,24191430000.0,3.213509205469345
SLV,2017,24979190000.0,3.2563597935301836
SLV,2018,26020850000.0,4.170111200563342
SLV,2019,26881140000.0,3.3061564091872553
SLV,2020,24930080000.0,-7.258099916893402
SLV,2021,29451240000.0,18.135360977582103
SLV,2022,32488720000.0,10.313589512699629
SMR,1960,,
SMR,1961,,
SMR,1962,,
SMR,1963,,
SMR,1964,,
SMR,1965,,
SMR,1966,,
SMR,1967,,
SMR,1968,,
SMR,1969,,
SMR,1970,,
SMR,1971,,
SMR,1972,,
SMR,1973,,
SMR,1974,,
SMR,1975,,
SMR,1976,,
SMR,1977,,
SMR,1978,,
SMR,1979,,
SMR,1980,,
SMR,1981,,
SMR,1982,,
SMR,1983,,
SMR,1984,,
SMR,1985,,
SMR,1986,,
SMR,1987,,
SMR,1988,,
SMR,1989,,
SMR,1990,,
SMR,1991,,
SMR,1992,,
SMR,1993,,
SMR,1994,,
SMR,1995,,
SMR,1996,,
SMR,1997,,
SMR,1998,,
SMR,1999,1109098657.57511,
SMR,2000,1005159388.24397,-9.371507991758698
SMR,2001,1077413479.05282,7.1883217382149756
SMR,2002,1168269230.76923,8.432765459392932
SMR,2003,1464326160.8154,25.34149853893144
SMR,2004,1723750000.0,17.716260634184234
SMR,2005,1785847531.40157,3.6024673764507575
SMR,2006,1908167105.75837,6.849385079408266
SMR,2007,2185874623.59704,14.553626723813572
SMR,2008,2393437820.41892,9.495658835195098
SMR,2009,2056126701.86163,-14.09316405379819
SMR,2010,1881191949.98998,-8.507975297109027
SMR,2011,1813717694.56092,-3.586782062799032
SMR,2012,1604701051.1653,-11.524210411710223
SMR,2013,1678741201.5731,4.613952882627825
SMR,2014,1673910988.24105,-0.28772828876325596
SMR,2015,1419400403.82788,-15.204547087692543
SMR,2016,1468342430.7393,3.4480775670791664
SMR,2017,1528621195.4832,4.105225285463554
SMR,2018,1655354303.86998,8.290681089680918
SMR,2019,1616188702.33964,-2.3659950887116254
SMR,2020,1541247883.99351,-4.636885422948667
SMR,2021,1855382833.1165,20.3818576093703
SMR,2022,,
SOM,1960,180459936.776025,
SOM,1961,191659914.376034,6.206351282229283
SOM,1962,203531927.547229,6.194312049989903
SOM,1963,216145935.941626,6.197557575565127
SOM,1964,229529912.668035,6.192101955608154
SOM,1965,243725898.029641,6.1848084184728425
SOM,1966,257375897.049641,5.600553379985884
SOM,1967,271781886.807245,5.5972567449956045
SOM,1968,286719885.312046,5.496318640025999
SOM,1969,306357284.571429,6.848984066107255
SOM,1970,322600009.142857,5.301889456994746
SOM,1971,331104692.982788,2.6362937380342455
SOM,1972,416940943.607743,25.924202357777236
SOM,1973,507028428.241662,21.60677333686689
SOM,1974,467577432.247816,-7.780825254840085
SOM,1975,710850226.528991,52.0283438641753
SOM,1976,807275808.737093,13.56482401066934
SOM,1977,498550873.043478,-38.24280776808933
SOM,1978,564986059.668508,13.325658466801293
SOM,1979,590419855.11811,4.501667787082142
SOM,1980,603592656.822209,2.2310905688400107
SOM,1981,699112266.835764,15.825177615056841
SOM,1982,774419569.699066,10.77184687434376
SOM,1983,733901365.935354,-5.232073845894303
SOM,1984,788307213.438235,7.4132369863545655
SOM,1985,876404617.656501,11.175516691522525
SOM,1986,930318705.301335,6.151734776226969
SOM,1987,1009792724.42175,8.542665934538318
SOM,1988,1038291284.49695,2.8222187965871504
SOM,1989,1092392963.1951,5.210645558328286
SOM,1990,917044228.00846,-16.05180013918883
SOM,1991,,
SOM,1992,,
SOM,1993,,
SOM,1994,,
SOM,1995,,
SOM,1996,,
SOM,1997,,
SOM,1998,,
SOM,1999,,
SOM,2000,,
SOM,2001,,
SOM,2002,,
SOM,2003,,
SOM,2004,,
SOM,2005,,
SOM,2006,,
SOM,2007,,
SOM,2008,,
SOM,2009,,
SOM,2010,,
SOM,2011,,
SOM,2012,,
SOM,2013,5836021227.47436,
SOM,2014,6537360532.64205,12.01742210713661
SOM,2015,6984947145.09369,6.846595200261185
SOM,2016,7390796616.53029,5.810344201697704
SOM,2017,8252394373.29875,11.657711630724709
SOM,2018,8278212314.40591,0.31285394201101546
SOM,2019,9420431258.24667,13.797893801938944
SOM,2020,9204140383.17507,-2.2959763639510467
SOM,2021,9838711529.45863,6.894409688095804
SOM,2022,10419541202.0382,5.903513593629373
SRB,1960,,
SRB,1961,,
SRB,1962,,
SRB,1963,,
SRB,1964,,
SRB,1965,,
SRB,1966,,
SRB,1967,,
SRB,1968,,
SRB,1969,,
SRB,1970,,
SRB,1971,,
SRB,1972,,
SRB,1973,,
SRB,1974,,
SRB,1975,,
SRB,1976,,
SRB,1977,,
SRB,1978,,
SRB,1979,,
SRB,1980,,
SRB,1981,,
SRB,1982,,
SRB,1983,,
SRB,1984,,
SRB,1985,,
SRB,1986,,
SRB,1987,,
SRB,1988,,
SRB,1989,,
SRB,1990,,
SRB,1991,,
SRB,1992,,
SRB,1993,,
SRB,1994,,
SRB,1995,16832598870.0565,
SRB,1996,21818007448.7896,29.61758084547266
SRB,1997,25676487999.5941,17.68484386056326
SRB,1998,19457979423.376,-24.218688226818262
SRB,1999,19388663551.0012,-0.3562336605800076
SRB,2000,6875845986.52121,-64.53677186963125
SRB,2001,12960546471.3782,88.49384492882608
SRB,2002,17120906918.3503,32.10019312194707
SRB,2003,22482365321.7656,31.315271024976198
SRB,2004,26141968161.0924,16.27765934300458
SRB,2005,27683225959.2468,5.89572211494116
SRB,2006,32482070360.3204,17.33484532524534
SRB,2007,43170990616.4729,32.90713965452745
SRB,2008,52194221468.5007,20.90114385418984
SRB,2009,45162894380.9318,-13.471466552695532
SRB,2010,41819468691.8251,-7.4030367958842
SRB,2011,49258136128.9672,17.78757040640311
SRB,2012,43309252921.0567,-12.07695555579933
SRB,2013,48394239474.6762,11.74110891011746
SRB,2014,47062202418.8864,-2.7524702738366824
SRB,2015,39655949731.3816,-15.737157011021264
SRB,2016,40692661657.284,2.6142657859029805
SRB,2017,44179075778.9267,8.567672842355423
SRB,2018,50640662859.4987,14.62589917658297
SRB,2019,51514242938.6734,1.7250565649158833
SRB,2020,53356484591.4378,3.5761792228171663
SRB,2021,63101069561.2193,18.263169030714653
SRB,2022,63563401043.5044,0.7326840662130962
SSA,1960,28338509354.6587,
SSA,1961,29950396734.9893,5.687975186548111
SSA,1962,31892681911.7714,6.485006505817137
SSA,1963,34281348388.6986,7.489700877258487
SSA,1964,37435388432.0454,9.200455033404054
SSA,1965,40683899240.0768,8.67764685794099
SSA,1966,43678711712.2794,7.361173653808684
SSA,1967,44666366525.0522,2.2611811888562094
SSA,1968,47529437277.1026,6.409902964559655
SSA,1969,53638240890.6274,12.852673971100703
SSA,1970,64245417754.4936,19.77540032585159
SSA,1971,64767693274.2758,0.8129381643653177
SSA,1972,72947119235.0998,12.628867182572122
SSA,1973,94275716980.691,29.238437335478174
SSA,1974,121733412124.378,29.12488605025485
SSA,1975,134494154752.449,10.482530971064087
SSA,1976,146750388504.493,9.112837486954684
SSA,1977,158893041195.255,8.274358122322933
SSA,1978,175471440975.691,10.433685236135481
SSA,1979,213164874756.724,21.481235676553688
SSA,1980,276325340135.766,29.629865357097106
SSA,1981,390468626459.161,41.307571092579984
SSA,1982,355971229197.901,-8.834870441215358
SSA,1983,314334867430.139,-11.696552516780622
SSA,1984,277134246684.605,-11.83471024060092
SSA,1985,252890722776.71,-8.747935052388357
SSA,1986,260909789945.23,3.1709613861954367
SSA,1987,296173386016.444,13.515627787909557
SSA,1988,313336374338.963,5.794912417135989
SSA,1989,318752375934.179,1.7284943717887913
SSA,1990,374665734140.112,17.541314960262078
SSA,1991,401439557598.473,7.146056075773544
SSA,1992,361239878837.312,-10.013880794819286
SSA,1993,364820812463.728,0.9912896765278623
SSA,1994,372802514500.485,2.1878417469810785
SSA,1995,475466250941.704,27.53837016866083
SSA,1996,529844900806.945,11.436910560431834
SSA,1997,557958507069.303,5.306006761514825
SSA,1998,562093735438.763,0.7411354638502399
SSA,1999,399139573356.306,-28.99056719699198
SSA,2000,423531573174.739,6.111145435498733
SSA,2001,406145603661.459,-4.104999630359785
SSA,2002,442399893749.21,8.926426818587618
SSA,2003,557385894755.261,25.991416957987525
SSA,2004,692384638338.301,24.21997844820163
SSA,2005,822442487820.254,18.784046075038184
SSA,2006,972563275184.176,18.25304377960726
SSA,2007,1127592644328.53,15.940286159272855
SSA,2008,1278564556276.8,13.388869882010646
SSA,2009,1230821778771.71,-3.7340920543048495
SSA,2010,1464233844343.53,18.963920658338694
SSA,2011,1652336104570.58,12.846463080586922
SSA,2012,1716354359034.49,3.874408740862534
SSA,2013,1819115027569.0,5.987147583691077
SSA,2014,1900109908307.29,4.452433161773661
SSA,2015,1700385238946.74,-10.511216666328238
SSA,2016,1580707404805.94,-7.038277644360836
SSA,2017,1712494807453.79,8.337242063089434
SSA,2018,1779091569617.59,3.8888738157880187
SSA,2019,1827951489811.35,2.746340943218706
SSA,2020,1714659156400.95,-6.197775709140519
SSA,2021,1930171554030.08,12.568818521430703
SSA,2022,2058942959164.7,6.671500513296502
SSD,1960,,
SSD,1961,,
SSD,1962,,
SSD,1963,,
SSD,1964,,
SSD,1965,,
SSD,1966,,
SSD,1967,,
SSD,1968,,
SSD,1969,,
SSD,1970,,
SSD,1971,,
SSD,1972,,
SSD,1973,,
SSD,1974,,
SSD,1975,,
SSD,1976,,
SSD,1977,,
SSD,1978,,
SSD,1979,,
SSD,1980,,
SSD,1981,,
SSD,1982,,
SSD,1983,,
SSD,1984,,
SSD,1985,,
SSD,1986,,
SSD,1987,,
SSD,1988,,
SSD,1989,,
SSD,1990,,
SSD,1991,,
SSD,1992,,
SSD,1993,,
SSD,1994,,
SSD,1995,,
SSD,1996,,
SSD,1997,,
SSD,1998,,
SSD,1999,,
SSD,2000,,
SSD,2001,,
SSD,2002,,
SSD,2003,,
SSD,2004,,
SSD,2005,,
SSD,2006,,
SSD,2007,,
SSD,2008,14586253383.0632,
SSD,2009,12231264525.0671,-16.145262228411518
SSD,2010,14602072410.9506,19.383178910281096
SSD,2011,14907308932.7534,2.090364389467725
SSD,2012,11931472169.4915,-19.96226667526544
SSD,2013,18426469016.9492,54.435837884827464
SSD,2014,13962212847.4576,-24.227409849305626
SSD,2015,11997800760.2242,-14.069489619556286
SSD,2016,,
SSD,2017,,
SSD,2018,,
SSD,2019,,
SSD,2020,,
SSD,2021,,
SSD,2022,,
SSF,1960,28349301535.4105,
SSF,1961,29960492453.1966,5.683353135785718
SSF,1962,31903784357.6415,6.486181452059414
SSF,1963,34293676625.1121,7.490936625824385
SSF,1964,37449073939.0523,9.201105347886806
SSF,1965,40697444106.313,8.6741001193978
SSF,1966,43692889579.2902,7.360279100457179
SSF,1967,44680649549.8068,2.260688134906008
SSF,1968,47542735722.5745,6.405650324257817
SSF,1969,53651273745.3,12.848520241600259
SSF,1970,64259538042.4211,19.77262338165906
SSF,1971,64785881864.699,0.8190905790988356
SSF,1972,72974503608.3912,12.639515752511631
SSF,1973,94307943279.1528,29.234100426698205
SSF,1974,121769757991.542,29.11930189284466
SSF,1975,134534482395.373,10.482672064370547
SSF,1976,146791026073.071,9.110336219734517
SSF,1977,158950017998.32,8.283198401512903
SSF,1978,175550980777.321,10.444140232293941
SSF,1979,213288626348.167,21.49668740313937
SSF,1980,276476243432.998,29.62540392645463
SSF,1981,390617525066.638,41.28429995154406
SSF,1982,356115618026.284,-8.832657222552442
SSF,1983,314481204807.47,-11.691262924542977
SSF,1984,277288747255.652,-11.826607435756852
SSF,1985,253066172258.706,-8.73550594341771
SSF,1986,261128395601.959,3.1858162911679644
SSF,1987,296436322863.111,13.52128985427241
SSF,1988,313636871092.512,5.8024428529104055
SSF,1989,319075632306.872,1.7340949727673305
SSF,1990,375056911242.162,17.544830525149546
SSF,1991,401835601959.637,7.139900616358696
SSF,1992,361703838925.339,-9.987109862487776
SSF,1993,365328274669.429,1.0020451413672138
SSF,1994,373323426402.362,2.18848424479805
SSF,1995,476009200002.753,27.505847835468522
SSF,1996,530381466553.707,11.422524302185666
SSF,1997,558559464614.684,5.312779544140356
SSF,1998,562743780314.644,0.7491262730364046
SSF,1999,399807853242.212,-28.953838811213608
SSF,2000,424190717152.982,6.098645565123095
SSF,2001,406812918059.95,-4.096694809746337
SSF,2002,443148058332.92,8.931658425757139
SSF,2003,558141609069.782,25.94923944143106
SSF,2004,693283108166.62,24.212761940839613
SSF,2005,823425641880.833,18.771917587661058
SSF,2006,973649819318.576,18.2438060945743
SSF,2007,1128673253084.49,15.921888002239815
SSF,2008,1279544309271.44,13.367115396297603
SSF,2009,1231672697171.96,-3.741301630010574
SSF,2010,1465215490467.22,18.96143300338613
SSF,2011,1653394890750.09,12.843121131818268
SSF,2012,1717443724523.61,3.873777167925274
SSF,2013,1820439942754.1,5.997065100870147
SSF,2014,1901497484757.43,4.45263477798119
SSF,2015,1701776666914.07,-10.503343782694397
SSF,2016,1582166358879.25,-7.0285549426245435
SSF,2017,1714024580927.1,8.33403019270702
SSF,2018,1780679619928.75,3.8888029812032654
SSF,2019,1829596580378.4,2.747094980039533
SSF,2020,1715842671714.98,-6.217431202232193
SSF,2021,1931458241338.34,12.566161990123081
SSF,2022,2060531397309.08,6.6826790871389985
SST,1960,,
SST,1961,,
SST,1962,,
SST,1963,,
SST,1964,,
SST,1965,,
SST,1966,,
SST,1967,,
SST,1968,,
SST,1969,,
SST,1970,7870678390.9635,
SST,1971,8854610885.45672,12.501241260510598
SST,1972,10432558017.1445,17.82062647472724
SST,1973,13001262269.6525,24.62199825092446
SST,1974,20196388658.8946,55.341752516114816
SST,1975,22991435433.1666,13.839339406062813
SST,1976,26244808127.1875,14.150367877108305
SST,1977,29803092040.884,13.558048877524097
SST,1978,32043116268.8282,7.516079958654376
SST,1979,39765122681.8236,24.098799717889573
SST,1980,52930481264.4165,33.107803257477954
SST,1981,54691561096.1065,3.327156280503951
SST,1982,54431296639.3785,-0.4758768108130029
SST,1983,52659360609.1541,-3.2553625205071657
SST,1984,52177686490.4063,-0.9146980008413963
SST,1985,50258300315.8235,-3.6785574518251374
SST,1986,49330296097.0882,-1.846469564039599
SST,1987,56350869057.7585,14.231767323781973
SST,1988,62056041292.373,10.124373110850904
SST,1989,64563575914.6718,4.040758272808143
SST,1990,74904284632.3456,16.01631968362507
SST,1991,76503385459.6138,2.1348589538196627
SST,1992,81412478291.9523,6.4168308406822305
SST,1993,80325204441.0044,-1.335512532917682
SST,1994,84517313060.5408,5.218920572577357
SST,1995,95833039358.3571,13.388648891039278
SST,1996,101906865973.505,6.337925475195982
SST,1997,109156115404.436,7.11360256414495
SST,1998,109054240809.162,-0.09332926047848078
SST,1999,116967168370.52,7.255955846050144
SST,2000,129427285780.109,10.652662266832635
SST,2001,129944629555.58,0.39971770431002085
SST,2002,139039991470.62,6.999413477991956
SST,2003,166311834949.328,19.61438805501561
SST,2004,200125136310.866,20.33126588486036
SST,2005,238408838954.683,19.12988210753732
SST,2006,277390647709.804,16.350823621321652
SST,2007,332464515328.276,19.85426259795473
SST,2008,400485012150.165,20.45947572922946
SST,2009,343078746509.037,-14.334185774623464
SST,2010,394062206459.675,14.86057077840439
SST,2011,474845732089.777,20.500196239541868
SST,2012,496292151229.88,4.516502453484872
SST,2013,515843772131.962,3.939538607175308
SST,2014,532820364281.38,3.291033655258535
SST,2015,455151461884.525,-14.576939547272705
SST,2016,447159100959.93,-1.7559783047830235
SST,2017,483232971475.538,8.067345702719052
SST,2018,530629968630.175,9.80831192248981
SST,2019,522425066419.733,-1.5462568447882852
SST,2020,453792483117.133,-13.137306709448426
SST,2021,542727261728.343,19.598116302039802
SST,2022,636018280142.001,17.189300223572324
STP,1960,,
STP,1961,,
STP,1962,,
STP,1963,,
STP,1964,,
STP,1965,,
STP,1966,,
STP,1967,,
STP,1968,,
STP,1969,,
STP,1970,,
STP,1971,,
STP,1972,,
STP,1973,,
STP,1974,,
STP,1975,,
STP,1976,,
STP,1977,,
STP,1978,,
STP,1979,,
STP,1980,,
STP,1981,,
STP,1982,,
STP,1983,,
STP,1984,,
STP,1985,,
STP,1986,,
STP,1987,,
STP,1988,,
STP,1989,,
STP,1990,,
STP,1991,,
STP,1992,,
STP,1993,,
STP,1994,,
STP,1995,,
STP,1996,,
STP,1997,,
STP,1998,,
STP,1999,,
STP,2000,,
STP,2001,75951133.3777948,
STP,2002,85171073.8777498,12.139306011528927
STP,2003,102085769.123419,19.859671218831522
STP,2004,114582283.916382,12.24119179418146
STP,2005,136450662.390592,19.08530509844677
STP,2006,142775104.081626,4.634965913855504
STP,2007,149146918.888611,4.462833242511355
STP,2008,188021165.00338,26.064397712299957
STP,2009,200668065.03175,6.726317235691326
STP,2010,190021192.489536,-5.305713462941619
STP,2011,226455001.243083,19.17355021101308
STP,2012,229371348.202606,1.2878262540081842
STP,2013,267041747.584354,16.423323870631567
STP,2014,293119143.246825,9.76528797402121
STP,2015,259999643.047388,-11.298989152526373
STP,2016,292267272.196925,12.410643634482167
STP,2017,322002845.229335,10.174102905499005
STP,2018,383717327.830508,19.16581903405823
STP,2019,412976064.479214,7.6250756811352405
STP,2020,471229484.607144,14.105761843943876
STP,2021,524402450.755612,11.283879274404374
STP,2022,542686976.457587,3.4867353643425636
SUR,1960,99650000.0,
SUR,1961,107700000.0,8.078273958855986
SUR,1962,116150000.0,7.8458681522748375
SUR,1963,125950000.0,8.437365475677993
SUR,1964,134400000.0,6.709011512504959
SUR,1965,154150000.0,14.694940476190466
SUR,1966,190350000.0,23.48361985079468
SUR,1967,220700000.0,15.944313107433672
SUR,1968,241350000.0,9.356592659719066
SUR,1969,259650000.0,7.582349285270351
SUR,1970,274900000.0,5.8732909686116
SUR,1971,301000000.0,9.494361586031275
SUR,1972,311950000.0,3.6378737541528317
SUR,1973,339450000.0,8.815515306940224
SUR,1974,409850000.0,20.73943143320076
SUR,1975,465500000.0,13.578138343296331
SUR,1976,505500000.0,8.59291084854994
SUR,1977,641500000.0,26.904055390702265
SUR,1978,735500000.0,14.65315666406859
SUR,1979,782500000.0,6.39021074099253
SUR,1980,795000000.0,1.5974440894568787
SUR,1981,889000000.0,11.82389937106918
SUR,1982,915000000.0,2.924634420697414
SUR,1983,883500000.0,-3.4426229508196737
SUR,1984,864000000.0,-2.2071307300509324
SUR,1985,873000000.0,1.041666666666674
SUR,1986,891000000.0,2.0618556701030855
SUR,1987,980000000.0,9.988776655443331
SUR,1988,1161000000.0,18.46938775510205
SUR,1989,542600000.0,-53.26442721791559
SUR,1990,388400000.0,-28.418724659049023
SUR,1991,448100000.0,15.370751802265703
SUR,1992,404600000.0,-9.707654541397016
SUR,1993,428764705.882353,5.972492803349727
SUR,1994,605492537.313433,41.217905533384005
SUR,1995,691590497.737557,14.219491590456279
SUR,1996,861372806.2082,24.549543266725383
SUR,1997,926422500.0,7.55186294749095
SUR,1998,1110850000.0,19.90749361117632
SUR,1999,886290697.674419,-20.21508775492469
SUR,2000,947671969.69697,6.925636496424059
SUR,2001,834279357.798165,-11.965386286044078
SUR,2002,1093574468.08511,31.080130158233587
SUR,2003,1274190311.41869,16.516099141363938
SUR,2004,1484092538.40527,16.47338118219357
SUR,2005,1793410397.38738,20.842221827655493
SUR,2006,2626380435.17877,46.44614746322713
SUR,2007,2936612021.85792,11.812134393166595
SUR,2008,3532969034.60838,20.30765413720399
SUR,2009,3875409836.06557,9.69272014848408
SUR,2010,4368370997.92126,12.720233025887119
SUR,2011,4422276621.78703,1.2339983003142763
SUR,2012,4980000000.0,12.611680044284412
SUR,2013,5145757575.75758,3.3284653766582295
SUR,2014,5240606060.60606,1.843236558506467
SUR,2015,5126237646.22072,-2.182350916338738
SUR,2016,3317421648.09918,-35.285449543196194
SUR,2017,3591679430.99988,8.267196997940985
SUR,2018,3996198866.57453,11.26268207800598
SUR,2019,4016040575.08796,0.4965145423415196
SUR,2020,2911807496.20227,-27.49556580019127
SUR,2021,3081401725.88833,5.824362699362973
SUR,2022,3620987993.32637,17.511065269572534
SVK,1960,,
SVK,1961,,
SVK,1962,,
SVK,1963,,
SVK,1964,,
SVK,1965,,
SVK,1966,,
SVK,1967,,
SVK,1968,,
SVK,1969,,
SVK,1970,,
SVK,1971,,
SVK,1972,,
SVK,1973,,
SVK,1974,,
SVK,1975,,
SVK,1976,,
SVK,1977,,
SVK,1978,,
SVK,1979,,
SVK,1980,,
SVK,1981,,
SVK,1982,,
SVK,1983,,
SVK,1984,,
SVK,1985,,
SVK,1986,,
SVK,1987,,
SVK,1988,,
SVK,1989,,
SVK,1990,12747380650.0762,
SVK,1991,14272201755.4704,11.961838649456858
SVK,1992,15495514296.8042,8.571295181312276
SVK,1993,16520676973.5301,6.615867386456031
SVK,1994,20162936291.375,22.046671112089598
SVK,1995,25840146405.2288,28.15666345324075
SVK,1996,27925036755.3866,8.06841539309513
SVK,1997,27706028095.6157,-0.7842734879432323
SVK,1998,29856000671.216,7.759945121619638
SVK,1999,30463670123.5931,2.0353344008427587
SVK,2000,29242558796.5507,-4.008418296575145
SVK,2001,30778781606.9575,5.253380256819407
SVK,2002,35297794385.6863,14.682234132709414
SVK,2003,46919965224.1497,32.926053994966686
SVK,2004,57437444469.087,22.415786530728198
SVK,2005,62808723476.719,9.351528532093445
SVK,2006,70767338922.4411,12.671194390174279
SVK,2007,86563986799.2505,22.32194698478356
SVK,2008,100879902984.983,16.537958468724835
SVK,2009,89399303222.155,-11.380462731548235
SVK,2010,91162836320.3502,1.9726474755769274
SVK,2011,99922685424.8835,9.609013341523065
SVK,2012,94623731085.6106,-5.303054373229765
SVK,2013,98935222174.8603,4.5564585540903035
SVK,2014,101437045019.901,2.5287483972279645
SVK,2015,88900883130.8374,-12.358563763962295
SVK,2016,89952699524.894,1.1831337968922329
SVK,2017,95649966260.9802,6.333625078710958
SVK,2018,106137924015.593,10.964936177809514
SVK,2019,105711680180.565,-0.4015942830814967
SVK,2020,106731482855.496,0.9647019829682746
SVK,2021,118576482542.583,11.097943521616727
SVK,2022,115461711688.965,-2.626803213275808
SVN,1960,,
SVN,1961,,
SVN,1962,,
SVN,1963,,
SVN,1964,,
SVN,1965,,
SVN,1966,,
SVN,1967,,
SVN,1968,,
SVN,1969,,
SVN,1970,,
SVN,1971,,
SVN,1972,,
SVN,1973,,
SVN,1974,,
SVN,1975,,
SVN,1976,,
SVN,1977,,
SVN,1978,,
SVN,1979,,
SVN,1980,,
SVN,1981,,
SVN,1982,,
SVN,1983,,
SVN,1984,,
SVN,1985,,
SVN,1986,,
SVN,1987,,
SVN,1988,,
SVN,1989,,
SVN,1990,,
SVN,1991,,
SVN,1992,,
SVN,1993,,
SVN,1994,,
SVN,1995,21352224019.4096,
SVN,1996,21507232648.7252,0.7259601115775727
SVN,1997,20763101740.6963,-3.4599100692436435
SVN,1998,22146231967.6861,6.661481720136364
SVN,1999,22711384311.1404,2.5519119653353295
SVN,2000,20289627636.6767,-10.663183896173944
SVN,2001,20876309970.385,2.8915381997833167
SVN,2002,23489890274.3142,12.5193595402483
SVN,2003,29634713641.0968,26.15943835847485
SVN,2004,34414784504.2352,16.12997149569042
SVN,2005,36206395970.6504,5.205935449616761
SVN,2006,39481045038.2637,9.044393897331826
SVN,2007,48067401207.3978,21.74804684326994
SVN,2008,55779427739.6609,16.04419281788878
SVN,2009,50567734885.9613,-9.343396059966958
SVN,2010,48208240226.4501,-4.66600820628461
SVN,2011,51583869785.1849,7.002183740535517
SVN,2012,46577793184.0031,-9.704732549203909
SVN,2013,48415657264.8758,3.9457946700315327
SVN,2014,49997186439.0916,3.266565535945243
SVN,2015,43107506024.3254,-13.780136254585962
SVN,2016,44766722790.5826,3.8490205518289855
SVN,2017,48589100043.0954,8.53843438661741
SVN,2018,54177882425.8431,11.502131913928881
SVN,2019,54386654313.9685,0.38534523458195746
SVN,2020,53734526854.2289,-1.1990578717619549
SVN,2021,61832201543.8285,15.069779457753452
SVN,2022,60063475466.3446,-2.860525799376845
SWE,1960,15822585033.5764,
SWE,1961,17212686614.5726,8.785552917215034
SWE,1962,18667251380.0746,8.450538826812393
SWE,1963,20204870629.7441,8.236987965516729
SWE,1964,22532416750.0125,11.519727905814769
SWE,1965,24795499685.775,10.043676010746804
SWE,1966,26971486546.2848,8.77573304867958
SWE,1967,29275995674.6888,8.544242173857608
SWE,1968,31066819929.2853,6.117039620089826
SWE,1969,33738102482.1558,8.598506570517706
SWE,1970,38092452060.6201,12.906326254617717
SWE,1971,41566412922.6087,9.119814225821333
SWE,1972,48954145808.8359,17.77332313948332
SWE,1973,59404966684.2214,21.348183494398132
SWE,1974,66013338964.725,11.124275711880593
SWE,1975,82885397620.5385,25.5585597099236
SWE,1976,89362071672.9034,7.814010957655126
SWE,1977,94468740851.4816,5.714582353540787
SWE,1978,104442351222.751,10.557577333384117
SWE,1979,123386410160.715,18.138292288691172
SWE,1980,142092068280.689,15.160225583684017
SWE,1981,129686938223.328,-8.730346603763884
SWE,1982,114380557730.876,-11.802561385244193
SWE,1983,105014356666.797,-8.188630349326132
SWE,1984,109201362581.3,3.987079526457582
SWE,1985,114123537581.794,4.507430021149661
SWE,1986,150498057723.623,31.872934289088995
SWE,1987,183009638350.893,21.602657947237304
SWE,1988,206986674500.588,13.101515508009864
SWE,1989,217948315624.564,5.295819719034545
SWE,1990,261846194498.885,20.141416899013407
SWE,1991,274229034311.699,4.729050898185472
SWE,1992,284321115594.629,3.68016512484195
SWE,1993,212953336588.123,-25.10111809924758
SWE,1994,229033566614.826,7.551058031931235
SWE,1995,267305875261.099,16.710349147484106
SWE,1996,291743811512.079,9.142311678375759
SWE,1997,268146144677.73,-8.08848925090977
SWE,1998,270809066780.714,0.9930861046629547
SWE,1999,274072182416.731,1.2049506594471904
SWE,2000,262835454366.855,-4.099915559029754
SWE,2001,242395852494.409,-7.776577144694208
SWE,2002,266849061835.659,10.08813025867017
SWE,2003,334337212322.076,25.29075801210052
SWE,2004,385118044877.465,15.188507495979998
SWE,2005,392218088878.779,1.843602006125944
SWE,2006,423093437423.762,7.8719848524185565
SWE,2007,491252589217.021,16.10971614409422
SWE,2008,517706149201.196,5.384920215145894
SWE,2009,436537014293.554,-15.678611318966052
SWE,2010,495812558843.31,13.578583856326908
SWE,2011,574094112972.733,15.788537973311412
SWE,2012,552483727282.802,-3.764258368376172
SWE,2013,586841821796.891,6.218842803401148
SWE,2014,581964017237.095,-0.8311957973377471
SWE,2015,505103781349.757,-13.207042636800125
SWE,2016,515654671469.547,2.0888558964249793
SWE,2017,541018749769.097,4.91881092190356
SWE,2018,555455371487.089,2.668414306186895
SWE,2019,533879529188.454,-3.884352084105558
SWE,2020,547054174235.876,2.4677187131427747
SWE,2021,639714956069.468,16.938136330468634
SWE,2022,591188594776.551,-7.585622445201579
SWZ,1960,35076845.9692616,
SWZ,1961,43026042.7895829,22.66223373471865
SWZ,1962,45927961.6288154,6.744563643522161
SWZ,1963,54129438.3482247,17.857262609851297
SWZ,1964,64980554.0077784,20.046606783071464
SWZ,1965,70279971.8880112,8.15539042587794
SWZ,1966,76859969.2560123,9.362549800796893
SWZ,1967,74759970.096012,-2.7322404371584397
SWZ,1968,79799968.0800128,6.741573033707859
SWZ,1969,105419957.832017,32.10526315789486
SWZ,1970,112139955.144018,6.374501992031778
SWZ,1971,136462080.739132,21.68908090241146
SWZ,1972,146736479.235097,7.529123431443252
SWZ,1973,221915127.550763,51.23378229296134
SWZ,1974,264320940.959002,19.109023290239048
SWZ,1975,288299788.508035,9.071868260620452
SWZ,1976,272550068.137517,-5.462966328218133
SWZ,1977,304060076.015019,11.561181434599188
SWZ,1978,340630085.157521,12.027231467473442
SWZ,1979,412093133.760988,20.97966436828962
SWZ,1980,541976852.577057,31.518049725963394
SWZ,1981,570774824.830585,5.313505939708674
SWZ,1982,537568059.413381,-5.817839885818421
SWZ,1983,555336145.767884,3.3052719638686057
SWZ,1984,494483408.878468,-10.957820295538777
SWZ,1985,360079419.385958,-27.180687375811065
SWZ,1986,449140318.385038,24.733682127947
SWZ,1987,584126092.258819,30.054254394071258
SWZ,1988,692026454.737872,18.472101128337147
SWZ,1989,696921542.378265,0.7073555652214569
SWZ,1990,1114694040.66987,59.945413204755305
SWZ,1991,1156135717.94598,3.7177625217414745
SWZ,1992,1284759927.54594,11.12535557922878
SWZ,1993,1357189551.68431,5.63759988036987
SWZ,1994,1419294254.4183,4.575978547500337
SWZ,1995,1698989463.99106,19.70664002211393
SWZ,1996,1602741833.70552,-5.664992769257493
SWZ,1997,1716714070.12471,7.111078903811219
SWZ,1998,1576908856.34674,-8.143768156325182
SWZ,1999,1547888495.98428,-1.840332131160205
SWZ,2000,1738093840.36607,12.288052070626776
SWZ,2001,1542477308.89408,-11.254658806614849
SWZ,2002,1432221739.12342,-7.147954082365759
SWZ,2003,2197598466.25447,53.43982054060237
SWZ,2004,2770082791.50412,26.050451619825598
SWZ,2005,3178112498.67911,14.729874082696103
SWZ,2006,3291330019.17287,3.5624138711519926
SWZ,2007,3469381231.49049,5.409704018753025
SWZ,2008,3294084314.15058,-5.052685353480168
SWZ,2009,3580428052.81393,8.692665741228534
SWZ,2010,4438765085.93784,23.97302837713291
SWZ,2011,4820478680.18375,8.599544847624196
SWZ,2012,4886551483.93374,1.370668934220265
SWZ,2013,4597552981.56738,-5.914160596006079
SWZ,2014,4422986271.74767,-3.7969483009676397
SWZ,2015,4063245671.29285,-8.13343244478746
SWZ,2016,3816019193.16561,-6.0844580448067624
SWZ,2017,4402969225.92165,15.381212804360423
SWZ,2018,4666598024.18411,5.987523072166723
SWZ,2019,4466214591.14854,-4.293993868704915
SWZ,2020,3982236692.55236,-10.83642285248365
SWZ,2021,4850842571.59151,21.812010337397325
SWZ,2022,4790922065.6101,-1.2352597532710896
SXM,1960,,
SXM,1961,,
SXM,1962,,
SXM,1963,,
SXM,1964,,
SXM,1965,,
SXM,1966,,
SXM,1967,,
SXM,1968,,
SXM,1969,,
SXM,1970,,
SXM,1971,,
SXM,1972,,
SXM,1973,,
SXM,1974,,
SXM,1975,,
SXM,1976,,
SXM,1977,,
SXM,1978,,
SXM,1979,,
SXM,1980,,
SXM,1981,,
SXM,1982,,
SXM,1983,,
SXM,1984,,
SXM,1985,,
SXM,1986,,
SXM,1987,,
SXM,1988,,
SXM,1989,,
SXM,1990,,
SXM,1991,,
SXM,1992,,
SXM,1993,,
SXM,1994,,
SXM,1995,,
SXM,1996,,
SXM,1997,,
SXM,1998,,
SXM,1999,,
SXM,2000,,
SXM,2001,,
SXM,2002,,
SXM,2003,,
SXM,2004,,
SXM,2005,,
SXM,2006,,
SXM,2007,,
SXM,2008,,
SXM,2009,,
SXM,2010,,
SXM,2011,936089385.47486,
SXM,2012,985865921.787709,5.3174982095965495
SXM,2013,1022905027.93296,3.757012523375036
SXM,2014,1361811520.80425,33.13176527796884
SXM,2015,1417888712.18062,4.117837932759749
SXM,2016,1427017201.87971,0.6438086163371048
SXM,2017,1353212141.44053,-5.171981132530268
SXM,2018,1259200442.69574,-6.947299382394856
SXM,2019,1407880465.5512,11.807494487308201
SXM,2020,1236428075.42112,-12.178050219835567
SXM,2021,1353071060.2652,9.433867376745875
SXM,2022,1537088724.46126,13.59999999999948
SYC,1960,12012024.6246505,
SYC,1961,11592023.7636487,-3.496503496503789
SYC,1962,12642025.9161531,9.057971014492662
SYC,1963,13923028.5422085,10.132890365448667
SYC,1964,15393031.5557147,10.558069381598955
SYC,1965,15603031.9862156,1.3642564802184065
SYC,1966,16443033.7082191,5.383580080753503
SYC,1967,16632032.1339974,1.1494133572433674
SYC,1968,16074027.6473276,-3.35499884905337
SYC,1969,16452028.2974887,2.3516237402014584
SYC,1970,18432031.7030945,12.035010940918678
SYC,1971,21965950.7711142,19.172705022129488
SYC,1972,30645122.9204727,39.51193481127089
SYC,1973,36896280.4764104,20.39853967027674
SYC,1974,43134496.1645367,16.907437843537366
SYC,1975,47803145.9480985,10.823471232289862
SYC,1976,49278981.7550701,3.0873194173746565
SYC,1977,64526401.4638544,30.94102021946825
SYC,1978,85552365.8005137,32.585056441489854
SYC,1979,127261099.223864,48.75228526187625
SYC,1980,156783829.540281,23.198550457656975
SYC,1981,163750728.211341,4.44363343559615
SYC,1982,157211789.70543,-3.993227130856891
SYC,1983,156098236.95757,-0.7083137657465044
SYC,1984,160992921.001345,3.1356433866101208
SYC,1985,179691482.681002,11.61452414389126
SYC,1986,221147061.34835,23.07041939263319
SYC,1987,265212956.902919,19.926059738662573
SYC,1988,301985618.111561,13.865333593826868
SYC,1989,324333366.456377,7.400269087172284
SYC,1990,392163560.879912,20.913726874492934
SYC,1991,398307169.860405,1.5665935322262792
SYC,1992,461409398.855893,15.842604344180767
SYC,1993,504230620.551871,9.28052653503746
SYC,1994,517570058.151034,2.6455032787503496
SYC,1995,540733047.733048,4.475334153749411
SYC,1996,535250347.089479,-1.0139385167143855
SYC,1997,598966982.350186,11.904081072936744
SYC,1998,647287375.762528,8.06728832075947
SYC,1999,662838614.880674,2.402524705479725
SYC,2000,654212394.27164,-1.3014058649233884
SYC,2001,662064155.920692,1.2001854012248847
SYC,2002,742134837.50919,12.094097055767739
SYC,2003,750847230.099263,1.1739635642647128
SYC,2004,893012218.181818,18.93394320223578
SYC,2005,977899381.818182,9.505711333848833
SYC,2006,1081441283.31798,10.588195823100467
SYC,2007,1077308813.82945,-0.3821261082110117
SYC,2008,979597394.293453,-9.069954527585045
SYC,2009,851064347.087496,-13.12100746232211
SYC,2010,981917973.654922,15.375291776142653
SYC,2011,1059249931.66967,7.875602656187342
SYC,2012,1089880685.4713,2.8917399837210533
SYC,2013,1324915185.0959,21.565158714870126
SYC,2014,1387576450.14334,4.729454817359091
SYC,2015,1391427967.33495,0.2775715306505777
SYC,2016,1458954073.30681,4.8530076696097435
SYC,2017,1529773473.31153,4.854121270877543
SYC,2018,1588050311.16454,3.809507673502588
SYC,2019,1645090567.04612,3.591841862979228
SYC,2020,1183515314.03478,-28.05774115160917
SYC,2021,1286687308.25807,8.717419453708741
SYC,2022,1588438144.37685,23.45176129290443
SYR,1960,857704413.407821,
SYR,1961,945244972.067039,10.206378478502032
SYR,1962,1110565880.75881,17.48974219140793
SYR,1963,1200447408.37696,8.093308931545518
SYR,1964,1339494267.01571,11.58291964049849
SYR,1965,1329842434.55497,-0.7205579522369776
SYR,1966,1321204502.6178,-0.6495455185306032
SYR,1967,1443717801.04712,9.27284899397296
SYR,1968,1562303429.31937,8.213906359417367
SYR,1969,1796596910.99476,14.996669486763015
SYR,1970,1780104712.04188,-0.917968791549828
SYR,1971,2097643979.05759,17.838235294117876
SYR,1972,2415706806.28272,15.162860351928087
SYR,1973,2579219250.63755,6.76872060506557
SYR,1974,4244669785.05014,64.57188678321597
SYR,1975,5566756756.75676,31.146992314055886
SYR,1976,6417632253.1898,15.284941189504542
SYR,1977,6882292993.63057,7.240376545568128
SYR,1978,8251974522.29299,19.901528893495723
SYR,1979,9929681528.66242,20.330976566118174
SYR,1980,13062420382.1656,31.549237953507415
SYR,1981,16758471337.5796,28.29529939535782
SYR,1982,17525605095.5414,4.5775879106679795
SYR,1983,18672866242.0382,6.546199918590356
SYR,1984,19195414012.7389,2.7984336412386845
SYR,1985,21203821656.051,10.462955589179979
SYR,1986,25460636942.6752,20.075698407930265
SYR,1987,32538089171.9745,27.797624408353293
SYR,1988,16574342984.4098,-49.06171995285603
SYR,1989,18609532293.9866,12.27915526721719
SYR,1990,23904498886.4143,28.45298048752516
SYR,1991,27756258351.8931,16.113115291732317
SYR,1992,33107349665.9243,19.278864053613454
SYR,1993,36860133630.2895,11.335198988240801
SYR,1994,45086948775.0557,22.319005208396447
SYR,1995,50866369710.4677,12.818390005156989
SYR,1996,61546280623.608,20.996015587372476
SYR,1997,66420400890.8686,7.919439189296806
SYR,1998,70418173719.3764,6.01889295289908
SYR,1999,72970334075.7238,3.6242921699702446
SYR,2000,80590022271.7149,10.442172552045449
SYR,2001,86771314031.1804,7.6700459749531325
SYR,2002,90558485523.3853,4.364543207037319
SYR,2003,95693808463.2517,5.670725288951828
SYR,2004,112863340757.238,17.942155892541113
SYR,2005,134203830734.967,18.908256511413256
SYR,2006,153799910913.14,14.601729377511163
SYR,2007,180030111358.575,17.054756592316078
SYR,2008,218089977728.285,21.14083365415702
SYR,2009,224561692650.334,2.9674517781427046
SYR,2010,252518218262.806,12.449374282194793
SYR,2011,67539428159.4474,-73.25364141087184
SYR,2012,43190318032.5627,-36.051697194416874
SYR,2013,21361254634.9336,-50.54156670291569
SYR,2014,21502061466.067,0.6591692929081461
SYR,2015,16468399173.0006,-23.41013814424334
SYR,2016,12598742889.2732,-23.497464708479843
SYR,2017,16369724424.2585,29.93141115845759
SYR,2018,21496337948.9175,31.317653198008678
SYR,2019,22600896342.9399,5.138356108129671
SYR,2020,11156757922.0385,-50.63577234836678
SYR,2021,8969512933.38826,-19.604664759550495
SYR,2022,,
TCA,1960,,
TCA,1961,,
TCA,1962,,
TCA,1963,,
TCA,1964,,
TCA,1965,,
TCA,1966,,
TCA,1967,,
TCA,1968,,
TCA,1969,,
TCA,1970,,
TCA,1971,,
TCA,1972,,
TCA,1973,,
TCA,1974,,
TCA,1975,,
TCA,1976,,
TCA,1977,,
TCA,1978,,
TCA,1979,,
TCA,1980,,
TCA,1981,,
TCA,1982,,
TCA,1983,,
TCA,1984,,
TCA,1985,,
TCA,1986,,
TCA,1987,,
TCA,1988,,
TCA,1989,,
TCA,1990,,
TCA,1991,,
TCA,1992,,
TCA,1993,,
TCA,1994,,
TCA,1995,,
TCA,1996,,
TCA,1997,,
TCA,1998,,
TCA,1999,,
TCA,2000,,
TCA,2001,358744800.0,
TCA,2002,366707900.0,2.2197116167258724
TCA,2003,409753600.0,11.738416325364142
TCA,2004,485598800.0,18.509953298762973
TCA,2005,578645800.0,19.161291172877682
TCA,2006,721891500.0,24.75533391929916
TCA,2007,773489700.0,7.147639222791802
TCA,2008,862683600.0,11.53136234393295
TCA,2009,703175800.0,-18.48972207191605
TCA,2010,686787800.0,-2.330569396728388
TCA,2011,728789600.0,6.115688135403685
TCA,2012,727161000.0,-0.22346641609595208
TCA,2013,754238000.0,3.723659547197933
TCA,2014,841070000.0,11.512546437596626
TCA,2015,942070000.0,12.008512965627126
TCA,2016,1032452000.0,9.593979215981818
TCA,2017,1022365000.0,-0.9769945721447626
TCA,2018,1113178000.0,8.882639761728939
TCA,2019,1197415000.0,7.567253395234186
TCA,2020,924583000.0,-22.78508286600719
TCA,2021,1044778790.0,12.99999999999999
TCA,2022,1138808881.1,8.999999999999986
TCD,1960,313582728.147574,
TCD,1961,333975336.110722,6.503103051501968
TCD,1962,357635713.41932,7.084468447320891
TCD,1963,371767002.194886,3.951308061618941
TCD,1964,392247517.728482,5.508965403782606
TCD,1965,416926303.316872,6.29163588626529
TCD,1966,432794921.680489,3.8060967219802677
TCD,1967,449826322.613453,3.935212748530681
TCD,1968,453980096.208711,0.9234171915785128
TCD,1969,471635621.561599,3.8890527360853966
TCD,1970,469266736.650677,-0.5022701430139054
TCD,1971,501866730.148987,6.947007096856606
TCD,1972,585427546.798272,16.650001211373123
TCD,1973,647199482.982537,10.551593706530959
TCD,1974,652532795.084805,0.8240600066134363
TCD,1975,864602104.679653,32.499410174056756
TCD,1976,866044962.016274,0.16688108076667874
TCD,1977,935360464.701341,8.003684072440166
TCD,1978,1113920123.76723,19.089930118321053
TCD,1979,1004316496.35051,-9.839451238751773
TCD,1980,1033002403.85304,2.856261707018559
TCD,1981,876937558.273757,-15.107887938805376
TCD,1982,834369859.663018,-4.8541310848326695
TCD,1983,832415806.010064,-0.23419513904099354
TCD,1984,919103734.876996,10.41401763890628
TCD,1985,1033069709.3319,12.399685707963748
TCD,1986,1067828245.86207,3.3645877152519432
TCD,1987,1163426852.20442,8.952620115903787
TCD,1988,1482597297.98821,27.433649582613384
TCD,1989,1433686312.02914,-3.2990068190087096
TCD,1990,1738605557.76313,21.268198152943828
TCD,1991,1877137981.75712,7.9680191619900365
TCD,1992,1881847669.69794,0.2508972694917011
TCD,1993,1463251163.9188,-22.243910201633376
TCD,1994,1179837963.22213,-19.36873229184033
TCD,1995,1445919894.57661,22.552413098135272
TCD,1996,1607345355.78298,11.164205002770089
TCD,1997,1544689576.92712,-3.898090639353524
TCD,1998,1744794531.21401,12.95437978451066
TCD,1999,1534673583.2487,-12.042733067205925
TCD,2000,1388506771.58756,-9.524293195411904
TCD,2001,1710843377.00119,23.214622500190174
TCD,2002,1997005708.81576,16.72638978304155
TCD,2003,2742815071.5744,37.34638110778916
TCD,2004,4422855660.82592,61.25241933599126
TCD,2005,6649307523.64377,50.339690768974464
TCD,2006,7428701453.91509,11.721430051173476
TCD,2007,8650137743.32547,16.44212379495553
TCD,2008,10393833765.3651,20.158014516995216
TCD,2009,9290728318.98821,-10.613075706990028
TCD,2010,10668103554.1192,14.825266522065196
TCD,2011,12172308851.0395,14.100025269622463
TCD,2012,12367362757.1342,1.6024396725526913
TCD,2013,12953534866.4286,4.739669408955138
TCD,2014,13940767218.5849,7.621335506764937
TCD,2015,10950392256.9543,-21.450576677329725
TCD,2016,10097778098.1707,-7.786151753989701
TCD,2017,10000394381.0177,-0.9644073795862296
TCD,2018,11239167898.3395,12.387246643724215
TCD,2019,11314951091.7283,0.6742776162281139
TCD,2020,10715396042.3343,-5.298786044530946
TCD,2021,11779981332.8631,9.93509979773819
TCD,2022,12704149840.2283,7.845245940984724
TEA,1960,80911608954.4867,
TEA,1961,71369633800.9542,-11.793085413614657
TEA,1962,65176021558.8546,-8.678217768880847
TEA,1963,70511435007.3945,8.186160064590586
TEA,1964,81386349482.7507,15.42290902775665
TEA,1965,94785047708.444,16.46307803562692
TEA,1966,103660508732.117,9.363777555900654
TEA,1967,100730137280.181,-2.826892794351188
TEA,1968,101931885333.332,1.1930372434699743
TEA,1969,114393990287.83,12.225914309094854
TEA,1970,127001340199.262,11.020989721322149
TEA,1971,136588746187.874,7.549058910378115
TEA,1972,154903886213.834,13.40896709072068
TEA,1973,194917492496.527,25.831247530779834
TEA,1974,220680062228.993,13.217166608545948
TEA,1975,247676641635.425,12.23335680339732
TEA,1976,251810418534.995,1.6690217019555753
TEA,1977,290442692872.471,15.341809350953106
TEA,1978,353500246204.135,21.71084171821518
TEA,1979,415284953507.985,17.477981406601707
TEA,1980,496343317295.533,19.518733607570837
TEA,1981,499647851491.156,0.6657759015732623
TEA,1982,504493686882.609,0.9698501408524018
TEA,1983,519430824170.312,2.960817484159861
TEA,1984,535437842811.723,3.081645889417328
TEA,1985,525937983887.2,-1.7742225455408156
TEA,1986,523872370537.858,-0.39274846324562906
TEA,1987,572424015653.474,9.267838474811763
TEA,1988,670392652027.026,17.114697094200682
TEA,1989,730457643223.582,8.959673262369616
TEA,1990,699931258166.728,-4.179076684328753
TEA,1991,752432351747.37,7.500892833126738
TEA,1992,876266386396.824,16.457829645665136
TEA,1993,1063972475369.76,21.421121691632706
TEA,1994,1070596761938.34,0.6225994301476412
TEA,1995,1320494506325.39,23.341911097751165
TEA,1996,1516559018018.29,14.847809722321315
TEA,1997,1568778371281.75,3.4432786751481537
TEA,1998,1431500901662.58,-8.750596778498998
TEA,1999,1576186529001.33,10.107267635717765
TEA,2000,1734113865557.17,10.019584208469446
TEA,2001,1844967780095.86,6.392539540826103
TEA,2002,2041967134708.25,10.677658262528267
TEA,2003,2311121145269.92,13.181113740115391
TEA,2004,2679749403397.96,15.950191918000357
TEA,2005,3104002019660.15,15.831801873870432
TEA,2006,3738289871387.02,20.434518009634452
TEA,2007,4726056492626.06,26.422954217633965
TEA,2008,5979810899729.63,26.52855311949338
TEA,2009,6483330322061.3,8.420323498096494
TEA,2010,7890849701684.84,21.70982056604569
TEA,2011,9638828252887.68,22.151968638176122
TEA,2012,10746699916765.3,11.493841728590981
TEA,2013,11855460858548.1,10.317222499653923
TEA,2014,12784356235858.6,7.835168859258146
TEA,2015,13306939164821.9,4.087674962447596
TEA,2016,13597778727368.9,2.1856232973234135
TEA,2017,14862792217017.2,9.30308923987817
TEA,2018,16619858519557.6,11.821912577965277
TEA,2019,17192007435430.8,3.4425618918471512
TEA,2020,17465796008751.6,1.5925340560087875
TEA,2021,20813163295456.1,19.165271854928534
TEA,2022,21167325456079.4,1.7016258201395962
TEC,1960,,
TEC,1961,,
TEC,1962,,
TEC,1963,,
TEC,1964,,
TEC,1965,,
TEC,1966,,
TEC,1967,,
TEC,1968,,
TEC,1969,,
TEC,1970,,
TEC,1971,,
TEC,1972,,
TEC,1973,,
TEC,1974,,
TEC,1975,,
TEC,1976,,
TEC,1977,,
TEC,1978,,
TEC,1979,,
TEC,1980,,
TEC,1981,,
TEC,1982,,
TEC,1983,,
TEC,1984,,
TEC,1985,,
TEC,1986,,
TEC,1987,,
TEC,1988,976593219923.992,
TEC,1989,945255042383.32,-3.2089284362542547
TEC,1990,1004870546469.25,6.306816828569195
TEC,1991,995788653279.654,-0.9037873805244234
TEC,1992,931485784159.174,-6.457481606031267
TEC,1993,928725528824.848,-0.29632822972360806
TEC,1994,834828070354.583,-10.11035613385981
TEC,1995,924001755656.671,10.681682668410097
TEC,1996,950621808513.41,2.880952627391986
TEC,1997,980496944235.474,3.1426941244681705
TEC,1998,947828018893.934,-3.331874263719714
TEC,1999,821675351388.169,-13.309657974975108
TEC,2000,894544565018.176,8.868370397980074
TEC,2001,909540950477.432,1.676426870801162
TEC,2002,1022699839151.1,12.441318734936457
TEC,2003,1258196358985.56,23.026944057206045
TEC,2004,1628013641798.5,29.392652440284508
TEC,2005,2039291684089.26,25.262567323232798
TEC,2006,2466363755929.98,20.9421768927307
TEC,2007,3172403579220.17,28.62675149164957
TEC,2008,3926829039903.42,23.78087912978273
TEC,2009,3113730517230.92,-20.706236874842354
TEC,2010,3657668750248.08,17.46902084194786
TEC,2011,4449815096966.39,21.657137395631644
TEC,2012,4646400812533.98,4.417840096358416
TEC,2013,4915322787867.55,5.787748112649571
TEC,2014,4643909258334.67,-5.521784453358947
TEC,2015,3627524552717.48,-21.886403223599395
TEC,2016,3485669672370.61,-3.9105146852997263
TEC,2017,3909241583631.23,12.151808721810076
TEC,2018,4076953150706.89,4.2901305403560075
TEC,2019,4159143876282.08,2.015984058117981
TEC,2020,3900173017455.42,-6.226542445513039
TEC,2021,4616362221588.67,18.36301110047962
TEC,2022,5189746524698.23,12.420695681723103
TGO,1960,121128072.620015,
TGO,1961,126396468.676344,4.349442653856328
TGO,1962,132237468.076856,4.621172934402695
TGO,1963,143255813.159996,8.332241416431362
TGO,1964,166104078.476452,15.949276202102736
TGO,1965,187300310.379132,12.76081363991608
TGO,1966,216136231.361648,15.395554296811632
TGO,1967,231706439.672193,7.203886276934424
TGO,1968,241956916.522192,4.423906760856933
TGO,1969,267732473.155718,10.652953014947975
TGO,1970,253976592.168706,-5.137920262295315
TGO,1971,286537569.73638,12.820464000101662
TGO,1972,335677600.932218,17.14959446366764
TGO,1973,406479937.162316,21.092362443449076
TGO,1974,560437817.101245,37.87588657234278
TGO,1975,617321669.390877,10.149895412813613
TGO,1976,619375149.732898,0.3326434894221686
TGO,1977,777435061.613376,25.51925306474443
TGO,1978,824263987.649158,6.023516091311865
TGO,1979,891775722.173339,8.190547632285593
TGO,1980,1136409056.23831,27.432159003922795
TGO,1981,962347167.444028,-15.316834007857516
TGO,1982,821652036.244119,-14.619997435394549
TGO,1983,765746518.275378,-6.804038145428648
TGO,1984,718149015.490703,-6.2158301276869725
TGO,1985,762359785.487147,6.156211182192495
TGO,1986,1060911723.00661,39.16155379689772
TGO,1987,1249099287.95951,17.73828687834449
TGO,1988,1378847399.45348,10.387333716755398
TGO,1989,1352949666.99283,-1.878215999168198
TGO,1990,1628427587.19133,20.361283713591384
TGO,1991,1602299811.80645,-1.604478798467457
TGO,1992,1692959103.78425,5.658072934277514
TGO,1993,1233496937.81395,-27.139590374231137
TGO,1994,982624331.585265,-20.33832420154127
TGO,1995,1309382817.12622,33.2536530022411
TGO,1996,1465448204.40008,11.919003765177383
TGO,1997,1498950970.99596,2.286178828790142
TGO,1998,1587346018.24022,5.897127321351081
TGO,1999,1576672666.13034,-0.6724023613775665
TGO,2000,1491891156.27182,-5.377242320474862
TGO,2001,1482437766.22601,-0.6336514568149654
TGO,2002,1706698033.01876,15.127803129548688
TGO,2003,2115836258.25578,23.972502301027898
TGO,2004,2259992505.14896,6.813204298333431
TGO,2005,2281483015.5667,0.9509106941185896
TGO,2006,2351584495.8792,3.072627752834145
TGO,2007,3759962853.26476,59.890612472293995
TGO,2008,4578847112.70688,21.779051852362997
TGO,2009,4721888275.26937,3.1239558570438586
TGO,2010,4746386893.22553,0.5188309533808777
TGO,2011,5422439152.10906,14.243513520746776
TGO,2012,5413541649.14901,-0.16408672758623233
TGO,2013,6021729629.82454,11.23456731456265
TGO,2014,6393314707.85456,6.170736663260756
TGO,2015,5755457836.01866,-9.976935298558908
TGO,2016,6071167584.1951,5.485397637711342
TGO,2017,6387424239.8801,5.209157073975401
TGO,2018,7029215766.46367,10.047736027560571
TGO,2019,6992654019.28876,-0.5201397764647564
TGO,2020,7486031561.86885,7.055654994786553
TGO,2021,8443112143.23844,12.784885736317397
TGO,2022,8341225241.45693,-1.206745807150078
THA,1960,2760750860.62197,
THA,1961,3034037810.96795,9.899008064943992
THA,1962,3308912796.93487,9.059708648760267
THA,1963,3540403456.55305,6.9959734155767395
THA,1964,3889129942.30769,9.849908069352109
THA,1965,4388937649.03846,12.851401576831844
THA,1966,5279230817.30769,20.284935432251537
THA,1967,5638461442.30769,6.804601606398419
THA,1968,6081009427.88461,7.848736576547299
THA,1969,6695336567.30769,10.102387551087633
THA,1970,7086538437.5,5.84290074531113
THA,1971,7375000024.03846,4.070557001596176
THA,1972,8177873151.04224,10.886415245923441
THA,1973,10838587357.7466,32.53552797361819
THA,1974,13702998512.4492,26.42790116606235
THA,1975,14882770593.9796,8.609590670673839
THA,1976,16985208648.2112,14.126657674089804
THA,1977,19779312261.3155,16.45021660301216
THA,1978,24006566636.6855,21.372099896707187
THA,1979,27371650824.5092,14.017348831054278
THA,1980,32353514988.7287,18.20081732066603
THA,1981,34846039193.6131,7.704029085410791
THA,1982,36589772403.7566,5.004107354798326
THA,1983,40042798388.4951,9.437134362672307
THA,1984,41797647775.6238,4.382434439529326
THA,1985,38900711332.5373,-6.9308599819724375
THA,1986,43096773980.8569,10.786596194733168
THA,1987,50535446554.8769,17.260393033882693
THA,1988,61667253471.3736,22.02772049200865
THA,1989,72250748099.9762,17.16226041024438
THA,1990,85343190719.0107,18.120840217346924
THA,1991,98234714971.0612,15.105510051171356
THA,1992,111452746517.655,13.45556054240873
THA,1993,128889262951.157,15.644761549900355
THA,1994,146683778959.101,13.806049938145204
THA,1995,169278916592.843,15.403978404484686
THA,1996,183035237429.281,8.126423014346983
THA,1997,150180456565.728,-17.949975821593945
THA,1998,113675596787.738,-24.3073304028832
THA,1999,126669211778.94,11.43043481483934
THA,2000,126392224253.794,-0.21866996822352824
THA,2001,120296476180.402,-4.822882190246003
THA,2002,134300904400.022,11.641594720213044
THA,2003,152280615245.887,13.387631994131265
THA,2004,172895685154.658,13.53755359832498
THA,2005,189318408468.595,9.498631096112442
THA,2006,221758296021.621,17.135094159851484
THA,2007,262942621455.053,18.571718024662598
THA,2008,291382982430.951,10.81618522646377
THA,2009,281710630187.319,-3.3194636704372615
THA,2010,341104766329.17,21.083384784719627
THA,2011,370818739623.622,8.711098825801123
THA,2012,397558325278.579,7.2109585621528804
THA,2013,420333654592.547,5.7288020060977995
THA,2014,407339040197.651,-3.0914998722841758
THA,2015,401296238228.084,-1.4834821544811638
THA,2016,413366349747.508,3.007780878465094
THA,2017,456356813536.764,10.400087916085909
THA,2018,506754208404.485,11.043418959200224
THA,2019,543976691793.886,7.345273659708895
THA,2020,500457264955.763,-8.000237417270185
THA,2021,505568063988.806,1.0212258650086348
THA,2022,495423343049.622,-2.0065984506902446
TJK,1960,,
TJK,1961,,
TJK,1962,,
TJK,1963,,
TJK,1964,,
TJK,1965,,
TJK,1966,,
TJK,1967,,
TJK,1968,,
TJK,1969,,
TJK,1970,,
TJK,1971,,
TJK,1972,,
TJK,1973,,
TJK,1974,,
TJK,1975,,
TJK,1976,,
TJK,1977,,
TJK,1978,,
TJK,1979,,
TJK,1980,,
TJK,1981,,
TJK,1982,,
TJK,1983,,
TJK,1984,,
TJK,1985,,
TJK,1986,,
TJK,1987,,
TJK,1988,,
TJK,1989,,
TJK,1990,2629395066.27017,
TJK,1991,2536585365.85366,-3.5296978231636356
TJK,1992,1909246640.78093,-24.731622815367228
TJK,1993,1646693642.12127,-13.7516543463588
TJK,1994,1522018435.70705,-7.571244779545838
TJK,1995,1231567145.36448,-19.083296465304745
TJK,1996,1043654822.33503,-15.257984409273739
TJK,1997,921517486.668177,-11.702847824109885
TJK,1998,1320199581.52261,43.263649428498766
TJK,1999,1086612582.86366,-17.693309551692916
TJK,2000,860541842.263697,-20.80509136054508
TJK,2001,1080772703.1461,25.59211534712538
TJK,2002,1221106073.04545,12.9845405505564
TJK,2003,1555318430.74928,27.369641760138098
TJK,2004,2076176636.45758,33.48884674743904
TJK,2005,2312352267.96248,11.37550762096371
TJK,2006,2830213562.63077,22.395432644205272
TJK,2007,3719524180.7389,31.422032239909427
TJK,2008,5161299725.27673,38.7623651434742
TJK,2009,4979471963.83187,-3.5229064600605153
TJK,2010,5642221528.6282,13.309635431430799
TJK,2011,6522755783.43972,15.606162401524948
TJK,2012,7633036366.08862,17.021648817018907
TJK,2013,8448410727.21353,10.682175768837986
TJK,2014,9112606074.45562,7.8617786076927265
TJK,2015,8271431932.39205,-9.23088450428624
TJK,2016,6992416096.89018,-15.463052177133573
TJK,2017,7536403146.65439,7.7796721794937795
TJK,2018,7765000282.26569,3.0332392145552944
TJK,2019,8300813889.60795,6.900368163102244
TJK,2020,8133963813.07025,-2.0100447830373014
TJK,2021,8937805347.13963,9.88253147595406
TJK,2022,10492123387.7931,17.390376946963837
TKM,1960,,
TKM,1961,,
TKM,1962,,
TKM,1963,,
TKM,1964,,
TKM,1965,,
TKM,1966,,
TKM,1967,,
TKM,1968,,
TKM,1969,,
TKM,1970,,
TKM,1971,,
TKM,1972,,
TKM,1973,,
TKM,1974,,
TKM,1975,,
TKM,1976,,
TKM,1977,,
TKM,1978,,
TKM,1979,,
TKM,1980,,
TKM,1981,,
TKM,1982,,
TKM,1983,,
TKM,1984,,
TKM,1985,,
TKM,1986,,
TKM,1987,2500000000.0,
TKM,1988,2700000000.0,8.000000000000007
TKM,1989,2800000000.0,3.703703703703698
TKM,1990,3000000000.0,7.14285714285714
TKM,1991,2950000000.0,-1.6666666666666718
TKM,1992,3200000000.0,8.47457627118644
TKM,1993,3180952380.95238,-0.5952380952381153
TKM,1994,2560939794.41997,-19.491413648473976
TKM,1995,2482249252.85059,-3.07272126196948
TKM,1996,2378759975.44506,-4.169173473883991
TKM,1997,2450350625.10407,3.009578536632973
TKM,1998,2605689134.49042,6.339440070122704
TKM,1999,2450564100.18292,-5.953320841468557
TKM,2000,2904663310.9825,18.53039513496848
TKM,2001,3534772732.39746,21.69302786428029
TKM,2002,4462029108.72349,26.232418503950548
TKM,2003,5977440582.80171,33.96238431335006
TKM,2004,6838351088.46688,14.402661034259069
TKM,2005,8103901996.37024,18.50666763860307
TKM,2006,10276674364.8961,26.811434411460677
TKM,2007,12664165103.1895,23.232133796598497
TKM,2008,19271523178.8079,52.173657100808946
TKM,2009,20214385964.9123,4.892518237174048
TKM,2010,22583157894.7368,11.718248251201713
TKM,2011,29233333333.3333,29.447500077685685
TKM,2012,35164210526.3158,20.288063373942443
TKM,2013,39197543859.6491,11.469995410006085
TKM,2014,43524210526.3158,11.038106576674256
TKM,2015,35799714285.7143,-17.74758495833275
TKM,2016,36169428571.4286,1.0327297105324318
TKM,2017,37926285714.2857,4.857298586809589
TKM,2018,40765428571.4286,7.48595018908873
TKM,2019,45232857142.8571,10.958865705534638
TKM,2020,45818000000.0,1.2936234721916184
TKM,2021,50007428571.4286,9.143630388556012
TKM,2022,56542857142.8571,13.068915475414933
TLA,1960,,
TLA,1961,,
TLA,1962,,
TLA,1963,,
TLA,1964,,
TLA,1965,,
TLA,1966,,
TLA,1967,,
TLA,1968,,
TLA,1969,,
TLA,1970,,
TLA,1971,,
TLA,1972,,
TLA,1973,,
TLA,1974,,
TLA,1975,,
TLA,1976,,
TLA,1977,,
TLA,1978,,
TLA,1979,,
TLA,1980,,
TLA,1981,,
TLA,1982,,
TLA,1983,,
TLA,1984,,
TLA,1985,,
TLA,1986,,
TLA,1987,,
TLA,1988,,
TLA,1989,942570159356.147,
TLA,1990,1109458099269.16,17.70562522656256
TLA,1991,1187260885890.04,7.0126836400700165
TLA,1992,1293171728057.12,8.920604007575239
TLA,1993,1534916859960.34,18.693969768920127
TLA,1994,1733953770927.54,12.967276349570023
TLA,1995,1853964429260.1,6.92121441440523
TLA,1996,2014992698592.39,8.68561806207655
TLA,1997,2210296016800.02,9.692507488690305
TLA,1998,2231266382090.11,0.9487582265315764
TLA,1999,2000304935579.08,-10.351137289787859
TLA,2000,2212445482711.99,10.605410373168755
TLA,2001,2159748619392.63,-2.3818378229489845
TLA,2002,1925774689420.98,-10.833387176209829
TLA,2003,1958739530341.29,1.711770390451095
TLA,2004,2262602309478.6,15.513179492750883
TLA,2005,2749008665063.56,21.497651334805212
TLA,2006,3231124397066.96,17.537803286344065
TLA,2007,3822817021789.9,18.312282413516677
TLA,2008,4460896971421.85,16.69135472597616
TLA,2009,4173919028802.26,-6.433189209660661
TLA,2010,5207430282655.3,24.7611716164416
TLA,2011,5935880342799.34,13.988666589936539
TLA,2012,6001429314837.82,1.1042839183575515
TLA,2013,6148458445163.49,2.449901891906947
TLA,2014,6265139094657.66,1.897722014954062
TLA,2015,5192258651802.86,-17.124606918458596
TLA,2016,5051195544946.59,-2.7167966065652416
TLA,2017,5626747446682.67,11.394369840064588
TLA,2018,5500845963862.15,-2.237553471406406
TLA,2019,5409465895796.12,-1.661200271128338
TLA,2020,4561170249972.34,-15.681689508071761
TLA,2021,5281323492901.43,15.788782340090401
TLA,2022,6001569526439.77,13.6376049394894
TLS,1960,,
TLS,1961,,
TLS,1962,,
TLS,1963,,
TLS,1964,,
TLS,1965,,
TLS,1966,,
TLS,1967,,
TLS,1968,,
TLS,1969,,
TLS,1970,,
TLS,1971,,
TLS,1972,,
TLS,1973,,
TLS,1974,,
TLS,1975,,
TLS,1976,,
TLS,1977,,
TLS,1978,,
TLS,1979,,
TLS,1980,,
TLS,1981,,
TLS,1982,,
TLS,1983,,
TLS,1984,,
TLS,1985,,
TLS,1986,,
TLS,1987,,
TLS,1988,,
TLS,1989,,
TLS,1990,,
TLS,1991,,
TLS,1992,,
TLS,1993,,
TLS,1994,,
TLS,1995,,
TLS,1996,,
TLS,1997,,
TLS,1998,,
TLS,1999,,
TLS,2000,366924300.0,
TLS,2001,477443500.0,30.120436286176734
TLS,2002,469455500.0,-1.6730775473956627
TLS,2003,490439100.0,4.46977402544011
TLS,2004,440772000.0,-10.127067764376863
TLS,2005,462268000.0,4.876897806575742
TLS,2006,453792400.0,-1.8334818763141691
TLS,2007,542795400.0,19.61315350367261
TLS,2008,648523600.0,19.478462787267546
TLS,2009,726937800.0,12.091186812631038
TLS,2010,881909300.0,21.318398905656032
TLS,2011,1042534600.0,18.21335822175818
TLS,2012,1160555000.0,11.3205259566445
TLS,2013,1395727400.0,20.263787584388492
TLS,2014,1447535200.0,3.711885286482164
TLS,2015,1595205100.0,10.201472130004152
TLS,2016,1652603700.0,3.598195617604283
TLS,2017,1598208400.0,-3.2914908758827077
TLS,2018,1566157200.0,-2.005445597708033
TLS,2019,2027034000.0,29.42723757232033
TLS,2020,2162619200.0,6.688846857033481
TLS,2021,3621958000.0,67.48015554472096
TLS,2022,3204753000.0,-11.518769682033858
TMN,1960,,
TMN,1961,,
TMN,1962,,
TMN,1963,,
TMN,1964,,
TMN,1965,23672607232.2116,
TMN,1966,24674793433.4371,4.2335269258462205
TMN,1967,26712783205.733,8.25939952767425
TMN,1968,29388713657.6809,10.017415375023898
TMN,1969,32606082514.4233,10.947634163979568
TMN,1970,36826855021.5555,12.944739697769991
TMN,1971,42220317424.5076,14.645460221339013
TMN,1972,50378062887.8925,19.321847776183667
TMN,1973,66874919866.9934,32.7461121635656
TMN,1974,101944860557.691,52.44109564609229
TMN,1975,118622198858.604,16.35917515574534
TMN,1976,146422013372.999,23.43559197341467
TMN,1977,169454384907.855,15.73012896372541
TMN,1978,182133796885.807,7.482492698460841
TMN,1979,227176675156.156,24.73065353081596
TMN,1980,272046318977.355,19.750990628926424
TMN,1981,265491216823.899,-2.409553703243328
TMN,1982,304509681682.111,14.69670647676946
TMN,1983,342217341130.241,12.383074074963062
TMN,1984,362311289706.535,5.871692097755665
TMN,1985,395025704487.703,9.029366655305182
TMN,1986,443928235117.52,12.379581904230076
TMN,1987,388227225201.307,-12.547300556691876
TMN,1988,356406550348.243,-8.196404782421961
TMN,1989,358405406493.101,0.5608359731057
TMN,1990,504208667612.756,40.68109980435286
TMN,1991,267675262406.498,-46.91180862204478
TMN,1992,297142477968.024,11.008568851901002
TMN,1993,310834752638.661,4.607982932723087
TMN,1994,339555359696.217,9.239831393931386
TMN,1995,376446169540.366,10.864446338633371
TMN,1996,425196434910.155,12.950129212182503
TMN,1997,448652237427.467,5.516462649144316
TMN,1998,461876753126.164,2.947609439000076
TMN,1999,501953663208.792,8.67697060122028
TMN,2000,531888592461.127,5.963683791243368
TMN,2001,538316194815.908,1.2084489958770428
TMN,2002,524740281472.209,-2.5219217765391044
TMN,2003,573739455559.387,9.337795442291208
TMN,2004,681175304708.106,18.725546606163014
TMN,2005,803395814731.474,17.94259263050375
TMN,2006,936958782128.502,16.624802488132183
TMN,2007,1142496171501.86,21.936652208588736
TMN,2008,1408940145252.05,23.321213706995447
TMN,2009,1370510388142.02,-2.727564917468883
TMN,2010,1578098825455.63,15.146797799543442
TMN,2011,1625215015080.72,2.98562985188755
TMN,2012,1752600144095.22,7.838047755679467
TMN,2013,1610532053136.03,-8.106132561830448
TMN,2014,1586867026417.67,-1.469391849251278
TMN,2015,1425097284819.95,-10.19428464418426
TMN,2016,1460439521098.02,2.4799876229176343
TMN,2017,1460779774200.84,0.02329799337148497
TMN,2018,1385560841904.96,-5.149231501170714
TMN,2019,1391490811719.89,0.42798335775546814
TMN,2020,1269352235058.67,-8.777533824334494
TMN,2021,1482949612658.02,16.827273919715235
TMN,2022,1677609783946.68,13.126553298041843
TON,1960,,
TON,1961,,
TON,1962,,
TON,1963,,
TON,1964,,
TON,1965,,
TON,1966,,
TON,1967,,
TON,1968,,
TON,1969,,
TON,1970,,
TON,1971,,
TON,1972,,
TON,1973,,
TON,1974,,
TON,1975,32506741.7201204,
TON,1976,30036416.9619944,-7.599422850174387
TON,1977,34139387.8908849,13.6599879209363
TON,1978,41567471.6721987,21.758104758805796
TON,1979,44667002.0120724,7.456624651883126
TON,1980,53260077.4311091,19.238084115683883
TON,1981,62242013.3302689,16.86429373066114
TON,1982,62068161.0711025,-0.2793165739094938
TON,1983,60863963.963964,-1.9401204842512176
TON,1984,64248354.5414656,5.560581922507413
TON,1985,60058663.3144773,-6.5210872043178885
TON,1986,68195855.6149733,13.54874026730879
TON,1987,81667133.4546982,19.75380720462301
TON,1988,106657267.367342,30.599989072110787
TON,1989,106344854.986095,-0.2929124184018361
TON,1990,113563821.577404,6.788261258387074
TON,1991,132201141.446861,16.411317980131535
TON,1992,137066290.550071,3.680111268302144
TON,1993,138489884.393064,1.038617035071021
TON,1994,195990986.21421,41.52007352244267
TON,1995,208871665.748682,6.5720775140107435
TON,1996,222100576.345483,6.333511321118235
TON,1997,214991452.314998,-3.2008579840092755
TON,1998,191504892.761394,-10.924415506153384
TON,1999,199208717.501913,4.0227822012451675
TON,2000,204848487.806485,2.831086096680391
TON,2001,181117230.406546,-11.584785249846362
TON,2002,182764280.828501,0.9093836175928294
TON,2003,202246591.215502,10.659801958393867
TON,2004,230657627.231323,14.047720579650157
TON,2005,261803684.241754,13.50315503731212
TON,2006,292230662.399012,11.622058813030778
TON,2007,298519024.14082,2.1518487109411844
TON,2008,344436582.075764,15.381786158219303
TON,2009,312377678.83941,-9.307635978486795
TON,2010,366832215.189578,17.432275107647
TON,2011,414533117.692299,13.003466033665912
TON,2012,470705196.432659,13.550685420038144
TON,2013,450650633.04135,-4.260535796778287
TON,2014,439877614.419206,-2.390547761896855
TON,2015,437003078.563584,-0.6534853698834886
TON,2016,420548712.433288,-3.7652746484947097
TON,2017,460374354.847247,9.469923753547715
TON,2018,488906838.594866,6.197670101994723
TON,2019,512053692.078675,4.734409841828713
TON,2020,484796854.918756,-5.3230427944519265
TON,2021,469228219.665791,-3.2113729895327126
TON,2022,,
TSA,1960,47147779567.0292,
TSA,1961,50307314798.8582,6.701344709854573
TSA,1962,53695416445.6081,6.734809163034083
TSA,1963,60396894530.4729,12.480540292770058
TSA,1964,69145880249.9011,14.485820483723622
TSA,1965,74260412305.0249,7.396727088641164
TSA,1966,62444760597.9718,-15.911104369472485
TSA,1967,68699960050.5407,10.017172606106639
TSA,1968,72004816964.9832,4.810565991612226
TSA,1969,79157009447.0174,9.932936133303949
TSA,1970,85695623709.0613,8.260309867340832
TSA,1971,91151981089.537,6.367136551803587
TSA,1972,91635981395.2062,0.5309816636829723
TSA,1973,104761572323.097,14.32362127632263
TSA,1974,126910557742.559,21.142280445306728
TSA,1975,135841794095.403,7.037425815243226
TSA,1976,132583348018.062,-2.3987065976562194
TSA,1977,153524522489.129,15.794724438708663
TSA,1978,174688741592.875,13.785562567207865
TSA,1979,195656039708.793,12.002661376303125
TSA,1980,235917480422.416,20.577663114078447
TSA,1981,250092890361.874,6.008630608497767
TSA,1982,258743965953.363,3.459144951690263
TSA,1983,273899513562.954,5.857353060872028
TSA,1984,272624713224.39,-0.4654262879043025
TSA,1985,296454642420.471,8.740927744311723
TSA,1986,313975467118.073,5.91011986000598
TSA,1987,348624425273.324,11.035562260098807
TSA,1988,374608450728.32,7.453300334485857
TSA,1989,378041404290.778,0.9164111369574401
TSA,1990,406989688413.066,7.657437464183636
TSA,1991,362086643424.485,-11.032968713204239
TSA,1992,384546459006.514,6.202884306809042
TSA,1993,380914811392.99,-0.9443976217870853
TSA,1994,432114259474.231,13.441180691821032
TSA,1995,479616531671.044,10.992988811480252
TSA,1996,524715251563.746,9.403078691965106
TSA,1997,550444437662.759,4.903456879199797
TSA,1998,558153189409.898,1.4004595595281222
TSA,1999,598033332783.548,7.145017556168209
TSA,2000,647686504213.635,8.302743126202717
TSA,2001,663315346921.869,2.41302583990215
TSA,2002,695416323416.856,4.8394744134825585
TSA,2003,811619434178.715,16.709862401691566
TSA,2004,941543875013.262,16.008049507343138
TSA,2005,1075732708524.25,14.252000047167002
TSA,2006,1220695824211.18,13.475756062655964
TSA,2007,1535949630979.41,25.825746309237086
TSA,2008,1559598183074.45,1.539669766381624
TSA,2009,1702620252614.52,9.170443457309595
TSA,2010,2082235871786.71,22.295965209462153
TSA,2011,2293960102339.4,10.16811944417302
TSA,2012,2327825468877.16,1.4762840253073284
TSA,2013,2389729692833.0,2.659315519290195
TSA,2014,2614764107326.58,9.416730903435532
TSA,2015,2733399604482.97,4.537139576911464
TSA,2016,3010885154564.81,10.15166423624061
TSA,2017,3433943646490.54,14.050967413497318
TSA,2018,3534083235323.88,2.9161686720072355
TSA,2019,3658216510053.27,3.5124604165700735
TSA,2020,3489923527067.67,-4.600410678895262
TSA,2021,4062850047299.39,16.41659239201465
TSA,2022,4390347563465.91,8.060782759733165
TSS,1960,28349301535.4105,
TSS,1961,29960492453.1967,5.683353135786073
TSS,1962,31903784357.6415,6.486181452059059
TSS,1963,34293676625.1121,7.490936625824385
TSS,1964,37449073939.0523,9.201105347886806
TSS,1965,40697444106.313,8.6741001193978
TSS,1966,43692889579.2903,7.360279100457423
TSS,1967,44680649549.8068,2.260688134905786
TSS,1968,47542735722.5745,6.405650324257817
TSS,1969,53651273745.3,12.848520241600259
TSS,1970,64259538042.4211,19.77262338165906
TSS,1971,64785881864.699,0.8190905790988356
TSS,1972,72974503608.3912,12.639515752511631
TSS,1973,94307943279.1528,29.234100426698205
TSS,1974,121769757991.543,29.119301892845705
TSS,1975,134534482395.373,10.482672064369636
TSS,1976,146791026073.071,9.110336219734517
TSS,1977,158950017998.32,8.283198401512903
TSS,1978,175550980777.321,10.444140232293941
TSS,1979,213288626348.167,21.49668740313937
TSS,1980,276476243432.998,29.62540392645463
TSS,1981,390617525066.638,41.28429995154406
TSS,1982,356115618026.284,-8.832657222552442
TSS,1983,314481204807.47,-11.691262924542977
TSS,1984,277288747255.652,-11.826607435756852
TSS,1985,253066172258.706,-8.73550594341771
TSS,1986,261128395601.959,3.1858162911679644
TSS,1987,296436322863.111,13.52128985427241
TSS,1988,313636871092.512,5.8024428529104055
TSS,1989,319075632306.872,1.7340949727673305
TSS,1990,375056911242.162,17.544830525149546
TSS,1991,401835601959.637,7.139900616358696
TSS,1992,361703838925.34,-9.98710986248752
TSS,1993,365328274669.429,1.0020451413669251
TSS,1994,373323426402.362,2.18848424479805
TSS,1995,476009200002.753,27.505847835468522
TSS,1996,530381466553.707,11.422524302185666
TSS,1997,558559464614.684,5.312779544140356
TSS,1998,562743780314.643,0.7491262730362047
TSS,1999,399807853242.212,-28.953838811213473
TSS,2000,424190717152.982,6.098645565123095
TSS,2001,406812918059.95,-4.096694809746337
TSS,2002,443148058332.92,8.931658425757139
TSS,2003,558141609069.783,25.94923944143128
TSS,2004,693283108166.621,24.212761940839567
TSS,2005,823425641880.834,18.771917587661036
TSS,2006,973649819318.576,18.24380609457417
TSS,2007,1128673253084.49,15.921888002239815
TSS,2008,1279544309271.44,13.367115396297603
TSS,2009,1231672697171.96,-3.741301630010574
TSS,2010,1465215490467.22,18.96143300338613
TSS,2011,1653394890750.09,12.843121131818268
TSS,2012,1717443724523.61,3.873777167925274
TSS,2013,1820439942754.1,5.997065100870147
TSS,2014,1901497484757.43,4.45263477798119
TSS,2015,1701776666914.07,-10.503343782694397
TSS,2016,1582166358879.25,-7.0285549426245435
TSS,2017,1714024580927.1,8.33403019270702
TSS,2018,1780679619928.75,3.8888029812032654
TSS,2019,1829596580378.4,2.747094980039533
TSS,2020,1715842671714.98,-6.217431202232193
TSS,2021,1931458241338.34,12.566161990123081
TSS,2022,2060531397309.08,6.6826790871389985
TTO,1960,535670127.748935,
TTO,1961,584961208.656595,9.201760253982737
TTO,1962,619319197.340022,5.873549933735367
TTO,1963,678235373.038558,9.513054972553924
TTO,1964,711893367.55527,4.962583176091351
TTO,1965,736568861.926151,3.466178432820599
TTO,1966,723735635.536371,-1.7422982497822037
TTO,1967,761981474.023359,5.28450398309368
TTO,1968,758899950.0,-0.4044093102537172
TTO,1969,779200000.0,2.674930997162406
TTO,1970,821850000.0,5.473562628336759
TTO,1971,896754316.674262,9.114110442813406
TTO,1972,1083381044.08473,20.81135534452725
TTO,1973,1308799458.96284,20.806937329104723
TTO,1974,2042031901.42217,56.02328434948933
TTO,1975,2442667573.04821,19.619461936271332
TTO,1976,2500410583.79177,2.3639324229249192
TTO,1977,3138666666.66667,25.526051081859148
TTO,1978,3562333458.33333,13.498304747238521
TTO,1979,4602416625.0,29.19668186125626
TTO,1980,6235833333.33333,35.49041387215417
TTO,1981,6992083333.33333,12.127488975010037
TTO,1982,8140416666.66667,16.423335915618953
TTO,1983,7763750000.0,-4.627117776526624
TTO,1984,7757083333.33333,-0.0858691568722536
TTO,1985,7375918367.34694,-4.913766548677745
TTO,1986,4794444444.44444,-34.998678053849396
TTO,1987,4797777777.77778,0.069524913093999
TTO,1988,4496852073.46896,-6.27218929777531
TTO,1989,4323058823.52941,-3.864775783150942
TTO,1990,5068000000.0,17.231807543678258
TTO,1991,5307905882.35294,4.733738799387122
TTO,1992,5439552941.17647,2.480207105050858
TTO,1993,4669488516.37981,-14.156759445567769
TTO,1994,4947205860.01451,5.947489594642152
TTO,1995,5329214163.22001,7.721698146686373
TTO,1996,5759537726.26601,8.074803336220038
TTO,1997,5737751331.63779,-0.37826637594307044
TTO,1998,6043694330.21609,5.332106271168291
TTO,1999,6808982520.75759,12.662589282772974
TTO,2000,8154338232.95978,19.75854260310983
TTO,2001,8824873259.32105,8.223046520819711
TTO,2002,9008273720.93395,2.0782220460694667
TTO,2003,11305459802.0683,25.500846802601206
TTO,2004,13280275123.0354,17.467801889895828
TTO,2005,15982282462.3786,20.346019297871408
TTO,2006,18369361094.3886,14.935780528401054
TTO,2007,21641620049.9352,17.81367865072998
TTO,2008,27871587349.5413,28.78697290328205
TTO,2009,19172165225.5015,-31.212510485819077
TTO,2010,22157948396.2042,15.573531396084661
TTO,2011,25433011405.3017,14.780533605983749
TTO,2012,27334581560.2837,7.4767793898979695
TTO,2013,28709988700.2142,5.031747557200306
TTO,2014,29699968760.7278,3.448207767863787
TTO,2015,27026080986.578,-9.002998608151657
TTO,2016,23713671528.1421,-12.256344011108911
TTO,2017,24040299977.8745,1.377384557868977
TTO,2018,24569079488.3913,2.1995545438428854
TTO,2019,23775754304.6652,-3.228957699049906
TTO,2020,20807571314.3043,-12.484074962780445
TTO,2021,24496505940.6673,17.728809242753975
TTO,2022,30053575132.142,22.685150302391733
TUN,1960,,
TUN,1961,,
TUN,1962,,
TUN,1963,,
TUN,1964,,
TUN,1965,991047619.047619,
TUN,1966,1040952380.95238,5.0355564097634975
TUN,1967,1085714285.71429,4.300091491308833
TUN,1968,1214666666.66667,11.87719298245602
TUN,1969,1289904761.90476,6.194135173278514
TUN,1970,1439238095.2381,11.577082102776682
TUN,1971,1685162272.40652,17.087108657149287
TUN,1972,2237556148.51085,32.77986251825329
TUN,1973,2730813385.32624,22.044462980009015
TUN,1974,3545868575.14639,29.846608860194166
TUN,1975,4328965587.53266,22.08477262454489
TUN,1976,4508191942.16081,4.140165843413479
TUN,1977,5109324009.32401,13.334216352710836
TUN,1978,5968460080.1113,16.815063386456842
TUN,1979,7188863903.63675,20.447549403776712
TUN,1980,8744134354.16152,21.63444003631756
TUN,1981,8428445294.08429,-3.6102951680630047
TUN,1982,8133580051.70251,-3.4984535355380153
TUN,1983,8350582747.83541,2.667985004800899
TUN,1984,8254541194.82566,-1.1501179727204769
TUN,1985,8410226052.6114,1.8860510125424224
TUN,1986,9017806654.4169,7.224307622704695
TUN,1987,9696715910.70907,7.528540833813957
TUN,1988,10096245762.4352,4.120259430152928
TUN,1989,10101851744.5627,0.05552541270694711
TUN,1990,12290568181.8182,21.66648741834456
TUN,1991,13074782608.6957,6.380619799478526
TUN,1992,15496708060.4184,18.523638397719445
TUN,1993,14608335608.1543,-5.732652695014462
TUN,1994,15633174304.0905,7.01543778446696
TUN,1995,18030876599.3444,15.33727091257806
TUN,1996,19587161806.7655,8.631223217831163
TUN,1997,20746210353.845,5.917388943400481
TUN,1998,21802893587.126,5.09337953900173
TUN,1999,22943202174.9668,5.230079132772181
TUN,2000,21473528160.7782,-6.405705720503807
TUN,2001,22065832448.8623,2.7582998175677442
TUN,2002,23141616604.5242,4.875339093392639
TUN,2003,27453902261.4629,18.634331951103377
TUN,2004,31183885241.4396,13.586349016811683
TUN,2005,32272186694.8043,3.489948237490559
TUN,2006,34376664600.5898,6.521026683711861
TUN,2007,38915353866.757,13.202820340194776
TUN,2008,44859439902.2191,15.27439800705439
TUN,2009,43455740497.3061,-3.129105954003597
TUN,2010,46206091937.9628,6.32908658138549
TUN,2011,48123325825.0739,4.149309769987064
TUN,2012,47311401812.6733,-1.6871735244399
TUN,2013,48685446413.953,2.9042567935740893
TUN,2014,50271812920.612,3.2583998371315204
TUN,2015,45779494041.9295,-8.936059031283916
TUN,2016,44360072680.4476,-3.1005614875993293
TUN,2017,42163530590.9462,-4.95161968133917
TUN,2018,42686580020.8322,1.2405256925953845
TUN,2019,41905540184.424,-1.8297081565846418
TUN,2020,42538289933.2162,1.5099429478954374
TUN,2021,46687293140.3377,9.753573107041458
TUN,2022,46303552449.3542,-0.8219381873993181
TUR,1960,7566666666.66667,
TUR,1961,7988888888.88889,5.580029368575601
TUR,1962,8922222222.22222,11.682892906814967
TUR,1963,10355555555.5556,16.064757160648103
TUR,1964,11177777777.7778,7.939914163089878
TUR,1965,11966666666.6667,7.057654075546815
TUR,1966,14100000000.0,17.82729805013894
TUR,1967,15644444444.4444,10.953506698187244
TUR,1968,17500000000.0,11.86079545454577
TUR,1969,19466666666.6667,11.238095238095426
TUR,1970,17863636363.6364,-8.234744707347419
TUR,1971,16166666666.6667,-9.499575911789638
TUR,1972,20650000000.0,27.731958762886322
TUR,1973,26000000000.0,25.90799031476998
TUR,1974,35414285714.2857,36.20879120879115
TUR,1975,46042857142.8571,30.012101653892632
TUR,1976,51450000000.0,11.743717033819534
TUR,1977,58683333333.3333,14.058956916099707
TUR,1978,65912500000.0,12.318943481965427
TUR,1979,89616129032.2581,35.96226669032141
TUR,1980,68823684210.5263,-23.201677026517597
TUR,1981,71180180180.1802,3.423960801699555
TUR,1982,64369325153.3742,-9.568471180552674
TUR,1983,61803555555.5556,-3.9860128899985803
TUR,1984,59937602179.8365,-3.019168329307176
TUR,1985,67232758620.6897,12.171251727696486
TUR,1986,75673037037.037,12.55381839077172
TUR,1987,87190081680.28,15.219482518728778
TUR,1988,90875175808.7201,4.226506108748795
TUR,1989,107127191328.935,17.883888945010895
TUR,1990,150655500191.644,40.63236263616299
TUR,1991,151034731543.624,0.2517208807494953
TUR,1992,159104772991.851,5.343169326517527
TUR,1993,180415757851.616,13.394308956939005
TUR,1994,130650447499.071,-27.58368279198471
TUR,1995,169319579016.25,29.59739691473615
TUR,1996,181464408820.097,7.1727261988298485
TUR,1997,189878399894.643,4.63671698998982
TUR,1998,275941990764.18,45.32563520510533
TUR,1999,256395932738.435,-7.083393858113118
TUR,2000,274294623164.043,6.980879234097492
TUR,2001,201753123806.695,-26.446562648792515
TUR,2002,240249071871.106,19.080719712322747
TUR,2003,314595572145.767,30.945593127846948
TUR,2004,408865430220.331,29.965411601815006
TUR,2005,506314717661.655,23.83407357007663
TUR,2006,557076157773.479,10.025669478118026
TUR,2007,681321124295.914,22.3030486565817
TUR,2008,770449132861.373,13.081644673437243
TUR,2009,649289324627.732,-15.725867298164808
TUR,2010,776967266305.53,19.66426011254716
TUR,2011,838785289694.35,7.956322752535505
TUR,2012,880555885492.269,4.9798913155880475
TUR,2013,957799120008.32,8.772099055685544
TUR,2014,938934609296.966,-1.9695685992267453
TUR,2015,864313810469.009,-7.947390381512276
TUR,2016,869682881593.041,0.6211946470135121
TUR,2017,858988492853.742,-1.2296883111818424
TUR,2018,778972199727.859,-9.315176372159751
TUR,2019,761005946788.221,-2.306404894284386
TUR,2020,720338498174.744,-5.343906809810283
TUR,2021,819865253669.661,13.816664769008803
TUR,2022,907118435952.688,10.64238079275681
TUV,1960,,
TUV,1961,,
TUV,1962,,
TUV,1963,,
TUV,1964,,
TUV,1965,,
TUV,1966,,
TUV,1967,,
TUV,1968,,
TUV,1969,,
TUV,1970,,
TUV,1971,,
TUV,1972,,
TUV,1973,,
TUV,1974,,
TUV,1975,,
TUV,1976,,
TUV,1977,,
TUV,1978,,
TUV,1979,,
TUV,1980,,
TUV,1981,,
TUV,1982,,
TUV,1983,,
TUV,1984,,
TUV,1985,,
TUV,1986,,
TUV,1987,,
TUV,1988,,
TUV,1989,,
TUV,1990,8824743.94191672,
TUV,1991,9365486.89937963,6.127576743552088
TUV,1992,9742606.01858924,4.026689944273909
TUV,1993,9631024.91567838,-1.145290107163921
TUV,1994,10887215.5823684,13.043167032462577
TUV,1995,11025675.4282512,1.2717654466862127
TUV,1996,12335203.3825222,11.877076944561438
TUV,1997,12701093.9749737,2.9662307227940055
TUV,1998,12757408.4637285,0.44338297839354723
TUV,1999,13687141.1058778,7.287786111048256
TUV,2000,15073975.5349377,10.13238935970595
TUV,2001,13964732.327114,-7.358663978542035
TUV,2002,16842672.5952874,20.608631807324905
TUV,2003,19456338.0318228,15.518115796341636
TUV,2004,22798274.9795551,17.176597889418986
TUV,2005,22909979.8163078,0.4899705651101982
TUV,2006,24096875.4635825,5.180692679745813
TUV,2007,28450168.692765,18.06579959199115
TUV,2008,31874434.857882,12.036013571996174
TUV,2009,28076983.9703819,-11.913782642521287
TUV,2010,32105408.4771121,14.347782194055236
TUV,2011,39196957.4908996,22.08833137520445
TUV,2012,39345579.4723758,0.379167136915437
TUV,2013,38615890.6320745,-1.8545637148732586
TUV,2014,38760982.6540096,0.3757313881933122
TUV,2015,36811936.0824587,-5.0283724459428525
TUV,2016,41629064.2232388,13.085777748797955
TUV,2017,45276595.3533146,8.761982038596038
TUV,2018,48015259.8751356,6.0487421822464915
TUV,2019,54123198.5662913,12.720828143051776
TUV,2020,51746594.3148543,-4.391100885373733
TUV,2021,60196405.7138393,16.329212600102274
TUV,2022,59065979.0227679,-1.8778973223836704
TZA,1960,,
TZA,1961,,
TZA,1962,,
TZA,1963,,
TZA,1964,,
TZA,1965,,
TZA,1966,,
TZA,1967,,
TZA,1968,,
TZA,1969,,
TZA,1970,,
TZA,1971,,
TZA,1972,,
TZA,1973,,
TZA,1974,,
TZA,1975,,
TZA,1976,,
TZA,1977,,
TZA,1978,,
TZA,1979,,
TZA,1980,,
TZA,1981,,
TZA,1982,,
TZA,1983,,
TZA,1984,,
TZA,1985,,
TZA,1986,,
TZA,1987,,
TZA,1988,5100405361.52178,
TZA,1989,4420167578.29993,-13.336935694438445
TZA,1990,4258742891.66014,-3.652003770904
TZA,1991,4956587894.07981,16.38617357686123
TZA,1992,4601413526.28306,-7.165703007526069
TZA,1993,4257702017.94111,-7.469693962055047
TZA,1994,4510847189.15431,5.945582150805695
TZA,1995,5255221040.79085,16.50186362832864
TZA,1996,6496195820.23633,23.61413097209566
TZA,1997,7683852496.84499,18.282341072739605
TZA,1998,12270448552.512,59.69135999878028
TZA,1999,12708703446.6482,3.5716289609191154
TZA,2000,13376365874.8449,5.253584136254208
TZA,2001,13568654924.4694,1.4375283348529777
TZA,2002,14134511339.163,4.17032062384568
TZA,2003,15216719215.2206,7.656493033891354
TZA,2004,16678796641.9005,9.608361736854864
TZA,2005,18395383647.4975,10.292031508343879
TZA,2006,18619859795.2852,1.2202852198640368
TZA,2007,21860434823.4808,17.40386374453884
TZA,2008,27947821397.9272,27.846594194493314
TZA,2009,29400573553.6075,5.19808730346345
TZA,2010,32012892919.37,8.885266680254823
TZA,2011,34657140096.4836,8.259944466042457
TZA,2012,39650394362.9287,14.407577349268163
TZA,2013,45648857242.315,15.128381383753876
TZA,2014,49986726460.6805,9.502689619017302
TZA,2015,47413919817.124,-5.1469796598508255
TZA,2016,49774409374.4538,4.978473761364244
TZA,2017,53274884532.7886,7.032680452319706
TZA,2018,57003712892.0858,6.999223728025639
TZA,2019,61026731925.9213,7.057468416928403
TZA,2020,66068737786.0639,8.261962751443019
TZA,2021,70655628147.8986,6.942603287938454
TZA,2022,75732311666.039,7.185108463707546
UGA,1960,423008385.744235,
UGA,1961,441524109.014675,4.377152769173542
UGA,1962,449012578.616352,1.6960499888417413
UGA,1963,516147798.742138,14.95174596949278
UGA,1964,589056603.773585,14.125567368324932
UGA,1965,884502309.953801,50.155741279793254
UGA,1966,925381492.370153,4.621715732826881
UGA,1967,967240655.186896,4.523449319213246
UGA,1968,1037379252.41495,7.251411202778835
UGA,1969,1168556628.86742,12.645074224021524
UGA,1970,1259554808.90382,7.787228944531055
UGA,1971,1417191656.16688,12.51528287206889
UGA,1972,1490970180.59639,5.205966610688417
UGA,1973,1701829789.02127,14.142443032665874
UGA,1974,2098944967.20844,23.334600249038573
UGA,1975,2359555555.55556,12.416265905900703
UGA,1976,2447300000.0,3.7186852514595747
UGA,1977,2936470588.23529,19.98817424244228
UGA,1978,2420260869.56522,-17.579257246376613
UGA,1979,2139025000.0,-11.620064312147537
UGA,1980,1244610000.0,-41.81414429471372
UGA,1981,1337300000.0,7.447312812849005
UGA,1982,2177500000.0,62.82808644283258
UGA,1983,2240333333.33333,2.8855721393033384
UGA,1984,3615647477.05434,61.388817603973145
UGA,1985,3519695443.52516,-2.6537994685077004
UGA,1986,3923244049.95796,11.465441056133695
UGA,1987,6269522042.11556,59.80453834328101
UGA,1988,6508931651.66667,3.8186261718656356
UGA,1989,5276480799.33868,-18.934764079331046
UGA,1990,4304399310.30967,-18.42291341514678
UGA,1991,3321729159.62277,-22.82943750904478
UGA,1992,2857457761.90922,-13.976798691386216
UGA,1993,3220439044.18949,12.702944803556516
UGA,1994,3990430446.71216,23.90951643416246
UGA,1995,5755818842.49246,44.240550470810945
UGA,1996,6044585326.938,5.016948801684218
UGA,1997,6269333313.17108,3.718170462934478
UGA,1998,6584815846.52754,5.03215441893432
UGA,1999,5998563257.94659,-8.903097706067308
UGA,2000,6193246837.09687,3.245503477726497
UGA,2001,5840503868.51573,-5.695606486540283
UGA,2002,6178563591.12051,5.788194481423958
UGA,2003,6606884275.23087,6.932366686747682
UGA,2004,7939487547.77384,20.169919996009057
UGA,2005,9239221763.05793,16.370505117153613
UGA,2006,9977647682.96954,7.992295659187754
UGA,2007,11902564494.8833,19.292290859290674
UGA,2008,14440404132.2047,21.321788581043787
UGA,2009,25127805566.6584,74.0104039790609
UGA,2010,26673441430.7857,6.1510976755494
UGA,2011,27871725241.4723,4.492422973600907
UGA,2012,27305915910.7877,-2.0300477483277346
UGA,2013,28915786516.6123,5.895684331132767
UGA,2014,32612397257.4458,12.7840573823222
UGA,2015,32387183730.1002,-0.6905764257921332
UGA,2016,29203988696.2626,-9.828563855273353
UGA,2017,30744473841.424,5.274913509874568
UGA,2018,32927025619.6795,7.0990051399572485
UGA,2019,35348155095.4215,7.353016041312177
UGA,2020,37605430214.3519,6.3858357326908255
UGA,2021,40510241365.8914,7.724446004159535
UGA,2022,45567304608.4764,12.48341918506297
UKR,1960,,
UKR,1961,,
UKR,1962,,
UKR,1963,,
UKR,1964,,
UKR,1965,,
UKR,1966,,
UKR,1967,,
UKR,1968,,
UKR,1969,,
UKR,1970,,
UKR,1971,,
UKR,1972,,
UKR,1973,,
UKR,1974,,
UKR,1975,,
UKR,1976,,
UKR,1977,,
UKR,1978,,
UKR,1979,,
UKR,1980,,
UKR,1981,,
UKR,1982,,
UKR,1983,,
UKR,1984,,
UKR,1985,,
UKR,1986,,
UKR,1987,64904761904.7619,
UKR,1988,74842105263.1579,15.310653743676884
UKR,1989,80731578947.3684,7.869198312236247
UKR,1990,79523809523.8095,-1.4960309699210583
UKR,1991,76666666666.6667,-3.5928143712574023
UKR,1992,73906020558.0029,-3.6008427504310436
UKR,1993,65648189143.7174,-11.173421802361272
UKR,1994,52549580264.8064,-19.952734492394686
UKR,1995,48213856468.5718,-8.250729643103016
UKR,1996,44558831005.0621,-7.580861045397236
UKR,1997,50151531591.7317,12.551273138279218
UKR,1998,41882523345.1804,-16.488047292088247
UKR,1999,31580639553.8298,-24.59709436904326
UKR,2000,32375083934.8241,2.515605738889981
UKR,2001,39309580983.2282,21.419240371281468
UKR,2002,43956163612.0433,11.820483741095078
UKR,2003,52010355753.0461,18.32323724174163
UKR,2004,67220154164.3166,29.243788455301445
UKR,2005,89238865118.5263,32.75611493003419
UKR,2006,111884752475.248,25.37670926971518
UKR,2007,148733861386.139,32.934879950727016
UKR,2008,188110390659.515,26.474488664788765
UKR,2009,121552153444.124,-35.38254159275191
UKR,2010,141209170427.233,16.171673167555277
UKR,2011,169333835201.554,19.91702429044011
UKR,2012,182591753827.949,7.829456298922444
UKR,2013,190498811460.028,4.330457135282018
UKR,2014,133503871861.723,-29.91879012865345
UKR,2015,91030967789.0717,-31.813986725900158
UKR,2016,93355869403.9223,2.5539678104242958
UKR,2017,112090505081.739,20.067978368620466
UKR,2018,130891088293.55,16.772681323990103
UKR,2019,153883047509.577,17.565717816069217
UKR,2020,156617722013.342,1.7771122602668887
UKR,2021,199765859570.935,27.549971358871673
UKR,2022,160502737251.047,-19.65457080815455
UMC,1960,236136360082.973,
UMC,1961,220490841490.861,-6.625628762387336
UMC,1962,222023728315.223,0.6952156443312152
UMC,1963,242268291060.731,9.118197815670115
UMC,1964,280066549216.358,15.601818129039358
UMC,1965,314986131154.743,12.468315847105615
UMC,1966,345233462869.18,9.60275031905371
UMC,1967,351717338837.595,1.8781134118716514
UMC,1968,365743583697.764,3.9879310205533036
UMC,1969,408867237823.783,11.790679604007682
UMC,1970,450813776265.559,10.25920752786127
UMC,1971,482922529736.165,7.1223984627505565
UMC,1972,551710713977.373,14.244144765577428
UMC,1973,692054139500.893,25.437864802690015
UMC,1974,839243307933.183,21.268447081097207
UMC,1975,968587924516.25,15.412052185629687
UMC,1976,1005321574700.55,3.7924951627541947
UMC,1977,1112842480972.91,10.695175452131966
UMC,1978,1331868614366.72,19.681683359384785
UMC,1979,1640895079473.04,23.202473710461046
UMC,1980,2015382172152.8,22.82212295986794
UMC,1981,2130966682801.04,5.735116259601236
UMC,1982,1957421571942.8,-8.14396171741758
UMC,1983,1943951034606.15,-0.6881776276369655
UMC,1984,2038366331218.12,4.8568762757493555
UMC,1985,1944077359529.31,-4.625712770307744
UMC,1986,1890490761890.44,-2.7564025359486877
UMC,1987,2107676388478.57,11.48831990963819
UMC,1988,2384411282642.85,13.129856920968862
UMC,1989,2447067376902.13,2.6277385413909116
UMC,1990,2774503891839.94,13.380772349322445
UMC,1991,2697545667058.34,-2.7737652489131848
UMC,1992,2853560660608.48,5.783590448730891
UMC,1993,3274100387475.53,14.737367691961945
UMC,1994,3371475768953.19,2.974111052005357
UMC,1995,3764707901527.85,11.663501668788644
UMC,1996,4103660301262.65,9.003418289032217
UMC,1997,4368593575977.29,6.456023531799726
UMC,1998,4197253024803.81,-3.9220986844753503
UMC,1999,4018486713613.68,-4.2591263889430575
UMC,2000,4452467033101.52,10.799595728850298
UMC,2001,4473535602250.16,0.4731886612973968
UMC,2002,4537592261803.34,1.4319023083433136
UMC,2003,5088581599981.57,12.142768816324967
UMC,2004,6067168588926.78,19.231036580974823
UMC,2005,7262800479007.17,19.706587554902356
UMC,2006,8647104081104.99,19.060190433416068
UMC,2007,10685408075326.4,23.57209968913594
UMC,2008,13004669108217.2,21.704936456719782
UMC,2009,12563513702323.4,-3.3922847419089464
UMC,2010,15404029761165.8,22.609248703386985
UMC,2011,18586822183033.1,20.662076555391074
UMC,2012,19883675355488.0,6.977272175330351
UMC,2013,21268492949592.6,6.9645956763339845
UMC,2014,21874590740590.2,2.849744889936856
UMC,2015,20559996802665.8,-6.009684722855435
UMC,2016,20510053202252.5,-0.24291638219916534
UMC,2017,22686712042217.4,10.612643558261702
UMC,2018,24376030533340.2,7.446290533327038
UMC,2019,24832086863829.0,1.8709212308584577
UMC,2020,23959410661464.3,-3.514308753630613
UMC,2021,28933254272818.9,20.75945724055057
UMC,2022,30609458161507.9,5.793347242877189
URY,1960,1208333333.33333,
URY,1961,1600000000.0,32.413793103448654
URY,1962,1763636363.63636,10.227272727272485
URY,1963,1553333333.33333,-11.924398625429566
URY,1964,1970588235.29412,26.86190355970759
URY,1965,1893103448.27586,-3.9320638188370727
URY,1966,1805555555.55556,-4.624569925116029
URY,1967,1597142857.14286,-11.54285714285721
URY,1968,1592672413.7931,-0.27990253531591236
URY,1969,2004435483.87097,25.85359465712207
URY,1970,2137096774.19355,6.61838664252663
URY,1971,2807258064.51613,31.358490566037677
URY,1972,2188700564.97175,-22.034222908216925
URY,1973,3964994165.69428,81.15745155598557
URY,1974,4091438979.96357,3.1890290120300646
URY,1975,3538014311.27012,-13.526406513787915
URY,1976,3667716535.43307,3.665960981271099
URY,1977,4114374865.50463,12.178103889885804
URY,1978,4910526315.78947,19.35048400572006
URY,1979,7181487624.39398,46.24680049676928
URY,1980,10162460046.2912,41.50912147744283
URY,1981,11048642638.7473,8.720158194171802
URY,1982,9179000938.42489,-16.921913048084512
URY,1983,5102251570.86339,-44.413868076813465
URY,1984,4850267475.3547,-4.938684265347771
URY,1985,4732017873.38369,-2.4380016684000028
URY,1986,5880112788.40947,24.2622691998587
URY,1987,7367494080.40014,25.29511500055761
URY,1988,8213538368.84635,11.483474288726669
URY,1989,8438951476.06644,2.7444092557608712
URY,1990,9298807850.29979,10.189137556626227
URY,1991,11206176650.9075,20.511971333467404
URY,1992,12878148790.7348,14.92009444355762
URY,1993,15002136971.1745,16.49296195403338
URY,1994,17474588895.8918,16.480664917724287
URY,1995,19297663096.5506,10.432715822501514
URY,1996,20515458113.5857,6.310582845923873
URY,1997,23969739233.8966,16.837455450353378
URY,1998,25385886977.5228,5.908064872160024
URY,1999,23983945190.6202,-5.522524338597689
URY,2000,22823270892.1094,-4.839380215748335
URY,2001,20898761742.2386,-8.43222322938888
URY,2002,13606515722.5864,-34.893196590273604
URY,2003,12045638351.8507,-11.471543505768267
URY,2004,13686329890.1191,13.620627569449839
URY,2005,17362857683.8545,26.862773462662794
URY,2006,19741420739.8901,13.699145033293657
URY,2007,23797773024.3992,20.547418232734984
URY,2008,31119602538.8322,30.766868424730866
URY,2009,32708319077.5179,5.105195468686463
URY,2010,41950361211.9581,28.255937312268454
URY,2011,50342406067.0777,20.00470225445261
URY,2012,54232266358.7811,7.726806475082726
URY,2013,61337621933.7857,13.101712415996293
URY,2014,61496186973.902,0.25851188082817167
URY,2015,57680327998.6689,-6.205033454923781
URY,2016,57480788380.312,-0.34594050568074186
URY,2017,65006047680.3225,13.091781640538546
URY,2018,65203071817.9812,0.30308585845366665
URY,2019,62048585618.505,-4.8379410839448855
URY,2020,53666908053.7655,-13.508249190840205
URY,2021,61412268248.9461,14.432283274864655
URY,2022,71177146197.4951,15.900532950460722
USA,1960,543300000000.0,
USA,1961,563300000000.0,3.6812074360390135
USA,1962,605100000000.0,7.420557429433705
USA,1963,638600000000.0,5.536274995868462
USA,1964,685800000000.0,7.391168180394603
USA,1965,743700000000.0,8.442694663167094
USA,1966,815000000000.0,9.587199139437953
USA,1967,861700000000.0,5.7300613496932495
USA,1968,942500000000.0,9.376813276082153
USA,1969,1019900000000.0,8.212201591511947
USA,1970,1073303000000.0,5.236101578586139
USA,1971,1164850000000.0,8.529464652572472
USA,1972,1279110000000.0,9.808988281753006
USA,1973,1425376000000.0,11.434982136016458
USA,1974,1545243000000.0,8.40950037042858
USA,1975,1684904000000.0,9.038125395164375
USA,1976,1873412000000.0,11.18805581801694
USA,1977,2081826000000.0,11.12483532719979
USA,1978,2351599000000.0,12.958479719246462
USA,1979,2627333000000.0,11.725383451855521
USA,1980,2857307000000.0,8.753134832927545
USA,1981,3207041000000.0,12.239986812757596
USA,1982,3343789000000.0,4.263992883159284
USA,1983,3634038000000.0,8.680242682776939
USA,1984,4037613000000.0,11.10541496814288
USA,1985,4338979000000.0,7.463964476040674
USA,1986,4579631000000.0,5.5462817404739795
USA,1987,4855215000000.0,6.017602728254734
USA,1988,5236438000000.0,7.851825305367521
USA,1989,5641580000000.0,7.73697692973736
USA,1990,5963144000000.0,5.699892583283406
USA,1991,6158129000000.0,3.2698355095902354
USA,1992,6520327000000.0,5.881624110180228
USA,1993,6858559000000.0,5.187347198997849
USA,1994,7287236000000.0,6.250248776747425
USA,1995,7639749000000.0,4.8374033721427345
USA,1996,8073122000000.0,5.672607830440501
USA,1997,8577554457000.0,6.248294736534388
USA,1998,9062818202000.0,5.657367113583112
USA,1999,9631174489000.0,6.271297452205027
USA,2000,10250947997000.0,6.435077141503953
USA,2001,10581929774000.0,3.2287918843882935
USA,2002,10929112955000.0,3.2809061146203744
USA,2003,11456442041000.0,4.824994381257186
USA,2004,12217193198000.0,6.6403788739771485
USA,2005,13039199193000.0,6.728272048072093
USA,2006,13815586948000.0,5.954259487168501
USA,2007,14474226905000.0,4.767368621246648
USA,2008,14769857911000.0,2.0424649132581685
USA,2009,14478064934000.0,-1.975597725843281
USA,2010,15048964444000.0,3.9432031324801553
USA,2011,15599728123000.0,3.659811152119441
USA,2012,16253972230000.0,4.193945572906443
USA,2013,16843190993000.0,3.625075487162932
USA,2014,17550680174000.0,4.200446229541854
USA,2015,18206020741000.0,3.7339895690814195
USA,2016,18695110842000.0,2.6864195529480384
USA,2017,19477336549000.0,4.184119118687812
USA,2018,20533057312000.0,5.420252201034148
USA,2019,21380976119000.0,4.1295302210277995
USA,2020,21060473613000.0,-1.499007829278609
USA,2021,23315080560000.0,10.705395274721162
USA,2022,25439700000000.0,9.112640355380353
UZB,1960,,
UZB,1961,,
UZB,1962,,
UZB,1963,,
UZB,1964,,
UZB,1965,,
UZB,1966,,
UZB,1967,,
UZB,1968,,
UZB,1969,,
UZB,1970,,
UZB,1971,,
UZB,1972,,
UZB,1973,,
UZB,1974,,
UZB,1975,,
UZB,1976,,
UZB,1977,,
UZB,1978,,
UZB,1979,,
UZB,1980,,
UZB,1981,,
UZB,1982,,
UZB,1983,,
UZB,1984,,
UZB,1985,,
UZB,1986,,
UZB,1987,,
UZB,1988,,
UZB,1989,,
UZB,1990,13360607990.6751,
UZB,1991,13677622222.2222,2.372753034654984
UZB,1992,12941297376.0933,-5.383427281187691
UZB,1993,13099013835.5111,1.218706709492312
UZB,1994,12899156990.6156,-1.5257396274648838
UZB,1995,13350468917.4115,3.4987707113281807
UZB,1996,13948892215.5689,4.482414077433217
UZB,1997,14744603773.5849,5.704478504234745
UZB,1998,14988971210.8383,1.6573347172013309
UZB,1999,17078465982.0282,13.940214720534104
UZB,2000,13760513969.314,-19.427693425192327
UZB,2001,11401421329.1974,-17.1439282382721
UZB,2002,9687788512.80184,-15.029992901035872
UZB,2003,10134453435.4603,4.610597372849545
UZB,2004,12030023547.8807,18.704216507501314
UZB,2005,14307509838.8053,18.931686059133447
UZB,2006,17330833852.919,21.13102872670225
UZB,2007,22311393927.8817,28.73814449570662
UZB,2008,29549438883.8338,32.44102533148767
UZB,2009,33689223673.2577,14.009690017121557
UZB,2010,49765676402.4495,47.71986699697444
UZB,2011,60178909297.208,20.924528003091613
UZB,2012,67517349212.0609,12.194371750093126
UZB,2013,73180037911.4173,8.387012768482393
UZB,2014,80845385816.4497,10.47464325491485
UZB,2015,86196264741.8842,6.618657170593578
UZB,2016,86138288632.5513,-0.06726058200609009
UZB,2017,62081322740.0162,-27.92830723066406
UZB,2018,52870108217.2949,-14.837336120069422
UZB,2019,60283503705.3907,14.021903374260036
UZB,2020,60224701296.7885,-0.09754311708485286
UZB,2021,69600614987.3509,15.568219499101744
UZB,2022,80391853887.4049,15.504516593732953
VCT,1960,13066634.0000817,
VCT,1961,13999965.0000875,7.142857142856873
VCT,1962,14524963.6875908,3.750000000000142
VCT,1963,13708299.0625857,-5.622489959839316
VCT,1964,14758296.4375922,7.659574468084629
VCT,1965,15108295.5625944,2.371541501976382
VCT,1966,16099959.7501006,6.563706563706573
VCT,1967,15835106.0327781,-1.645058257495613
VCT,1968,15350000.0,-3.063484587813603
VCT,1969,16650000.0,8.469055374592838
VCT,1970,18450000.0,10.81081081081081
VCT,1971,20051922.3261445,8.682505832761533
VCT,1972,27585804.8653032,37.5718717468585
VCT,1973,30165081.0858817,9.350012563246457
VCT,1974,32923702.7281866,9.145082801040537
VCT,1975,33237225.9880652,0.9522721744483098
VCT,1976,32792844.6829448,-1.3369987774550451
VCT,1977,49353161.8518519,50.49978838072544
VCT,1978,60844771.4814815,23.284444599770637
VCT,1979,71096359.6296296,16.848757746207067
VCT,1980,82340339.6296296,15.815127607903623
VCT,1981,102086539.259259,23.98119769538074
VCT,1982,113759203.333333,11.43408735252558
VCT,1983,122255349.62963,7.4685353337100135
VCT,1984,135024987.777778,10.445054704627111
VCT,1985,145641705.185185,7.862779758128768
VCT,1986,160846656.666667,10.43997079143557
VCT,1987,175580647.407407,9.160271681166599
VCT,1988,200726712.592593,14.321661046640632
VCT,1989,214745002.222222,6.983768850975669
VCT,1990,240366666.666667,11.931204069620783
VCT,1991,254829629.62963,6.017041865051853
VCT,1992,277955555.555556,9.075053775943264
VCT,1993,286307407.407407,3.004743630742679
VCT,1994,289437037.037037,1.0931011733051887
VCT,1995,316007407.407407,9.180017402876462
VCT,1996,331488888.888889,4.899088160146459
VCT,1997,347770370.37037,4.911622086657119
VCT,1998,373618518.518519,7.4325331742957745
VCT,1999,390718518.518519,4.5768609296469975
VCT,2000,427946037.037037,9.527963675659134
VCT,2001,462072333.333333,7.974439144845391
VCT,2002,487763851.851852,5.560064229161599
VCT,2003,509090888.888889,4.372410328495335
VCT,2004,549900185.185185,8.016112090586391
VCT,2005,579948925.925926,5.464399094650552
VCT,2006,643501148.148148,10.958244662796247
VCT,2007,713596666.666667,10.89283503537457
VCT,2008,732663259.259259,2.6719004562697046
VCT,2009,714300259.259259,-2.506335587042463
VCT,2010,720447888.888889,0.8606506227514465
VCT,2011,713796370.37037,-0.9232476937058198
VCT,2012,730032592.592593,2.274629417602436
VCT,2013,764781259.259259,4.759878808049067
VCT,2014,770900000.0,0.8000641577785794
VCT,2015,786555555.555555,2.0308153529063455
VCT,2016,814303703.703704,3.52780524556211
VCT,2017,844037037.037037,3.6513813210104162
VCT,2018,884329629.62963,4.773794374478957
VCT,2019,910766666.666667,2.989500312017057
VCT,2020,869111111.111111,-4.573680293769633
VCT,2021,872222222.222222,0.3579647149066556
VCT,2022,948559259.259259,8.752016985138011
VEN,1960,7663938303.07172,
VEN,1961,8067267030.61863,5.262682338990854
VEN,1962,8814309884.21165,9.260172630429642
VEN,1963,9608717288.17057,9.012701100762023
VEN,1964,8192413793.10345,-14.739776939953808
VEN,1965,8427777777.77778,2.8729503979946003
VEN,1966,8781333333.33333,4.195121951219449
VEN,1967,9250000000.0,5.337078651685423
VEN,1968,10034444444.4444,8.48048048048
VEN,1969,10285111111.1111,2.4980622300966537
VEN,1970,11561111111.1111,12.40628308450189
VEN,1971,12986590909.0909,12.32995500415015
VEN,1972,13977727272.7273,7.631998039936594
VEN,1973,17035581395.3488,21.876618873426178
VEN,1974,26100930232.5581,53.214202831283465
VEN,1975,27464651162.7907,5.224798189497104
VEN,1976,31419534883.7209,14.399905163508153
VEN,1977,36210697674.4186,15.248993368072107
VEN,1978,39316279069.7674,8.576419662697553
VEN,1979,48310930232.5581,22.877676564533324
VEN,1980,59116511627.907,22.36674256391511
VEN,1981,66327441860.4651,12.197827703274111
VEN,1982,67736744186.0465,2.124765083728364
VEN,1983,67556279069.7674,-0.26642130271781195
VEN,1984,59867743467.9335,-11.380934100727657
VEN,1985,61965466666.6667,3.5039289560943487
VEN,1986,60516123711.3402,-2.3389526994495258
VEN,1987,48029034482.7586,-20.634317703732286
VEN,1988,60226413793.1034,25.395845329190216
VEN,1989,43536709104.0115,-27.71160299603139
VEN,1990,48606952194.7752,11.645903411419134
VEN,1991,53453444786.6256,9.970780666168476
VEN,1992,60416519620.0849,13.026428626357678
VEN,1993,60037460783.1941,-0.6274092570615175
VEN,1994,58418666666.6667,-2.696306764826628
VEN,1995,77389487770.0883,32.47390292501527
VEN,1996,70543211119.099,-8.846520177686779
VEN,1997,85837678559.8324,21.680991264930594
VEN,1998,91336763255.0597,6.4063762994175155
VEN,1999,97972842461.5131,7.265507305007124
VEN,2000,117146466002.661,19.570345270608946
VEN,2001,122911036746.729,4.920823427944532
VEN,2002,92893587733.6549,-24.42209406705126
VEN,2003,83620628582.1082,-9.982345797789826
VEN,2004,112451400424.964,34.478061611969935
VEN,2005,145513489651.872,29.401224975379026
VEN,2006,183477522123.894,26.089699699215195
VEN,2007,230364012575.687,25.554351240983465
VEN,2008,315953388510.678,37.153969918313635
VEN,2009,329787628928.471,4.378570042563568
VEN,2010,393192354510.653,19.225926026453255
VEN,2011,316482190800.364,-19.50957663094912
VEN,2012,381286237847.667,20.476364525731295
VEN,2013,371005379786.566,-2.6963622183521996
VEN,2014,482359318767.703,30.014103581246545
VEN,2015,,
VEN,2016,,
VEN,2017,,
VEN,2018,,
VEN,2019,,
VEN,2020,,
VEN,2021,,
VEN,2022,,
VGB,1960,,
VGB,1961,,
VGB,1962,,
VGB,1963,,
VGB,1964,,
VGB,1965,,
VGB,1966,,
VGB,1967,,
VGB,1968,,
VGB,1969,,
VGB,1970,,
VGB,1971,,
VGB,1972,,
VGB,1973,,
VGB,1974,,
VGB,1975,,
VGB,1976,,
VGB,1977,,
VGB,1978,,
VGB,1979,,
VGB,1980,,
VGB,1981,,
VGB,1982,,
VGB,1983,,
VGB,1984,,
VGB,1985,,
VGB,1986,,
VGB,1987,,
VGB,1988,,
VGB,1989,,
VGB,1990,,
VGB,1991,,
VGB,1992,,
VGB,1993,,
VGB,1994,,
VGB,1995,,
VGB,1996,,
VGB,1997,,
VGB,1998,,
VGB,1999,,
VGB,2000,,
VGB,2001,,
VGB,2002,,
VGB,2003,,
VGB,2004,,
VGB,2005,,
VGB,2006,,
VGB,2007,,
VGB,2008,,
VGB,2009,,
VGB,2010,,
VGB,2011,,
VGB,2012,,
VGB,2013,,
VGB,2014,,
VGB,2015,,
VGB,2016,,
VGB,2017,,
VGB,2018,,
VGB,2019,,
VGB,2020,,
VGB,2021,,
VGB,2022,,
VIR,1960,,
VIR,1961,,
VIR,1962,,
VIR,1963,,
VIR,1964,,
VIR,1965,,
VIR,1966,,
VIR,1967,,
VIR,1968,,
VIR,1969,,
VIR,1970,,
VIR,1971,,
VIR,1972,,
VIR,1973,,
VIR,1974,,
VIR,1975,,
VIR,1976,,
VIR,1977,,
VIR,1978,,
VIR,1979,,
VIR,1980,,
VIR,1981,,
VIR,1982,,
VIR,1983,,
VIR,1984,,
VIR,1985,,
VIR,1986,,
VIR,1987,,
VIR,1988,,
VIR,1989,,
VIR,1990,,
VIR,1991,,
VIR,1992,,
VIR,1993,,
VIR,1994,,
VIR,1995,,
VIR,1996,,
VIR,1997,,
VIR,1998,,
VIR,1999,,
VIR,2000,,
VIR,2001,,
VIR,2002,3262000000.0,
VIR,2003,3443000000.0,5.548743102391174
VIR,2004,3797000000.0,10.281731048504206
VIR,2005,4428000000.0,16.61838293389517
VIR,2006,4484000000.0,1.2646793134597933
VIR,2007,4784000000.0,6.690454950936653
VIR,2008,4244000000.0,-11.287625418060198
VIR,2009,4201000000.0,-1.0131950989632377
VIR,2010,4324000000.0,2.927874315639123
VIR,2011,4223000000.0,-2.335800185013881
VIR,2012,4089000000.0,-3.1730996921619736
VIR,2013,3738000000.0,-8.58400586940572
VIR,2014,3565000000.0,-4.628143392188333
VIR,2015,3663000000.0,2.7489481065918753
VIR,2016,3798000000.0,3.6855036855036882
VIR,2017,3794000000.0,-0.10531858873090716
VIR,2018,3923000000.0,3.4001054296257216
VIR,2019,4121000000.0,5.047157787407586
VIR,2020,4189000000.0,1.6500849308420218
VIR,2021,4444000000.0,6.08737168775364
VIR,2022,,
VNM,1960,,
VNM,1961,,
VNM,1962,,
VNM,1963,,
VNM,1964,,
VNM,1965,,
VNM,1966,,
VNM,1967,,
VNM,1968,,
VNM,1969,,
VNM,1970,,
VNM,1971,,
VNM,1972,,
VNM,1973,,
VNM,1974,,
VNM,1975,,
VNM,1976,,
VNM,1977,,
VNM,1978,,
VNM,1979,,
VNM,1980,,
VNM,1981,,
VNM,1982,,
VNM,1983,,
VNM,1984,,
VNM,1985,14094687820.7445,
VNM,1986,26336616250.4397,86.85491005822482
VNM,1987,36658108850.3148,39.19065570810667
VNM,1988,25423812648.5941,-30.646142297174784
VNM,1989,6293304974.59403,-75.24641539182346
VNM,1990,6471740805.56984,2.835327887273098
VNM,1991,9613369520.41885,48.54379693552
VNM,1992,9866990236.43587,2.638208335571912
VNM,1993,13180953598.1716,33.586365064984534
VNM,1994,16286433533.3228,23.56035860396304
VNM,1995,20736164458.9505,27.32170254784969
VNM,1996,24657470574.7501,18.910469790892392
VNM,1997,26843700441.5482,8.866399577241534
VNM,1998,27209602050.0452,1.363081849664316
VNM,1999,28683659006.7752,5.417414609808868
VNM,2000,31172518403.3162,8.676924362938209
VNM,2001,32685198808.5549,4.852608909127398
VNM,2002,35064105500.8344,7.278238404524706
VNM,2003,39552513231.9169,12.800576735019508
VNM,2004,45427854693.2554,14.854533836796492
VNM,2005,57633255738.1992,26.867658900819546
VNM,2006,66371664817.0436,15.16209516002165
VNM,2007,77414425532.2452,16.63776363850664
VNM,2008,99130304099.1274,28.051462524690507
VNM,2009,106014659565.214,6.944753704379303
VNM,2010,147201173196.979,38.84982869414344
VNM,2011,172595049183.925,17.251136954570924
VNM,2012,195590661129.249,13.3234481835101
VNM,2013,213708811665.34,9.263300421137322
VNM,2014,233451469642.519,9.238111345682487
VNM,2015,239258328381.741,2.4873943814163857
VNM,2016,257096001177.982,7.455403085396739
VNM,2017,281353605986.903,9.435232247011104
VNM,2018,310106478394.659,10.219478903389078
VNM,2019,334365270496.667,7.8227298660735745
VNM,2020,346615738537.796,3.6637979844414303
VNM,2021,366137569122.215,5.632124688501494
VNM,2022,408802378904.838,11.652671941016157
VUT,1960,,
VUT,1961,,
VUT,1962,,
VUT,1963,,
VUT,1964,,
VUT,1965,,
VUT,1966,,
VUT,1967,,
VUT,1968,,
VUT,1969,,
VUT,1970,,
VUT,1971,,
VUT,1972,,
VUT,1973,,
VUT,1974,,
VUT,1975,,
VUT,1976,,
VUT,1977,,
VUT,1978,,
VUT,1979,119258835.335525,
VUT,1980,121185497.569261,1.6155299758843666
VUT,1981,113781795.82356,-6.109395838779774
VUT,1982,114501912.522867,0.6328927172354337
VUT,1983,117389554.191406,2.521915664912866
VUT,1984,144482515.368336,23.079533237475623
VUT,1985,131856420.703184,-8.738839182695369
VUT,1986,126498935.335649,-4.063120581435308
VUT,1987,139464173.547324,10.249286428595926
VUT,1988,158351368.433149,13.54268584212135
VUT,1989,154013202.116475,-2.7395824612058584
VUT,1990,168879207.244148,9.652422599739442
VUT,1991,201334169.054441,19.217855377170867
VUT,1992,209088824.608438,3.85163412172731
VUT,1993,200491853.167847,-4.111636026789367
VUT,1994,233701301.490486,16.56398890923354
VUT,1995,249333250.082507,6.68885816738054
VUT,1996,261370044.486614,4.827592950448389
VUT,1997,272771209.113662,4.362077777291695
VUT,1998,262293410.708334,-3.8412405911072423
VUT,1999,268006972.690296,2.178309385101329
VUT,2000,272014627.835262,1.4953548054129184
VUT,2001,257926881.72043,-5.17903990198787
VUT,2002,262596535.549028,1.8104564353472519
VUT,2003,314471413.001776,19.754593237222153
VUT,2004,364996869.129618,16.06678827991168
VUT,2005,394962433.029368,8.209813955721511
VUT,2006,439358586.535588,11.240601584738297
VUT,2007,516392922.513728,17.53336302940336
VUT,2008,590748429.401902,14.399017423829473
VUT,2009,592622319.145664,0.3172060475318039
VUT,2010,670712979.682038,13.177137953385042
VUT,2011,770153588.218833,14.826104689957909
VUT,2012,747839697.746593,-2.8973299369865035
VUT,2013,758304466.245339,1.399333109793277
VUT,2014,772315983.81843,1.847742984090206
VUT,2015,730870802.967051,-5.366350265919473
VUT,2016,780889605.899977,6.843727062275451
VUT,2017,880061833.690341,12.699903679223357
VUT,2018,914736985.430944,3.9400813003332535
VUT,2019,936526267.622513,2.3820270240088703
VUT,2020,909421043.508407,-2.8942299913184533
VUT,2021,971636097.850666,6.841171620819653
VUT,2022,1055811723.74753,8.663287220706085
WLD,1960,1381135479871.29,
WLD,1961,1446355951851.15,4.722235648159434
WLD,1962,1546369168288.82,6.914841143334471
WLD,1963,1670666024902.52,8.037980785095723
WLD,1964,1832615520368.05,9.693708560032487
WLD,1965,1994519203522.57,8.834569027441418
WLD,1966,2161644938244.92,8.379249215910534
WLD,1967,2308597009339.41,6.798159517066815
WLD,1968,2491804907882.13,7.935897768278899
WLD,1969,2745215843083.19,10.169774302934599
WLD,1970,3009970148766.35,9.644207261524862
WLD,1971,3323043011474.53,10.401194936650594
WLD,1972,3835299184390.58,15.41527362562627
WLD,1973,4655916456683.01,21.396434354646665
WLD,1974,5333766079846.99,14.558887159390688
WLD,1975,5965065154144.34,11.835897278709684
WLD,1976,6480247175250.14,8.636653712790832
WLD,1977,7329899696227.95,13.111421493656428
WLD,1978,8738280397493.85,19.214187910247517
WLD,1979,10163180097207.1,16.306408525433834
WLD,1980,11495788728590.5,13.112122570273144
WLD,1981,11853208811986.8,3.1091392842613974
WLD,1982,11684061489731.6,-1.42701714732425
WLD,1983,12000649159392.4,2.709568671296614
WLD,1984,12460879740359.9,3.83504737831033
WLD,1985,12977172366636.7,4.143307992970713
WLD,1986,15348791135000.6,18.275312227963838
WLD,1987,17551012270510.1,14.347847437233451
WLD,1988,19641101601883.3,11.908654037494193
WLD,1989,20434564489549.1,4.03980847789982
WLD,1990,22935041260489.8,12.236506299018624
WLD,1991,23932506768140.4,4.349089658578165
WLD,1992,25623906924793.2,7.067375653704766
WLD,1993,26235071296754.4,2.3851334371256527
WLD,1994,27997506090383.2,6.71785783881913
WLD,1995,31175460550856.0,11.35084835847
WLD,1996,31899770175146.7,2.3233325554538276
WLD,1997,31797633354814.9,-0.32018042691535076
WLD,1998,31748589989088.2,-0.15423589919238978
WLD,1999,32784571900951.0,3.2630800681821226
WLD,2000,33898969364124.9,3.3991520967262323
WLD,2001,33689211605170.5,-0.6187732632850551
WLD,2002,34982494436235.9,3.8388634504789465
WLD,2003,39219228352279.8,12.11101147680127
WLD,2004,44195418733419.1,12.68813944130045
WLD,2005,47859243040843.6,8.290054517922329
WLD,2006,51862621936457.3,8.364902245104822
WLD,2007,58446784384979.0,12.695390635260772
WLD,2008,64227645495873.9,9.890811225502771
WLD,2009,60885970983756.1,-5.202860055538661
WLD,2010,66707071764655.2,9.560660176466795
WLD,2011,73965141177386.5,10.880509698189144
WLD,2012,75612548773168.4,2.227275672780804
WLD,2013,77714723867935.4,2.7801934055593724
WLD,2014,79837156825125.5,2.7310564221997957
WLD,2015,75283270551825.6,-5.703968495865519
WLD,2016,76518978973625.2,1.6414117143714435
WLD,2017,81484101071460.5,6.488745882961511
WLD,2018,86542678179030.5,6.208054137007291
WLD,2019,87777403956321.1,1.4267247134833516
WLD,2020,85257737349905.5,-2.8705184852236054
WLD,2021,97529676807424.8,14.393930497069295
WLD,2022,101325686724630.0,3.8921588192079692
WSM,1960,,
WSM,1961,,
WSM,1962,,
WSM,1963,,
WSM,1964,,
WSM,1965,,
WSM,1966,,
WSM,1967,,
WSM,1968,,
WSM,1969,,
WSM,1970,,
WSM,1971,,
WSM,1972,,
WSM,1973,,
WSM,1974,,
WSM,1975,,
WSM,1976,,
WSM,1977,,
WSM,1978,,
WSM,1979,,
WSM,1980,,
WSM,1981,,
WSM,1982,121221651.619316,
WSM,1983,111862823.574979,-7.720426111440403
WSM,1984,109200934.328518,-2.379601337951931
WSM,1985,95572172.9835657,-12.480443897990645
WSM,1986,100947848.64478,5.62472892830288
WSM,1987,111713922.141578,10.66498557555413
WSM,1988,133016065.416065,19.068476753944985
WSM,1989,122888609.715243,-7.613708666802044
WSM,1990,125766269.755358,2.3416816634048487
WSM,1991,125597205.422315,-0.13442740519525875
WSM,1992,132303041.36253,5.339160149039079
WSM,1993,133122897.196262,0.6196802622892683
WSM,1994,221098106.508876,66.08570814298974
WSM,1995,224865731.381903,1.7040511710016526
WSM,1996,249907868.772424,11.136484530846747
WSM,1997,285475591.89651,14.232334219325992
WSM,1998,269485244.15511,-5.60130119537392
WSM,1999,255408060.259486,-5.223730872448618
WSM,2000,258856139.798489,1.3500276911777576
WSM,2001,266299591.479428,2.8755167587423136
WSM,2002,281790134.211972,5.816960757050449
WSM,2003,333426188.41876,18.324294550335686
WSM,2004,407747565.096959,22.29020372714592
WSM,2005,476801793.159429,16.93553413275428
WSM,2006,499923757.780736,4.8493870939733785
WSM,2007,573548459.833372,14.727186077227273
WSM,2008,641346191.664776,11.820750395023394
WSM,2009,628006115.424052,-2.0800117649559025
WSM,2010,680260907.153983,8.320745681695584
WSM,2011,744097050.169115,9.384067545819153
WSM,2012,773141661.165548,3.903336398099122
WSM,2013,797736334.281305,3.1811341117848
WSM,2014,796683519.593842,-0.13197527080315297
WSM,2015,824150498.653536,3.447665024336999
WSM,2016,843924796.697421,2.39935522409942
WSM,2017,884844384.463214,4.848724427333573
WSM,2018,878448433.404342,-0.7228334350284693
WSM,2019,912950466.064906,3.9276104718924287
WSM,2020,868898358.266437,-4.825246213887913
WSM,2021,843923638.733018,-2.874297010210347
WSM,2022,832945205.637185,-1.3008799128218507
XKX,1960,,
XKX,1961,,
XKX,1962,,
XKX,1963,,
XKX,1964,,
XKX,1965,,
XKX,1966,,
XKX,1967,,
XKX,1968,,
XKX,1969,,
XKX,1970,,
XKX,1971,,
XKX,1972,,
XKX,1973,,
XKX,1974,,
XKX,1975,,
XKX,1976,,
XKX,1977,,
XKX,1978,,
XKX,1979,,
XKX,1980,,
XKX,1981,,
XKX,1982,,
XKX,1983,,
XKX,1984,,
XKX,1985,,
XKX,1986,,
XKX,1987,,
XKX,1988,,
XKX,1989,,
XKX,1990,,
XKX,1991,,
XKX,1992,,
XKX,1993,,
XKX,1994,,
XKX,1995,,
XKX,1996,,
XKX,1997,,
XKX,1998,,
XKX,1999,,
XKX,2000,,
XKX,2001,,
XKX,2002,,
XKX,2003,,
XKX,2004,,
XKX,2005,,
XKX,2006,,
XKX,2007,,
XKX,2008,5181776768.71247,
XKX,2009,5015894692.97027,-3.2012586251070174
XKX,2010,5343950556.07185,6.5403259673961545
XKX,2011,6341613609.97976,18.669017301710532
XKX,2012,6163484244.63408,-2.808896541179351
XKX,2013,6735328609.6594,9.27793991723378
XKX,2014,7074394734.88431,5.034143764546872
XKX,2015,6295848422.71573,-11.005129644936495
XKX,2016,6682677289.98994,6.144189651683996
XKX,2017,7180764703.35718,7.45341113678093
XKX,2018,7878759714.82322,9.720343728011471
XKX,2019,7899737577.47286,0.2662584392588041
XKX,2020,7717145217.81247,-2.3113724711701256
XKX,2021,9412034299.23122,21.962643355559266
XKX,2022,9409473517.95304,-0.027207521740435503
YEM,1960,,
YEM,1961,,
YEM,1962,,
YEM,1963,,
YEM,1964,,
YEM,1965,,
YEM,1966,,
YEM,1967,,
YEM,1968,,
YEM,1969,,
YEM,1970,,
YEM,1971,,
YEM,1972,,
YEM,1973,,
YEM,1974,,
YEM,1975,,
YEM,1976,,
YEM,1977,,
YEM,1978,,
YEM,1979,,
YEM,1980,,
YEM,1981,,
YEM,1982,,
YEM,1983,,
YEM,1984,,
YEM,1985,,
YEM,1986,,
YEM,1987,,
YEM,1988,,
YEM,1989,,
YEM,1990,12643821568.9626,
YEM,1991,14665445462.1149,15.989025803044221
YEM,1992,17959367194.005,22.460427406717763
YEM,1993,21736802664.4463,21.03323257237171
YEM,1994,28019483763.5304,28.90342796072918
YEM,1995,12796345679.0123,-54.33054446325036
YEM,1996,6496163615.66086,-49.23422843823742
YEM,1997,6838298530.54911,5.266722563197712
YEM,1998,6322175565.94651,-7.547534847987336
YEM,1999,7639325295.88287,20.83380501217014
YEM,2000,9679316770.18633,26.70381735678793
YEM,2001,9852990692.98714,1.7942787381000969
YEM,2002,10693430511.4664,8.52979409670449
YEM,2003,11777532683.2358,10.138020447291751
YEM,2004,13867634396.2337,17.746515923262617
YEM,2005,16731566688.396,20.6519166162912
YEM,2006,19063143369.858,13.935196415760887
YEM,2007,21650528638.3687,13.572710535250888
YEM,2008,26910855851.5641,24.29653012662767
YEM,2009,25130278253.5659,-6.616577368700483
YEM,2010,30906749533.221,22.98610155196128
YEM,2011,32726417878.2943,5.887608281541801
YEM,2012,35401331609.4492,8.173561008426255
YEM,2013,40415233436.0816,14.163031724191132
YEM,2014,43228585321.3875,6.96111749485584
YEM,2015,42444489460.8016,-1.8138365036848958
YEM,2016,31317824906.4394,-26.214626906133276
YEM,2017,26842228804.5628,-14.290890619789975
YEM,2018,21606160777.1719,-19.506830321410728
YEM,2019,,
YEM,2020,,
YEM,2021,,
YEM,2022,,
ZAF,1960,8748596500.5614,
ZAF,1961,9225996309.60148,5.456873099696002
ZAF,1962,9813996074.40157,6.373292867981739
ZAF,1963,10854195658.3217,10.599144079885514
ZAF,1964,11955995217.6019,10.150909325422685
ZAF,1965,13068994772.4021,9.30913348946154
ZAF,1966,14211394315.4423,8.741296197107795
ZAF,1967,15821393671.4425,11.328933110037976
ZAF,1968,17124793150.0827,8.238209008052365
ZAF,1969,19256992297.2031,12.45094833224365
ZAF,1970,21218391512.6434,10.18538713195194
ZAF,1971,23411076638.279,10.33388946720606
ZAF,1972,24515919216.8851,4.719315543137359
ZAF,1973,33262772008.1446,35.67825751862972
ZAF,1974,41389186094.5992,24.430958683974957
ZAF,1975,42906905672.42,3.666947144966559
ZAF,1976,41150460287.6151,-4.0936193306848505
ZAF,1977,45328411332.1028,10.152865886035123
ZAF,1978,51607412901.8532,13.852242744063359
ZAF,1979,63038658088.9121,22.15039379865602
ZAF,1980,89411864402.4272,41.836560474236826
ZAF,1981,93141472163.7596,4.1712671872561335
ZAF,1982,85904057409.3585,-7.770346104983616
ZAF,1983,96204110941.5672,11.9901828188695
ZAF,1984,84870163365.9306,-11.781146839474099
ZAF,1985,64459376086.6883,-24.049426170229093
ZAF,1986,73354771399.2627,13.800002191475457
ZAF,1987,96535763418.3729,31.60120545252383
ZAF,1988,103976831870.957,7.70809510288486
ZAF,1989,108055624081.806,3.922789469014676
ZAF,1990,126048140141.869,16.651161115354206
ZAF,1991,135203698237.977,7.263540807348123
ZAF,1992,146956150986.636,8.692404795002773
ZAF,1993,147194747565.75,0.16235902853478645
ZAF,1994,153512712381.836,4.292248820402955
ZAF,1995,171735933897.331,11.870822443790786
ZAF,1996,163234925380.563,-4.9500464601952014
ZAF,1997,168978057327.73,3.5183230143779554
ZAF,1998,152982984557.233,-9.465769120232482
ZAF,1999,151516957078.536,-0.9582944684600081
ZAF,2000,151752757215.309,0.1556262357161442
ZAF,2001,135429905922.526,-10.756213984055584
ZAF,2002,129087556612.449,-4.683123174954574
ZAF,2003,197018965308.697,52.62428887719515
ZAF,2004,255806908594.573,29.838722984746546
ZAF,2005,288867217196.534,12.923931094589047
ZAF,2006,303858675363.643,5.189740224800032
ZAF,2007,333077117253.684,9.615799797413672
ZAF,2008,316131258616.309,-5.087668218428942
ZAF,2009,329754060647.129,4.309223355654979
ZAF,2010,417363822801.713,26.568213286791178
ZAF,2011,458199494830.834,9.784190626536816
ZAF,2012,434400545085.811,-5.194014837098305
ZAF,2013,400886013595.573,-7.715121877579034
ZAF,2014,381198869776.106,-4.910908126450131
ZAF,2015,346709790458.563,-9.047529269381071
ZAF,2016,323585509674.481,-6.669635937738438
ZAF,2017,381448814654.62,17.881920929756113
ZAF,2018,405260723892.868,6.242491344430645
ZAF,2019,389330032221.07,-3.9309735023839387
ZAF,2020,338291396025.956,-13.109349901405288
ZAF,2021,420117812463.841,24.188145899994073
ZAF,2022,405270850099.387,-3.5339997314995597
ZMB,1960,713000000.0,
ZMB,1961,696285714.285714,-2.344219595271524
ZMB,1962,693142857.142857,-0.45137464095198476
ZMB,1963,718714285.714286,3.6892003297609888
ZMB,1964,839428571.428571,16.795865633074825
ZMB,1965,1082857142.85714,28.999319264805724
ZMB,1966,1264285714.28571,16.75461741424793
ZMB,1967,1368000000.0,8.203389830508833
ZMB,1968,1605857142.85714,17.387218045112583
ZMB,1969,1965714285.71429,22.409038341785003
ZMB,1970,1825285714.28571,-7.143895348837626
ZMB,1971,1687000000.0,-7.576113328637179
ZMB,1972,1873249299.71989,11.040266729098413
ZMB,1973,2435736196.31902,30.027337882002094
ZMB,1974,2913063763.60809,19.59684993844679
ZMB,1975,2443545878.69362,-16.117665901446998
ZMB,1976,2742796005.70613,12.246552422927959
ZMB,1977,2514430379.74684,-8.326015696544575
ZMB,1978,2809862671.66042,11.749471939776868
ZMB,1979,3354854981.08449,19.395692000207966
ZMB,1980,3882889733.8403,15.739421099660111
ZMB,1981,4006206896.55172,3.175912043978024
ZMB,1982,3870075349.83854,-3.398015884560357
ZMB,1983,3321048451.15171,-14.186465354214238
ZMB,1984,2719801434.08715,-18.104132652929316
ZMB,1985,2252197452.2293,-17.192577957985833
ZMB,1986,1664509501.79764,-26.0939798972753
ZMB,1987,2265364008.82446,36.097992013737866
ZMB,1988,3728889426.56666,64.60442613377842
ZMB,1989,3994585203.41682,7.125332678335727
ZMB,1990,3285217391.30435,-17.758234609833913
ZMB,1991,3376791460.39604,2.7874584292070903
ZMB,1992,3181921787.7095,-5.77085304117907
ZMB,1993,3273505343.85539,2.8782466149746666
ZMB,1994,3656806165.78848,11.709185770922105
ZMB,1995,3806983413.16416,4.106787195358463
ZMB,1996,3597220962.00017,-5.509938667939885
ZMB,1997,4303288479.7086,19.628138642776992
ZMB,1998,3537741941.89367,-17.789802878071736
ZMB,1999,3404284890.5306,-3.772379488245925
ZMB,2000,3600632111.41414,5.7676495122280125
ZMB,2001,4094441301.21423,13.714513855350452
ZMB,2002,4193850445.42632,2.427904978943274
ZMB,2003,4901869764.05957,16.882321576473803
ZMB,2004,6221110219.45542,26.91300501430085
ZMB,2005,8331870169.14977,33.928991373490256
ZMB,2006,12756858899.2812,53.10918965727212
ZMB,2007,14056957976.2648,10.191373027233652
ZMB,2008,17910858637.9048,27.41632057339376
ZMB,2009,15328342303.9575,-14.418718756910476
ZMB,2010,20265559483.8548,32.20972680537413
ZMB,2011,23459515275.5776,15.760511296356583
ZMB,2012,25503060420.026,8.710943599827159
ZMB,2013,28037239462.7142,9.936764454740743
ZMB,2014,27141023558.0829,-3.1965197780014942
ZMB,2015,21251216798.7762,-21.700754014314438
ZMB,2016,20958412538.3093,-1.3778235064815791
ZMB,2017,25873601260.8353,23.45210408250942
ZMB,2018,26311507273.6735,1.6924818792081187
ZMB,2019,23308667781.2258,-11.412647178340297
ZMB,2020,18110638269.2238,-22.300843449271714
ZMB,2021,22096416933.7902,22.007941439256772
ZMB,2022,29163782138.3415,31.984213665627248
ZWE,1960,1052990400.0,
ZWE,1961,1096646600.0,4.145925736834832
ZWE,1962,1117601600.0,1.910825237592495
ZWE,1963,1159511700.0,3.750003579092942
ZWE,1964,1217138000.0,4.969876543720941
ZWE,1965,1311435800.0,7.747502748250401
ZWE,1966,1281749500.0,-2.2636487428511542
ZWE,1967,1397002000.0,8.99181158252842
ZWE,1968,1479599900.0,5.9125112204563735
ZWE,1969,1747998800.0,18.139964729654288
ZWE,1970,1884206300.0,7.792196424848807
ZWE,1971,2178716300.0,15.630454053783804
ZWE,1972,2677729400.0,22.903996266058147
ZWE,1973,3309353600.0,23.588051877086613
ZWE,1974,3982161400.0,20.330489918031127
ZWE,1975,4371300700.0,9.772062478431941
ZWE,1976,4318372000.0,-1.2108226734436234
ZWE,1977,4364382100.0,1.0654501279648843
ZWE,1978,4351600500.0,-0.29286161722641424
ZWE,1979,5177459400.0,18.978279371003847
ZWE,1980,6678868200.0,28.998948789439073
ZWE,1981,8011373800.0,19.951068955066376
ZWE,1982,8539700700.0,6.594710385377356
ZWE,1983,7764067000.0,-9.082680145921273
ZWE,1984,6352125900.0,-18.18558623978902
ZWE,1985,5637259300.0,-11.253974043556036
ZWE,1986,6217523700.0,10.293377847635998
ZWE,1987,6741215100.0,8.422829172327884
ZWE,1988,7814784100.0,15.925452371338821
ZWE,1989,8286322700.0,6.033929971270746
ZWE,1990,8783816700.0,6.003797076355721
ZWE,1991,8641481700.0,-1.6204231584204143
ZWE,1992,6751472200.0,-21.871359167490922
ZWE,1993,6563813300.0,-2.7795256270180646
ZWE,1994,6890675000.0,4.979753156598776
ZWE,1995,7111270700.0,3.2013656136735458
ZWE,1996,8553146600.0,20.27592480764373
ZWE,1997,8529571600.0,-0.27562955602795647
ZWE,1998,6401968200.0,-24.94384829362356
ZWE,1999,6858013100.0,7.123510860300741
ZWE,2000,6689957600.0,-2.4504983812293935
ZWE,2001,6777384700.0,1.3068408684682842
ZWE,2002,6342116400.0,-6.422363776989082
ZWE,2003,5727591800.0,-9.68958248700702
ZWE,2004,5805598400.0,1.3619441245795505
ZWE,2005,5755215200.0,-0.8678381887386455
ZWE,2006,5443896500.0,-5.409332043743564
ZWE,2007,5291950100.0,-2.7911331525130922
ZWE,2008,4415702800.0,-16.558117205224587
ZWE,2009,9665793300.0,118.89592071277985
ZWE,2010,12041655200.0,24.580102494018785
ZWE,2011,14101920300.0,17.109484250969075
ZWE,2012,17114849900.0,21.365385251822765
ZWE,2013,19091020000.0,11.546523116162422
ZWE,2014,19495519600.0,2.118795119380734
ZWE,2015,19963120600.0,2.3985049364880773
ZWE,2016,20548678100.0,2.933196225844581
ZWE,2017,17584890936.6523,-14.423249753217448
ZWE,2018,34156069918.0609,94.23532418315534
ZWE,2019,21832234921.1762,-36.080951428103724
ZWE,2020,21509698406.6618,-1.4773408021620194
ZWE,2021,28371238665.8646,31.899751123789354
ZWE,2022,27366627153.0852,-3.5409504837309647
